

Microchip MPLAB XC8 Assembler V3.00 build 20241204225717 
                                                                                               Mon Jun 02 22:33:01 2025

Microchip MPLAB XC8 C Compiler v3.00 (Free license) build 20241204225717 Og1 
     1                           	processor	16F877A
     2                           	pagewidth 120
     3                           	opt	flic
     4                           	psect	idataBANK0,global,class=CODE,space=0,delta=2,noexec
     5                           	psect	cinit,global,class=CODE,space=0,merge=1,delta=2
     6                           	psect	bssBANK0,global,class=BANK0,space=1,delta=1,noexec
     7                           	psect	dataBANK0,global,class=BANK0,space=1,delta=1,noexec
     8                           	psect	inittext,global,class=CODE,space=0,delta=2
     9                           	psect	cstackCOMMON,global,class=COMMON,space=1,delta=1,noexec
    10                           	psect	cstackBANK0,global,class=BANK0,space=1,delta=1,noexec
    11                           	psect	maintext,global,class=CODE,space=0,split=1,delta=2
    12                           	psect	text1,local,class=CODE,space=0,merge=1,delta=2
    13                           	psect	text2,local,class=CODE,space=0,merge=1,delta=2
    14                           	psect	text3,local,class=CODE,space=0,merge=1,delta=2,group=1
    15                           	psect	text4,local,class=CODE,space=0,merge=1,delta=2,group=1
    16                           	psect	text5,local,class=CODE,space=0,merge=1,delta=2
    17                           	psect	text6,local,class=CODE,space=0,merge=1,delta=2
    18                           	psect	text7,local,class=CODE,space=0,merge=1,delta=2,group=1
    19                           	psect	text8,local,class=CODE,space=0,merge=1,delta=2,group=1
    20                           	psect	text9,local,class=CODE,space=0,merge=1,delta=2
    21                           	psect	text10,local,class=CODE,space=0,merge=1,delta=2
    22                           	dabs	1,0x7E,2
    23     0000                     
    24                           ; Generated 12/10/2023 GMT
    25                           ; 
    26                           ; Copyright © 2023, Microchip Technology Inc. and its subsidiaries ("Microchip")
    27                           ; All rights reserved.
    28                           ; 
    29                           ; This software is developed by Microchip Technology Inc. and its subsidiaries ("Microch
      +                          ip").
    30                           ; 
    31                           ; Redistribution and use in source and binary forms, with or without modification, are
    32                           ; permitted provided that the following conditions are met:
    33                           ; 
    34                           ;     1. Redistributions of source code must retain the above copyright notice, this lis
      +                          t of
    35                           ;        conditions and the following disclaimer.
    36                           ; 
    37                           ;     2. Redistributions in binary form must reproduce the above copyright notice, this 
      +                          list
    38                           ;        of conditions and the following disclaimer in the documentation and/or other
    39                           ;        materials provided with the distribution. Publication is not required when
    40                           ;        this file is used in an embedded application.
    41                           ; 
    42                           ;     3. Microchip's name may not be used to endorse or promote products derived from th
      +                          is
    43                           ;        software without specific prior written permission.
    44                           ; 
    45                           ; THIS SOFTWARE IS PROVIDED BY MICROCHIP "AS IS" AND ANY EXPRESS OR IMPLIED WARRANTIES,
    46                           ; INCLUDING, BUT NOT LIMITED TO, THE IMPLIED WARRANTIES OF MERCHANTABILITY AND FITNESS F
      +                          OR
    47                           ; PURPOSE ARE DISCLAIMED.  IN NO EVENT SHALL MICROCHIP BE LIABLE FOR ANY DIRECT, INDIREC
      +                          T,
    48                           ; INCIDENTAL, SPECIAL, EXEMPLARY, OR CONSEQUENTIAL DAMAGES (INCLUDING BUT NOT LIMITED TO
    49                           ; PROCUREMENT OF SUBSTITUTE GOODS OR SERVICES; LOSS OF USE, DATA OR PROFITS; OR BUSINESS
    50                           ; INTERRUPTION) HOWSOEVER CAUSED AND ON ANY THEORY OF LIABILITY, WHETHER IN CONTRACT, ST
      +                          RICT
    51                           ; LIABILITY, OR TORT (INCLUDING NEGLIGENCE OR OTHERWISE) ARISING IN ANY WAY OUT OF THE U
      +                          SE OF
    52                           ; THIS SOFTWARE, EVEN IF ADVISED OF THE POSSIBILITY OF SUCH DAMAGE.
    53                           ; 
    54                           ; 
    55                           ; Code-generator required, PIC16F877A Definitions
    56                           ; 
    57                           ; SFR Addresses
    58     0004                     fsr             equ	4
    59     0004                     fsr0            equ	4
    60     0000                     indf            equ	0
    61     0000                     indf0           equ	0
    62     0002                     pc              equ	2
    63     0002                     pcl             equ	2
    64     000A                     pclath          equ	10
    65     0003                     status          equ	3
    66     0000                     INDF            equ	0	;# 
    67     0001                     TMR0            equ	1	;# 
    68     0002                     PCL             equ	2	;# 
    69     0003                     STATUS          equ	3	;# 
    70     0004                     FSR             equ	4	;# 
    71     0005                     PORTA           equ	5	;# 
    72     0006                     PORTB           equ	6	;# 
    73     0007                     PORTC           equ	7	;# 
    74     0008                     PORTD           equ	8	;# 
    75     0009                     PORTE           equ	9	;# 
    76     000A                     PCLATH          equ	10	;# 
    77     000B                     INTCON          equ	11	;# 
    78     000C                     PIR1            equ	12	;# 
    79     000D                     PIR2            equ	13	;# 
    80     000E                     TMR1            equ	14	;# 
    81     000E                     TMR1L           equ	14	;# 
    82     000F                     TMR1H           equ	15	;# 
    83     0010                     T1CON           equ	16	;# 
    84     0011                     TMR2            equ	17	;# 
    85     0012                     T2CON           equ	18	;# 
    86     0013                     SSPBUF          equ	19	;# 
    87     0014                     SSPCON          equ	20	;# 
    88     0015                     CCPR1           equ	21	;# 
    89     0015                     CCPR1L          equ	21	;# 
    90     0016                     CCPR1H          equ	22	;# 
    91     0017                     CCP1CON         equ	23	;# 
    92     0018                     RCSTA           equ	24	;# 
    93     0019                     TXREG           equ	25	;# 
    94     001A                     RCREG           equ	26	;# 
    95     001B                     CCPR2           equ	27	;# 
    96     001B                     CCPR2L          equ	27	;# 
    97     001C                     CCPR2H          equ	28	;# 
    98     001D                     CCP2CON         equ	29	;# 
    99     001E                     ADRESH          equ	30	;# 
   100     001F                     ADCON0          equ	31	;# 
   101     0081                     OPTION_REG      equ	129	;# 
   102     0085                     TRISA           equ	133	;# 
   103     0086                     TRISB           equ	134	;# 
   104     0087                     TRISC           equ	135	;# 
   105     0088                     TRISD           equ	136	;# 
   106     0089                     TRISE           equ	137	;# 
   107     008C                     PIE1            equ	140	;# 
   108     008D                     PIE2            equ	141	;# 
   109     008E                     PCON            equ	142	;# 
   110     0091                     SSPCON2         equ	145	;# 
   111     0092                     PR2             equ	146	;# 
   112     0093                     SSPADD          equ	147	;# 
   113     0094                     SSPSTAT         equ	148	;# 
   114     0098                     TXSTA           equ	152	;# 
   115     0099                     SPBRG           equ	153	;# 
   116     009C                     CMCON           equ	156	;# 
   117     009D                     CVRCON          equ	157	;# 
   118     009E                     ADRESL          equ	158	;# 
   119     009F                     ADCON1          equ	159	;# 
   120     010C                     EEDATA          equ	268	;# 
   121     010D                     EEADR           equ	269	;# 
   122     010E                     EEDATH          equ	270	;# 
   123     010F                     EEADRH          equ	271	;# 
   124     018C                     EECON1          equ	396	;# 
   125     018D                     EECON2          equ	397	;# 
   126     0000                     INDF            equ	0	;# 
   127     0001                     TMR0            equ	1	;# 
   128     0002                     PCL             equ	2	;# 
   129     0003                     STATUS          equ	3	;# 
   130     0004                     FSR             equ	4	;# 
   131     0005                     PORTA           equ	5	;# 
   132     0006                     PORTB           equ	6	;# 
   133     0007                     PORTC           equ	7	;# 
   134     0008                     PORTD           equ	8	;# 
   135     0009                     PORTE           equ	9	;# 
   136     000A                     PCLATH          equ	10	;# 
   137     000B                     INTCON          equ	11	;# 
   138     000C                     PIR1            equ	12	;# 
   139     000D                     PIR2            equ	13	;# 
   140     000E                     TMR1            equ	14	;# 
   141     000E                     TMR1L           equ	14	;# 
   142     000F                     TMR1H           equ	15	;# 
   143     0010                     T1CON           equ	16	;# 
   144     0011                     TMR2            equ	17	;# 
   145     0012                     T2CON           equ	18	;# 
   146     0013                     SSPBUF          equ	19	;# 
   147     0014                     SSPCON          equ	20	;# 
   148     0015                     CCPR1           equ	21	;# 
   149     0015                     CCPR1L          equ	21	;# 
   150     0016                     CCPR1H          equ	22	;# 
   151     0017                     CCP1CON         equ	23	;# 
   152     0018                     RCSTA           equ	24	;# 
   153     0019                     TXREG           equ	25	;# 
   154     001A                     RCREG           equ	26	;# 
   155     001B                     CCPR2           equ	27	;# 
   156     001B                     CCPR2L          equ	27	;# 
   157     001C                     CCPR2H          equ	28	;# 
   158     001D                     CCP2CON         equ	29	;# 
   159     001E                     ADRESH          equ	30	;# 
   160     001F                     ADCON0          equ	31	;# 
   161     0081                     OPTION_REG      equ	129	;# 
   162     0085                     TRISA           equ	133	;# 
   163     0086                     TRISB           equ	134	;# 
   164     0087                     TRISC           equ	135	;# 
   165     0088                     TRISD           equ	136	;# 
   166     0089                     TRISE           equ	137	;# 
   167     008C                     PIE1            equ	140	;# 
   168     008D                     PIE2            equ	141	;# 
   169     008E                     PCON            equ	142	;# 
   170     0091                     SSPCON2         equ	145	;# 
   171     0092                     PR2             equ	146	;# 
   172     0093                     SSPADD          equ	147	;# 
   173     0094                     SSPSTAT         equ	148	;# 
   174     0098                     TXSTA           equ	152	;# 
   175     0099                     SPBRG           equ	153	;# 
   176     009C                     CMCON           equ	156	;# 
   177     009D                     CVRCON          equ	157	;# 
   178     009E                     ADRESL          equ	158	;# 
   179     009F                     ADCON1          equ	159	;# 
   180     010C                     EEDATA          equ	268	;# 
   181     010D                     EEADR           equ	269	;# 
   182     010E                     EEDATH          equ	270	;# 
   183     010F                     EEADRH          equ	271	;# 
   184     018C                     EECON1          equ	396	;# 
   185     018D                     EECON2          equ	397	;# 
   186                           
   187                           	psect	idataBANK0
   188     0408                     __pidataBANK0:
   189                           
   190                           ;initializer for _calibratedVolt
   191     0408  3441               	retlw	65
   192     0409  3444               	retlw	68
   193     040A  3443               	retlw	67
   194     040B  3420               	retlw	32
   195     040C  3456               	retlw	86
   196     040D  3441               	retlw	65
   197     040E  344C               	retlw	76
   198     040F  3455               	retlw	85
   199     0410  3445               	retlw	69
   200     0411  343A               	retlw	58
   201     0412  3420               	retlw	32
   202     0008                     _PORTD          set	8
   203     0006                     _PORTB          set	6
   204     0011                     _TMR2           set	17
   205     0012                     _T2CON          set	18
   206     0017                     _CCP1CON        set	23
   207     0015                     _CCPR1L         set	21
   208     001E                     _ADRESH         set	30
   209     001F                     _ADCON0         set	31
   210     0092                     _TMR2ON         set	146
   211     009F                     _ADCON1         set	159
   212     0088                     _TRISD          set	136
   213     0086                     _TRISB          set	134
   214     0092                     _PR2            set	146
   215     0087                     _TRISC          set	135
   216     009E                     _ADRESL         set	158
   217                           
   218                           	psect	cinit
   219     07E6                     start_initialization:	
   220                           ; #config settings
   221                           
   222     07E6                     __initialization:
   223                           
   224                           ; Initialize objects allocated to BANK0
   225     07E6  1383               	bcf	3,7	;select IRP bank0
   226     07E7  305E               	movlw	low (__pdataBANK0+11)
   227     07E8  00FD               	movwf	btemp+-1
   228     07E9  3004               	movlw	high __pidataBANK0
   229     07EA  00FE               	movwf	btemp
   230     07EB  3008               	movlw	low __pidataBANK0
   231     07EC  00FF               	movwf	btemp+1
   232     07ED  3053               	movlw	low __pdataBANK0
   233     07EE  0084               	movwf	4
   234     07EF  120A  118A  244F  120A  118A  	fcall	init_ram0
   235                           
   236                           ; Clear objects allocated to BANK0
   237     07F4  01DE               	clrf	__pbssBANK0& (0+127)
   238     07F5  01DF               	clrf	(__pbssBANK0+1)& (0+127)
   239     07F6  01E0               	clrf	(__pbssBANK0+2)& (0+127)
   240     07F7  01E1               	clrf	(__pbssBANK0+3)& (0+127)
   241     07F8  01E2               	clrf	(__pbssBANK0+4)& (0+127)
   242     07F9  01E3               	clrf	(__pbssBANK0+5)& (0+127)
   243     07FA  01E4               	clrf	(__pbssBANK0+6)& (0+127)
   244     07FB  01E5               	clrf	(__pbssBANK0+7)& (0+127)
   245     07FC                     end_of_initialization:	
   246                           ;End of C runtime variable initialization code
   247                           
   248     07FC                     __end_of__initialization:
   249     07FC  0183               	clrf	3
   250     07FD  120A  118A  2F21   	ljmp	_main	;jump to C main() function
   251                           
   252                           	psect	bssBANK0
   253     005E                     __pbssBANK0:
   254     005E                     _adcVolt:
   255     005E                     	ds	2
   256     0060                     _calibratedValue:
   257     0060                     	ds	2
   258     0062                     _adcLow:
   259     0062                     	ds	2
   260     0064                     _adcHigh:
   261     0064                     	ds	2
   262                           
   263                           	psect	dataBANK0
   264     0053                     __pdataBANK0:
   265     0053                     _calibratedVolt:
   266     0053                     	ds	11
   267                           
   268                           	psect	inittext
   269     044B                     init_fetch0:	
   270                           ;	Called with low address in FSR and high address in W
   271                           
   272     044B  087E               	movf	btemp,w
   273     044C  008A               	movwf	10
   274     044D  087F               	movf	btemp+1,w
   275     044E  0082               	movwf	2
   276     044F                     init_ram0:	
   277                           ;Called with:
   278                           ;	high address of idata address in btemp 
   279                           ;	low address of idata address in btemp+1 
   280                           ;	low address of data in FSR
   281                           ;	high address + 1 of data in btemp-1
   282                           
   283     044F  120A  118A  244B  120A  118A  	fcall	init_fetch0
   284     0454  0080               	movwf	0
   285     0455  0A84               	incf	4,f
   286     0456  0804               	movf	4,w
   287     0457  067D               	xorwf	btemp+-1,w
   288     0458  1903               	btfsc	3,2
   289     0459  3400               	retlw	0
   290     045A  0AFF               	incf	btemp+1,f
   291     045B  1903               	btfsc	3,2
   292     045C  0AFE               	incf	btemp,f
   293     045D  2C4F               	goto	init_ram0
   294                           
   295                           	psect	cstackCOMMON
   296     0070                     __pcstackCOMMON:
   297     0070                     ?_pwmInit:
   298     0070                     ?_adcLcdInit:	
   299                           ; 1 bytes @ 0x0
   300                           
   301     0070                     ?_LcdCommand:	
   302                           ; 1 bytes @ 0x0
   303                           
   304     0070                     ?_LcdData:	
   305                           ; 1 bytes @ 0x0
   306                           
   307     0070                     ?_main:	
   308                           ; 1 bytes @ 0x0
   309                           
   310     0070                     ?___lwmod:	
   311                           ; 1 bytes @ 0x0
   312                           
   313     0070                     ?___lmul:	
   314                           ; 2 bytes @ 0x0
   315                           
   316     0070                     ___lwmod@divisor:	
   317                           ; 4 bytes @ 0x0
   318                           
   319     0070                     ___lmul@multiplier:	
   320                           ; 2 bytes @ 0x0
   321                           
   322     0070                     ??_pwmInit:	
   323                           ; 4 bytes @ 0x0
   324                           
   325     0070                     ??_LcdCommand:	
   326                           ; 1 bytes @ 0x0
   327                           
   328     0070                     ??_LcdData:	
   329                           ; 1 bytes @ 0x0
   330                           
   331                           
   332                           ; 1 bytes @ 0x0
   333     0070                     	ds	2
   334     0072                     LcdData@i:
   335     0072                     LcdCommand@i:	
   336                           ; 1 bytes @ 0x2
   337                           
   338     0072                     ___lwmod@dividend:	
   339                           ; 1 bytes @ 0x2
   340                           
   341                           
   342                           ; 2 bytes @ 0x2
   343     0072                     	ds	1
   344     0073                     ??_adcLcdInit:
   345                           
   346                           ; 1 bytes @ 0x3
   347     0073                     	ds	1
   348     0074                     ___lwmod@counter:
   349     0074                     ___lmul@multiplicand:	
   350                           ; 1 bytes @ 0x4
   351                           
   352     0074                     ??___lwmod:	
   353                           ; 4 bytes @ 0x4
   354                           
   355                           
   356                           ; 1 bytes @ 0x4
   357     0074                     	ds	1
   358     0075                     ?___lwdiv:
   359     0075                     ___lwdiv@divisor:	
   360                           ; 2 bytes @ 0x5
   361                           
   362                           
   363                           ; 2 bytes @ 0x5
   364     0075                     	ds	2
   365     0077                     ___lwdiv@dividend:
   366                           
   367                           ; 2 bytes @ 0x7
   368     0077                     	ds	1
   369     0078                     ??___lmul:
   370                           
   371                           ; 1 bytes @ 0x8
   372     0078                     	ds	1
   373     0079                     ___lwdiv@quotient:
   374     0079                     ___lmul@product:	
   375                           ; 2 bytes @ 0x9
   376                           
   377     0079                     ??___lwdiv:	
   378                           ; 4 bytes @ 0x9
   379                           
   380                           
   381                           ; 1 bytes @ 0x9
   382     0079                     	ds	2
   383     007B                     ___lwdiv@counter:
   384                           
   385                           ; 1 bytes @ 0xB
   386     007B                     	ds	1
   387     007C                     ?_LcdOutput:
   388     007C                     LcdOutput@i:	
   389                           ; 1 bytes @ 0xC
   390                           
   391                           
   392                           ; 2 bytes @ 0xC
   393     007C                     	ds	1
   394     007D                     ??___aldiv:
   395                           
   396                           ; 1 bytes @ 0xD
   397     007D                     	ds	1
   398     007E                     ??_LcdOutput:
   399                           
   400                           	psect	cstackBANK0
   401     0020                     __pcstackBANK0:	
   402                           ; 1 bytes @ 0xE
   403                           
   404     0020                     ?___aldiv:
   405     0020                     LcdOutput@d1:	
   406                           ; 4 bytes @ 0x0
   407                           
   408     0020                     ___aldiv@divisor:	
   409                           ; 1 bytes @ 0x0
   410                           
   411                           
   412                           ; 4 bytes @ 0x0
   413     0020                     	ds	1
   414     0021                     LcdOutput@d2:
   415                           
   416                           ; 1 bytes @ 0x1
   417     0021                     	ds	1
   418     0022                     LcdOutput@d3:
   419                           
   420                           ; 1 bytes @ 0x2
   421     0022                     	ds	2
   422     0024                     ___aldiv@dividend:
   423                           
   424                           ; 4 bytes @ 0x4
   425     0024                     	ds	4
   426     0028                     ___aldiv@counter:
   427                           
   428                           ; 1 bytes @ 0x8
   429     0028                     	ds	1
   430     0029                     ___aldiv@sign:
   431                           
   432                           ; 1 bytes @ 0x9
   433     0029                     	ds	1
   434     002A                     ___aldiv@quotient:
   435                           
   436                           ; 4 bytes @ 0xA
   437     002A                     	ds	4
   438     002E                     ?_map:
   439     002E                     map@x:	
   440                           ; 2 bytes @ 0xE
   441                           
   442                           
   443                           ; 4 bytes @ 0xE
   444     002E                     	ds	4
   445     0032                     map@in_min:
   446                           
   447                           ; 4 bytes @ 0x12
   448     0032                     	ds	4
   449     0036                     map@in_max:
   450                           
   451                           ; 4 bytes @ 0x16
   452     0036                     	ds	4
   453     003A                     map@out_min:
   454                           
   455                           ; 4 bytes @ 0x1A
   456     003A                     	ds	4
   457     003E                     map@out_max:
   458                           
   459                           ; 4 bytes @ 0x1E
   460     003E                     	ds	4
   461     0042                     ??_map:
   462                           
   463                           ; 1 bytes @ 0x22
   464     0042                     	ds	12
   465     004E                     ??_main:
   466                           
   467                           ; 1 bytes @ 0x2E
   468     004E                     	ds	3
   469     0051                     main@i:
   470                           
   471                           ; 2 bytes @ 0x31
   472     0051                     	ds	2
   473                           
   474                           	psect	maintext
   475     0721                     __pmaintext:	
   476 ;;
   477 ;;Main: autosize = 0, tempsize = 3, incstack = 0, save=0
   478 ;;
   479 ;; *************** function _main *****************
   480 ;; Defined at:
   481 ;;		line 27 in file "main.c"
   482 ;; Parameters:    Size  Location     Type
   483 ;;		None
   484 ;; Auto vars:     Size  Location     Type
   485 ;;  i               2   49[BANK0 ] int 
   486 ;; Return value:  Size  Location     Type
   487 ;;                  1    wreg      void 
   488 ;; Registers used:
   489 ;;		wreg, fsr0l, fsr0h, status,2, status,0, btemp+1, pclath, cstack
   490 ;; Tracked objects:
   491 ;;		On entry : B00/0
   492 ;;		On exit  : 0/0
   493 ;;		Unchanged: 0/0
   494 ;; Data sizes:     COMMON   BANK0   BANK1   BANK3   BANK2
   495 ;;      Params:         0       0       0       0       0
   496 ;;      Locals:         0       2       0       0       0
   497 ;;      Temps:          0       3       0       0       0
   498 ;;      Totals:         0       5       0       0       0
   499 ;;Total ram usage:        5 bytes
   500 ;; Hardware stack levels required when called: 2
   501 ;; This function calls:
   502 ;;		_LcdCommand
   503 ;;		_LcdData
   504 ;;		_LcdOutput
   505 ;;		_adcLcdInit
   506 ;;		_map
   507 ;;		_pwmInit
   508 ;; This function is called by:
   509 ;;		Startup code after reset
   510 ;; This function uses a non-reentrant model
   511 ;;
   512                           
   513     0721                     _main:	
   514                           ;psect for function _main
   515                           
   516     0721                     l989:	
   517                           ;incstack = 0
   518                           ; Regs used in _main: [wreg-fsr0h+status,2+status,0+btemp+1+pclath+cstack]
   519                           
   520                           
   521                           ;main.c: 28:     pwmInit();
   522     0721  120A  118A  2438  120A  118A  	fcall	_pwmInit
   523     0726                     l991:
   524                           
   525                           ;main.c: 29:     adcLcdInit();
   526     0726  120A  118A  251E  120A  118A  	fcall	_adcLcdInit
   527     072B                     l993:
   528                           
   529                           ;main.c: 30:     LcdCommand(0x80);
   530     072B  3080               	movlw	128
   531     072C  120A  118A  2425  120A  118A  	fcall	_LcdCommand
   532     0731                     l995:
   533                           
   534                           ;main.c: 31:     for (int i = 0; i < 10; i++) {
   535     0731  1283               	bcf	3,5	;RP0=0, select bank0
   536     0732  1303               	bcf	3,6	;RP1=0, select bank0
   537     0733  01D1               	clrf	main@i
   538     0734  01D2               	clrf	main@i+1
   539     0735                     l1001:
   540                           
   541                           ;main.c: 32:         LcdData(calibratedVolt[i]);
   542     0735  1283               	bcf	3,5	;RP0=0, select bank0
   543     0736  1303               	bcf	3,6	;RP1=0, select bank0
   544     0737  0851               	movf	main@i,w
   545     0738  3E53               	addlw	(low (_calibratedVolt| 0))& (0+255)
   546     0739  0084               	movwf	4
   547     073A  1383               	bcf	3,7	;select IRP bank0
   548     073B  0800               	movf	0,w
   549     073C  120A  118A  2413  120A  118A  	fcall	_LcdData
   550     0741                     l1003:
   551                           
   552                           ;main.c: 33:     }
   553     0741  3001               	movlw	1
   554     0742  1283               	bcf	3,5	;RP0=0, select bank0
   555     0743  1303               	bcf	3,6	;RP1=0, select bank0
   556     0744  07D1               	addwf	main@i,f
   557     0745  1803               	skipnc
   558     0746  0AD2               	incf	main@i+1,f
   559     0747  3000               	movlw	0
   560     0748  07D2               	addwf	main@i+1,f
   561     0749                     l1005:
   562     0749  0852               	movf	main@i+1,w
   563     074A  3A80               	xorlw	128
   564     074B  00FF               	movwf	btemp+1
   565     074C  3080               	movlw	128
   566     074D  027F               	subwf	btemp+1,w
   567     074E  1D03               	skipz
   568     074F  2F52               	goto	u665
   569     0750  300A               	movlw	10
   570     0751  0251               	subwf	main@i,w
   571     0752                     u665:
   572     0752  1C03               	skipc
   573     0753  2F55               	goto	u661
   574     0754  2F56               	goto	u660
   575     0755                     u661:
   576     0755  2F35               	goto	l1001
   577     0756                     u660:
   578     0756                     l61:	
   579                           ;main.c: 34:     while (1) {
   580                           
   581                           
   582                           ;main.c: 36:         ADCON0 |= 0x04;
   583     0756  1283               	bcf	3,5	;RP0=0, select bank0
   584     0757  1303               	bcf	3,6	;RP1=0, select bank0
   585     0758  151F               	bsf	31,2	;volatile
   586     0759                     l62:	
   587                           ;main.c: 37:         while (ADCON0 & 0x04) {}
   588                           
   589     0759  191F               	btfsc	31,2	;volatile
   590     075A  2F5C               	goto	u671
   591     075B  2F5D               	goto	u670
   592     075C                     u671:
   593     075C  2F59               	goto	l62
   594     075D                     u670:
   595     075D                     l1007:
   596                           
   597                           ;main.c: 40:         adcHigh = ADRESH;
   598     075D  081E               	movf	30,w	;volatile
   599     075E  00CE               	movwf	??_main
   600     075F  01CF               	clrf	??_main+1
   601     0760  084E               	movf	??_main,w
   602     0761  00E4               	movwf	_adcHigh
   603     0762  084F               	movf	??_main+1,w
   604     0763  00E5               	movwf	_adcHigh+1
   605                           
   606                           ;main.c: 41:         adcLow = ADRESL;
   607     0764  1683               	bsf	3,5	;RP0=1, select bank1
   608     0765  1303               	bcf	3,6	;RP1=0, select bank1
   609     0766  081E               	movf	30,w	;volatile
   610     0767  1283               	bcf	3,5	;RP0=0, select bank0
   611     0768  1303               	bcf	3,6	;RP1=0, select bank0
   612     0769  00CE               	movwf	??_main
   613     076A  01CF               	clrf	??_main+1
   614     076B  084E               	movf	??_main,w
   615     076C  00E2               	movwf	_adcLow
   616     076D  084F               	movf	??_main+1,w
   617     076E  00E3               	movwf	_adcLow+1
   618                           
   619                           ;main.c: 42:         adcVolt = ((adcHigh << 8) | adcLow);
   620     076F  0864               	movf	_adcHigh,w
   621     0770  00CF               	movwf	??_main+1
   622     0771  01CE               	clrf	??_main
   623     0772  0862               	movf	_adcLow,w
   624     0773  044E               	iorwf	??_main,w
   625     0774  00DE               	movwf	_adcVolt
   626     0775  0863               	movf	_adcLow+1,w
   627     0776  044F               	iorwf	??_main+1,w
   628     0777  00DF               	movwf	_adcVolt+1
   629     0778                     l1009:
   630                           
   631                           ;main.c: 45:         calibratedValue = map(adcVolt, 0, 1023, 0, 338);
   632     0778  085E               	movf	_adcVolt,w
   633     0779  00AE               	movwf	map@x
   634     077A  085F               	movf	_adcVolt+1,w
   635     077B  00AF               	movwf	map@x+1
   636     077C  01B0               	clrf	map@x+2
   637     077D  01B1               	clrf	map@x+3
   638     077E  3000               	movlw	0
   639     077F  00B5               	movwf	map@in_min+3
   640     0780  3000               	movlw	0
   641     0781  00B4               	movwf	map@in_min+2
   642     0782  3000               	movlw	0
   643     0783  00B3               	movwf	map@in_min+1
   644     0784  3000               	movlw	0
   645     0785  00B2               	movwf	map@in_min
   646     0786  3000               	movlw	0
   647     0787  00B9               	movwf	map@in_max+3
   648     0788  3000               	movlw	0
   649     0789  00B8               	movwf	map@in_max+2
   650     078A  3003               	movlw	3
   651     078B  00B7               	movwf	map@in_max+1
   652     078C  30FF               	movlw	255
   653     078D  00B6               	movwf	map@in_max
   654     078E  3000               	movlw	0
   655     078F  00BD               	movwf	map@out_min+3
   656     0790  3000               	movlw	0
   657     0791  00BC               	movwf	map@out_min+2
   658     0792  3000               	movlw	0
   659     0793  00BB               	movwf	map@out_min+1
   660     0794  3000               	movlw	0
   661     0795  00BA               	movwf	map@out_min
   662     0796  3000               	movlw	0
   663     0797  00C1               	movwf	map@out_max+3
   664     0798  3000               	movlw	0
   665     0799  00C0               	movwf	map@out_max+2
   666     079A  3001               	movlw	1
   667     079B  00BF               	movwf	map@out_max+1
   668     079C  3052               	movlw	82
   669     079D  00BE               	movwf	map@out_max
   670     079E  120A  118A  25FB  120A  118A  	fcall	_map
   671     07A3  1283               	bcf	3,5	;RP0=0, select bank0
   672     07A4  1303               	bcf	3,6	;RP1=0, select bank0
   673     07A5  082F               	movf	?_map+1,w
   674     07A6  00E1               	movwf	_calibratedValue+1
   675     07A7  082E               	movf	?_map,w
   676     07A8  00E0               	movwf	_calibratedValue
   677     07A9                     l1011:
   678                           
   679                           ;main.c: 48:         CCPR1L = (uint8_t)(calibratedValue >> 2);
   680     07A9  0861               	movf	_calibratedValue+1,w
   681     07AA  00CF               	movwf	??_main+1
   682     07AB  0860               	movf	_calibratedValue,w
   683     07AC  00CE               	movwf	??_main
   684     07AD  1003               	clrc
   685     07AE  0CCF               	rrf	??_main+1,f
   686     07AF  0CCE               	rrf	??_main,f
   687     07B0  1003               	clrc
   688     07B1  0CCF               	rrf	??_main+1,f
   689     07B2  0CCE               	rrf	??_main,f
   690     07B3  084E               	movf	??_main,w
   691     07B4  0095               	movwf	21	;volatile
   692     07B5                     l1013:
   693                           
   694                           ;main.c: 49:         CCP1CON = (CCP1CON & 0xCF) | ((calibratedValue & 0x03) << 4);
   695     07B5  0860               	movf	_calibratedValue,w
   696     07B6  3903               	andlw	3
   697     07B7  00CE               	movwf	??_main
   698     07B8  3004               	movlw	4
   699     07B9                     u685:
   700     07B9  1003               	clrc
   701     07BA  0DCE               	rlf	??_main,f
   702     07BB  3EFF               	addlw	-1
   703     07BC  1D03               	skipz
   704     07BD  2FB9               	goto	u685
   705     07BE  0817               	movf	23,w	;volatile
   706     07BF  39CF               	andlw	207
   707     07C0  044E               	iorwf	??_main,w
   708     07C1  0097               	movwf	23	;volatile
   709     07C2                     l1015:
   710                           
   711                           ;main.c: 52:         LcdCommand(0x8A);
   712     07C2  308A               	movlw	138
   713     07C3  120A  118A  2425  120A  118A  	fcall	_LcdCommand
   714     07C8                     l1017:
   715                           
   716                           ;main.c: 53:         LcdOutput(calibratedValue);
   717     07C8  1283               	bcf	3,5	;RP0=0, select bank0
   718     07C9  1303               	bcf	3,6	;RP1=0, select bank0
   719     07CA  0861               	movf	_calibratedValue+1,w
   720     07CB  00FD               	movwf	LcdOutput@i+1
   721     07CC  0860               	movf	_calibratedValue,w
   722     07CD  00FC               	movwf	LcdOutput@i
   723     07CE  120A  118A  258C  120A  118A  	fcall	_LcdOutput
   724     07D3                     l1019:
   725                           
   726                           ;main.c: 55:         _delay((unsigned long)((200)*(6000000/4000.0)));
   727     07D3  3002               	movlw	2
   728     07D4  1283               	bcf	3,5	;RP0=0, select bank0
   729     07D5  1303               	bcf	3,6	;RP1=0, select bank0
   730     07D6  00D0               	movwf	??_main+2
   731     07D7  3086               	movlw	134
   732     07D8  00CF               	movwf	??_main+1
   733     07D9  3098               	movlw	152
   734     07DA  00CE               	movwf	??_main
   735     07DB                     u697:
   736     07DB  0BCE               	decfsz	??_main,f
   737     07DC  2FDB               	goto	u697
   738     07DD  0BCF               	decfsz	??_main+1,f
   739     07DE  2FDB               	goto	u697
   740     07DF  0BD0               	decfsz	??_main+2,f
   741     07E0  2FDB               	goto	u697
   742     07E1  0000               	nop
   743     07E2  2F56               	goto	l61
   744     07E3  120A  118A  2800   	ljmp	start
   745     07E6                     __end_of_main:
   746                           
   747                           	psect	text1
   748     0438                     __ptext1:	
   749 ;; *************** function _pwmInit *****************
   750 ;; Defined at:
   751 ;;		line 74 in file "main.c"
   752 ;; Parameters:    Size  Location     Type
   753 ;;		None
   754 ;; Auto vars:     Size  Location     Type
   755 ;;		None
   756 ;; Return value:  Size  Location     Type
   757 ;;                  1    wreg      void 
   758 ;; Registers used:
   759 ;;		status,2
   760 ;; Tracked objects:
   761 ;;		On entry : 0/0
   762 ;;		On exit  : 0/0
   763 ;;		Unchanged: 0/0
   764 ;; Data sizes:     COMMON   BANK0   BANK1   BANK3   BANK2
   765 ;;      Params:         0       0       0       0       0
   766 ;;      Locals:         0       0       0       0       0
   767 ;;      Temps:          0       0       0       0       0
   768 ;;      Totals:         0       0       0       0       0
   769 ;;Total ram usage:        0 bytes
   770 ;; Hardware stack levels used: 1
   771 ;; This function calls:
   772 ;;		Nothing
   773 ;; This function is called by:
   774 ;;		_main
   775 ;; This function uses a non-reentrant model
   776 ;;
   777                           
   778     0438                     _pwmInit:	
   779                           ;psect for function _pwmInit
   780                           
   781     0438                     l945:	
   782                           ;incstack = 0
   783                           ; Regs used in _pwmInit: [status,2]
   784                           
   785                           
   786                           ;main.c: 75:     TRISC = 0xFB;
   787     0438  30FB               	movlw	251
   788     0439  1683               	bsf	3,5	;RP0=1, select bank1
   789     043A  1303               	bcf	3,6	;RP1=0, select bank1
   790     043B  0087               	movwf	7	;volatile
   791                           
   792                           ;main.c: 77:     CCP1CON = 0x0C;
   793     043C  300C               	movlw	12
   794     043D  1283               	bcf	3,5	;RP0=0, select bank0
   795     043E  1303               	bcf	3,6	;RP1=0, select bank0
   796     043F  0097               	movwf	23	;volatile
   797                           
   798                           ;main.c: 78:     T2CON = 0x06;
   799     0440  3006               	movlw	6
   800     0441  0092               	movwf	18	;volatile
   801                           
   802                           ;main.c: 79:     PR2 = 0x5E;
   803     0442  305E               	movlw	94
   804     0443  1683               	bsf	3,5	;RP0=1, select bank1
   805     0444  1303               	bcf	3,6	;RP1=0, select bank1
   806     0445  0092               	movwf	18	;volatile
   807     0446                     l947:
   808                           
   809                           ;main.c: 81:     TMR2 = 0;
   810     0446  1283               	bcf	3,5	;RP0=0, select bank0
   811     0447  1303               	bcf	3,6	;RP1=0, select bank0
   812     0448  0191               	clrf	17	;volatile
   813     0449                     l949:
   814                           
   815                           ;main.c: 82:     TMR2ON = 1;
   816     0449  1512               	bsf	18,2	;volatile
   817     044A                     l70:
   818     044A  0008               	return
   819     044B                     __end_of_pwmInit:
   820                           
   821                           	psect	text2
   822     05FB                     __ptext2:	
   823 ;; *************** function _map *****************
   824 ;; Defined at:
   825 ;;		line 114 in file "main.c"
   826 ;; Parameters:    Size  Location     Type
   827 ;;  x               4   14[BANK0 ] long 
   828 ;;  in_min          4   18[BANK0 ] long 
   829 ;;  in_max          4   22[BANK0 ] long 
   830 ;;  out_min         4   26[BANK0 ] long 
   831 ;;  out_max         4   30[BANK0 ] long 
   832 ;; Auto vars:     Size  Location     Type
   833 ;;		None
   834 ;; Return value:  Size  Location     Type
   835 ;;                  2   14[BANK0 ] unsigned short 
   836 ;; Registers used:
   837 ;;		wreg, status,2, status,0, pclath, cstack
   838 ;; Tracked objects:
   839 ;;		On entry : 0/0
   840 ;;		On exit  : 0/0
   841 ;;		Unchanged: 0/0
   842 ;; Data sizes:     COMMON   BANK0   BANK1   BANK3   BANK2
   843 ;;      Params:         0      20       0       0       0
   844 ;;      Locals:         0       0       0       0       0
   845 ;;      Temps:          0      12       0       0       0
   846 ;;      Totals:         0      32       0       0       0
   847 ;;Total ram usage:       32 bytes
   848 ;; Hardware stack levels used: 1
   849 ;; Hardware stack levels required when called: 1
   850 ;; This function calls:
   851 ;;		___aldiv
   852 ;;		___lmul
   853 ;; This function is called by:
   854 ;;		_main
   855 ;; This function uses a non-reentrant model
   856 ;;
   857                           
   858     05FB                     _map:	
   859                           ;psect for function _map
   860                           
   861     05FB                     l983:	
   862                           ;incstack = 0
   863                           ; Regs used in _map: [wreg+status,2+status,0+pclath+cstack]
   864                           
   865                           
   866                           ;main.c: 115:     return (uint16_t) (((x - in_min) * (out_max - out_min)) / (in_max - in
      +                          _min) + out_min);
   867     05FB  1283               	bcf	3,5	;RP0=0, select bank0
   868     05FC  1303               	bcf	3,6	;RP1=0, select bank0
   869     05FD  0836               	movf	map@in_max,w
   870     05FE  00C2               	movwf	??_map
   871     05FF  0837               	movf	map@in_max+1,w
   872     0600  00C3               	movwf	??_map+1
   873     0601  0838               	movf	map@in_max+2,w
   874     0602  00C4               	movwf	??_map+2
   875     0603  0839               	movf	map@in_max+3,w
   876     0604  00C5               	movwf	??_map+3
   877     0605  0832               	movf	map@in_min,w
   878     0606  02C2               	subwf	??_map,f
   879     0607  0833               	movf	map@in_min+1,w
   880     0608  1C03               	skipc
   881     0609  0F33               	incfsz	map@in_min+1,w
   882     060A  2E0C               	goto	u631
   883     060B  2E0D               	goto	u632
   884     060C                     u631:
   885     060C  02C3               	subwf	??_map+1,f
   886     060D                     u632:
   887     060D  0834               	movf	map@in_min+2,w
   888     060E  1C03               	skipc
   889     060F  0F34               	incfsz	map@in_min+2,w
   890     0610  2E12               	goto	u633
   891     0611  2E13               	goto	u634
   892     0612                     u633:
   893     0612  02C4               	subwf	??_map+2,f
   894     0613                     u634:
   895     0613  0835               	movf	map@in_min+3,w
   896     0614  1C03               	skipc
   897     0615  0F35               	incfsz	map@in_min+3,w
   898     0616  2E18               	goto	u635
   899     0617  2E19               	goto	u636
   900     0618                     u635:
   901     0618  02C5               	subwf	??_map+3,f
   902     0619                     u636:
   903     0619  0845               	movf	??_map+3,w
   904     061A  00A3               	movwf	___aldiv@divisor+3
   905     061B  0844               	movf	??_map+2,w
   906     061C  00A2               	movwf	___aldiv@divisor+2
   907     061D  0843               	movf	??_map+1,w
   908     061E  00A1               	movwf	___aldiv@divisor+1
   909     061F  0842               	movf	??_map,w
   910     0620  00A0               	movwf	___aldiv@divisor
   911     0621  082E               	movf	map@x,w
   912     0622  00C6               	movwf	??_map+4
   913     0623  082F               	movf	map@x+1,w
   914     0624  00C7               	movwf	??_map+5
   915     0625  0830               	movf	map@x+2,w
   916     0626  00C8               	movwf	??_map+6
   917     0627  0831               	movf	map@x+3,w
   918     0628  00C9               	movwf	??_map+7
   919     0629  0832               	movf	map@in_min,w
   920     062A  02C6               	subwf	??_map+4,f
   921     062B  0833               	movf	map@in_min+1,w
   922     062C  1C03               	skipc
   923     062D  0F33               	incfsz	map@in_min+1,w
   924     062E  2E30               	goto	u641
   925     062F  2E31               	goto	u642
   926     0630                     u641:
   927     0630  02C7               	subwf	??_map+5,f
   928     0631                     u642:
   929     0631  0834               	movf	map@in_min+2,w
   930     0632  1C03               	skipc
   931     0633  0F34               	incfsz	map@in_min+2,w
   932     0634  2E36               	goto	u643
   933     0635  2E37               	goto	u644
   934     0636                     u643:
   935     0636  02C8               	subwf	??_map+6,f
   936     0637                     u644:
   937     0637  0835               	movf	map@in_min+3,w
   938     0638  1C03               	skipc
   939     0639  0F35               	incfsz	map@in_min+3,w
   940     063A  2E3C               	goto	u645
   941     063B  2E3D               	goto	u646
   942     063C                     u645:
   943     063C  02C9               	subwf	??_map+7,f
   944     063D                     u646:
   945     063D  0849               	movf	??_map+7,w
   946     063E  00F3               	movwf	___lmul@multiplier+3
   947     063F  0848               	movf	??_map+6,w
   948     0640  00F2               	movwf	___lmul@multiplier+2
   949     0641  0847               	movf	??_map+5,w
   950     0642  00F1               	movwf	___lmul@multiplier+1
   951     0643  0846               	movf	??_map+4,w
   952     0644  00F0               	movwf	___lmul@multiplier
   953     0645  083E               	movf	map@out_max,w
   954     0646  00CA               	movwf	??_map+8
   955     0647  083F               	movf	map@out_max+1,w
   956     0648  00CB               	movwf	??_map+9
   957     0649  0840               	movf	map@out_max+2,w
   958     064A  00CC               	movwf	??_map+10
   959     064B  0841               	movf	map@out_max+3,w
   960     064C  00CD               	movwf	??_map+11
   961     064D  083A               	movf	map@out_min,w
   962     064E  02CA               	subwf	??_map+8,f
   963     064F  083B               	movf	map@out_min+1,w
   964     0650  1C03               	skipc
   965     0651  0F3B               	incfsz	map@out_min+1,w
   966     0652  2E54               	goto	u651
   967     0653  2E55               	goto	u652
   968     0654                     u651:
   969     0654  02CB               	subwf	??_map+9,f
   970     0655                     u652:
   971     0655  083C               	movf	map@out_min+2,w
   972     0656  1C03               	skipc
   973     0657  0F3C               	incfsz	map@out_min+2,w
   974     0658  2E5A               	goto	u653
   975     0659  2E5B               	goto	u654
   976     065A                     u653:
   977     065A  02CC               	subwf	??_map+10,f
   978     065B                     u654:
   979     065B  083D               	movf	map@out_min+3,w
   980     065C  1C03               	skipc
   981     065D  0F3D               	incfsz	map@out_min+3,w
   982     065E  2E60               	goto	u655
   983     065F  2E61               	goto	u656
   984     0660                     u655:
   985     0660  02CD               	subwf	??_map+11,f
   986     0661                     u656:
   987     0661  084D               	movf	??_map+11,w
   988     0662  00F7               	movwf	___lmul@multiplicand+3
   989     0663  084C               	movf	??_map+10,w
   990     0664  00F6               	movwf	___lmul@multiplicand+2
   991     0665  084B               	movf	??_map+9,w
   992     0666  00F5               	movwf	___lmul@multiplicand+1
   993     0667  084A               	movf	??_map+8,w
   994     0668  00F4               	movwf	___lmul@multiplicand
   995     0669  120A  118A  24D8  120A  118A  	fcall	___lmul
   996     066E  0873               	movf	?___lmul+3,w
   997     066F  1283               	bcf	3,5	;RP0=0, select bank0
   998     0670  1303               	bcf	3,6	;RP1=0, select bank0
   999     0671  00A7               	movwf	___aldiv@dividend+3
  1000     0672  0872               	movf	?___lmul+2,w
  1001     0673  00A6               	movwf	___aldiv@dividend+2
  1002     0674  0871               	movf	?___lmul+1,w
  1003     0675  00A5               	movwf	___aldiv@dividend+1
  1004     0676  0870               	movf	?___lmul,w
  1005     0677  00A4               	movwf	___aldiv@dividend
  1006     0678  120A  118A  2688  120A  118A  	fcall	___aldiv
  1007     067D  1283               	bcf	3,5	;RP0=0, select bank0
  1008     067E  1303               	bcf	3,6	;RP1=0, select bank0
  1009     067F  083A               	movf	map@out_min,w
  1010     0680  0720               	addwf	?___aldiv,w
  1011     0681  00AE               	movwf	?_map
  1012     0682  083B               	movf	map@out_min+1,w
  1013     0683  1803               	skipnc
  1014     0684  0A3B               	incf	map@out_min+1,w
  1015     0685  0721               	addwf	?___aldiv+1,w
  1016     0686  00AF               	movwf	?_map+1
  1017     0687                     l76:
  1018     0687  0008               	return
  1019     0688                     __end_of_map:
  1020                           
  1021                           	psect	text3
  1022     04D8                     __ptext3:	
  1023 ;; *************** function ___lmul *****************
  1024 ;; Defined at:
  1025 ;;		line 15 in file "D:\Program Files\Microchip\xc8\v3.00\pic\sources\c99\common\Umul32.c"
  1026 ;; Parameters:    Size  Location     Type
  1027 ;;  multiplier      4    0[COMMON] unsigned long 
  1028 ;;  multiplicand    4    4[COMMON] unsigned long 
  1029 ;; Auto vars:     Size  Location     Type
  1030 ;;  product         4    9[COMMON] unsigned long 
  1031 ;; Return value:  Size  Location     Type
  1032 ;;                  4    0[COMMON] unsigned long 
  1033 ;; Registers used:
  1034 ;;		wreg, status,2, status,0
  1035 ;; Tracked objects:
  1036 ;;		On entry : 0/0
  1037 ;;		On exit  : 0/0
  1038 ;;		Unchanged: 0/0
  1039 ;; Data sizes:     COMMON   BANK0   BANK1   BANK3   BANK2
  1040 ;;      Params:         8       0       0       0       0
  1041 ;;      Locals:         4       0       0       0       0
  1042 ;;      Temps:          1       0       0       0       0
  1043 ;;      Totals:        13       0       0       0       0
  1044 ;;Total ram usage:       13 bytes
  1045 ;; Hardware stack levels used: 1
  1046 ;; This function calls:
  1047 ;;		Nothing
  1048 ;; This function is called by:
  1049 ;;		_map
  1050 ;; This function uses a non-reentrant model
  1051 ;;
  1052                           
  1053     04D8                     ___lmul:	
  1054                           ;psect for function ___lmul
  1055                           
  1056     04D8                     l843:	
  1057                           ;incstack = 0
  1058                           ; Regs used in ___lmul: [wreg+status,2+status,0]
  1059                           
  1060     04D8  3000               	movlw	0
  1061     04D9  00FC               	movwf	___lmul@product+3
  1062     04DA  3000               	movlw	0
  1063     04DB  00FB               	movwf	___lmul@product+2
  1064     04DC  3000               	movlw	0
  1065     04DD  00FA               	movwf	___lmul@product+1
  1066     04DE  3000               	movlw	0
  1067     04DF  00F9               	movwf	___lmul@product
  1068     04E0                     l845:
  1069     04E0  1C70               	btfss	___lmul@multiplier,0
  1070     04E1  2CE3               	goto	u351
  1071     04E2  2CE4               	goto	u350
  1072     04E3                     u351:
  1073     04E3  2CFB               	goto	l849
  1074     04E4                     u350:
  1075     04E4                     l847:
  1076     04E4  0874               	movf	___lmul@multiplicand,w
  1077     04E5  07F9               	addwf	___lmul@product,f
  1078     04E6  0875               	movf	___lmul@multiplicand+1,w
  1079     04E7  1103               	clrz
  1080     04E8  1803               	skipnc
  1081     04E9  3E01               	addlw	1
  1082     04EA  1903               	skipnz
  1083     04EB  2CED               	goto	u361
  1084     04EC  07FA               	addwf	___lmul@product+1,f
  1085     04ED                     u361:
  1086     04ED  0876               	movf	___lmul@multiplicand+2,w
  1087     04EE  1103               	clrz
  1088     04EF  1803               	skipnc
  1089     04F0  3E01               	addlw	1
  1090     04F1  1903               	skipnz
  1091     04F2  2CF4               	goto	u362
  1092     04F3  07FB               	addwf	___lmul@product+2,f
  1093     04F4                     u362:
  1094     04F4  0877               	movf	___lmul@multiplicand+3,w
  1095     04F5  1103               	clrz
  1096     04F6  1803               	skipnc
  1097     04F7  3E01               	addlw	1
  1098     04F8  1903               	skipnz
  1099     04F9  2CFB               	goto	u363
  1100     04FA  07FC               	addwf	___lmul@product+3,f
  1101     04FB                     u363:
  1102     04FB                     l849:
  1103     04FB  3001               	movlw	1
  1104     04FC  00F8               	movwf	??___lmul
  1105     04FD                     u375:
  1106     04FD  1003               	clrc
  1107     04FE  0DF4               	rlf	___lmul@multiplicand,f
  1108     04FF  0DF5               	rlf	___lmul@multiplicand+1,f
  1109     0500  0DF6               	rlf	___lmul@multiplicand+2,f
  1110     0501  0DF7               	rlf	___lmul@multiplicand+3,f
  1111     0502  0BF8               	decfsz	??___lmul,f
  1112     0503  2CFD               	goto	u375
  1113     0504                     l851:
  1114     0504  3001               	movlw	1
  1115     0505                     u385:
  1116     0505  1003               	clrc
  1117     0506  0CF3               	rrf	___lmul@multiplier+3,f
  1118     0507  0CF2               	rrf	___lmul@multiplier+2,f
  1119     0508  0CF1               	rrf	___lmul@multiplier+1,f
  1120     0509  0CF0               	rrf	___lmul@multiplier,f
  1121     050A  3EFF               	addlw	-1
  1122     050B  1D03               	skipz
  1123     050C  2D05               	goto	u385
  1124     050D  0873               	movf	___lmul@multiplier+3,w
  1125     050E  0472               	iorwf	___lmul@multiplier+2,w
  1126     050F  0471               	iorwf	___lmul@multiplier+1,w
  1127     0510  0470               	iorwf	___lmul@multiplier,w
  1128     0511  1D03               	skipz
  1129     0512  2D14               	goto	u391
  1130     0513  2D15               	goto	u390
  1131     0514                     u391:
  1132     0514  2CE0               	goto	l845
  1133     0515                     u390:
  1134     0515                     l853:
  1135     0515  087C               	movf	___lmul@product+3,w
  1136     0516  00F3               	movwf	?___lmul+3
  1137     0517  087B               	movf	___lmul@product+2,w
  1138     0518  00F2               	movwf	?___lmul+2
  1139     0519  087A               	movf	___lmul@product+1,w
  1140     051A  00F1               	movwf	?___lmul+1
  1141     051B  0879               	movf	___lmul@product,w
  1142     051C  00F0               	movwf	?___lmul
  1143     051D                     l185:
  1144     051D  0008               	return
  1145     051E                     __end_of___lmul:
  1146                           
  1147                           	psect	text4
  1148     0688                     __ptext4:	
  1149 ;; *************** function ___aldiv *****************
  1150 ;; Defined at:
  1151 ;;		line 5 in file "D:\Program Files\Microchip\xc8\v3.00\pic\sources\c99\common\aldiv.c"
  1152 ;; Parameters:    Size  Location     Type
  1153 ;;  divisor         4    0[BANK0 ] long 
  1154 ;;  dividend        4    4[BANK0 ] long 
  1155 ;; Auto vars:     Size  Location     Type
  1156 ;;  quotient        4   10[BANK0 ] long 
  1157 ;;  sign            1    9[BANK0 ] unsigned char 
  1158 ;;  counter         1    8[BANK0 ] unsigned char 
  1159 ;; Return value:  Size  Location     Type
  1160 ;;                  4    0[BANK0 ] long 
  1161 ;; Registers used:
  1162 ;;		wreg, status,2, status,0
  1163 ;; Tracked objects:
  1164 ;;		On entry : 0/0
  1165 ;;		On exit  : 0/0
  1166 ;;		Unchanged: 0/0
  1167 ;; Data sizes:     COMMON   BANK0   BANK1   BANK3   BANK2
  1168 ;;      Params:         0       8       0       0       0
  1169 ;;      Locals:         0       6       0       0       0
  1170 ;;      Temps:          1       0       0       0       0
  1171 ;;      Totals:         1      14       0       0       0
  1172 ;;Total ram usage:       15 bytes
  1173 ;; Hardware stack levels used: 1
  1174 ;; This function calls:
  1175 ;;		Nothing
  1176 ;; This function is called by:
  1177 ;;		_map
  1178 ;; This function uses a non-reentrant model
  1179 ;;
  1180                           
  1181     0688                     ___aldiv:	
  1182                           ;psect for function ___aldiv
  1183                           
  1184     0688                     l857:	
  1185                           ;incstack = 0
  1186                           ; Regs used in ___aldiv: [wreg+status,2+status,0]
  1187                           
  1188     0688  1283               	bcf	3,5	;RP0=0, select bank0
  1189     0689  1303               	bcf	3,6	;RP1=0, select bank0
  1190     068A  01A9               	clrf	___aldiv@sign
  1191     068B                     l859:
  1192     068B  1FA3               	btfss	___aldiv@divisor+3,7
  1193     068C  2E8E               	goto	u401
  1194     068D  2E8F               	goto	u400
  1195     068E                     u401:
  1196     068E  2E9C               	goto	l236
  1197     068F                     u400:
  1198     068F                     l861:
  1199     068F  09A0               	comf	___aldiv@divisor,f
  1200     0690  09A1               	comf	___aldiv@divisor+1,f
  1201     0691  09A2               	comf	___aldiv@divisor+2,f
  1202     0692  09A3               	comf	___aldiv@divisor+3,f
  1203     0693  0AA0               	incf	___aldiv@divisor,f
  1204     0694  1903               	skipnz
  1205     0695  0AA1               	incf	___aldiv@divisor+1,f
  1206     0696  1903               	skipnz
  1207     0697  0AA2               	incf	___aldiv@divisor+2,f
  1208     0698  1903               	skipnz
  1209     0699  0AA3               	incf	___aldiv@divisor+3,f
  1210     069A  3001               	movlw	1
  1211     069B  00A9               	movwf	___aldiv@sign
  1212     069C                     l236:
  1213     069C  1FA7               	btfss	___aldiv@dividend+3,7
  1214     069D  2E9F               	goto	u411
  1215     069E  2EA0               	goto	u410
  1216     069F                     u411:
  1217     069F  2EAD               	goto	l867
  1218     06A0                     u410:
  1219     06A0                     l863:
  1220     06A0  09A4               	comf	___aldiv@dividend,f
  1221     06A1  09A5               	comf	___aldiv@dividend+1,f
  1222     06A2  09A6               	comf	___aldiv@dividend+2,f
  1223     06A3  09A7               	comf	___aldiv@dividend+3,f
  1224     06A4  0AA4               	incf	___aldiv@dividend,f
  1225     06A5  1903               	skipnz
  1226     06A6  0AA5               	incf	___aldiv@dividend+1,f
  1227     06A7  1903               	skipnz
  1228     06A8  0AA6               	incf	___aldiv@dividend+2,f
  1229     06A9  1903               	skipnz
  1230     06AA  0AA7               	incf	___aldiv@dividend+3,f
  1231     06AB                     l865:
  1232     06AB  3001               	movlw	1
  1233     06AC  06A9               	xorwf	___aldiv@sign,f
  1234     06AD                     l867:
  1235     06AD  3000               	movlw	0
  1236     06AE  00AD               	movwf	___aldiv@quotient+3
  1237     06AF  3000               	movlw	0
  1238     06B0  00AC               	movwf	___aldiv@quotient+2
  1239     06B1  3000               	movlw	0
  1240     06B2  00AB               	movwf	___aldiv@quotient+1
  1241     06B3  3000               	movlw	0
  1242     06B4  00AA               	movwf	___aldiv@quotient
  1243     06B5                     l869:
  1244     06B5  0823               	movf	___aldiv@divisor+3,w
  1245     06B6  0422               	iorwf	___aldiv@divisor+2,w
  1246     06B7  0421               	iorwf	___aldiv@divisor+1,w
  1247     06B8  0420               	iorwf	___aldiv@divisor,w
  1248     06B9  1903               	skipnz
  1249     06BA  2EBC               	goto	u421
  1250     06BB  2EBD               	goto	u420
  1251     06BC                     u421:
  1252     06BC  2F08               	goto	l889
  1253     06BD                     u420:
  1254     06BD                     l871:
  1255     06BD  3001               	movlw	1
  1256     06BE  00A8               	movwf	___aldiv@counter
  1257     06BF  2ECB               	goto	l875
  1258     06C0                     l873:
  1259     06C0  3001               	movlw	1
  1260     06C1  00FD               	movwf	??___aldiv
  1261     06C2                     u435:
  1262     06C2  1003               	clrc
  1263     06C3  0DA0               	rlf	___aldiv@divisor,f
  1264     06C4  0DA1               	rlf	___aldiv@divisor+1,f
  1265     06C5  0DA2               	rlf	___aldiv@divisor+2,f
  1266     06C6  0DA3               	rlf	___aldiv@divisor+3,f
  1267     06C7  0BFD               	decfsz	??___aldiv,f
  1268     06C8  2EC2               	goto	u435
  1269     06C9  3001               	movlw	1
  1270     06CA  07A8               	addwf	___aldiv@counter,f
  1271     06CB                     l875:
  1272     06CB  1FA3               	btfss	___aldiv@divisor+3,7
  1273     06CC  2ECE               	goto	u441
  1274     06CD  2ECF               	goto	u440
  1275     06CE                     u441:
  1276     06CE  2EC0               	goto	l873
  1277     06CF                     u440:
  1278     06CF                     l877:
  1279     06CF  3001               	movlw	1
  1280     06D0  00FD               	movwf	??___aldiv
  1281     06D1                     u455:
  1282     06D1  1003               	clrc
  1283     06D2  0DAA               	rlf	___aldiv@quotient,f
  1284     06D3  0DAB               	rlf	___aldiv@quotient+1,f
  1285     06D4  0DAC               	rlf	___aldiv@quotient+2,f
  1286     06D5  0DAD               	rlf	___aldiv@quotient+3,f
  1287     06D6  0BFD               	decfsz	??___aldiv,f
  1288     06D7  2ED1               	goto	u455
  1289     06D8                     l879:
  1290     06D8  0823               	movf	___aldiv@divisor+3,w
  1291     06D9  0227               	subwf	___aldiv@dividend+3,w
  1292     06DA  1D03               	skipz
  1293     06DB  2EE6               	goto	u465
  1294     06DC  0822               	movf	___aldiv@divisor+2,w
  1295     06DD  0226               	subwf	___aldiv@dividend+2,w
  1296     06DE  1D03               	skipz
  1297     06DF  2EE6               	goto	u465
  1298     06E0  0821               	movf	___aldiv@divisor+1,w
  1299     06E1  0225               	subwf	___aldiv@dividend+1,w
  1300     06E2  1D03               	skipz
  1301     06E3  2EE6               	goto	u465
  1302     06E4  0820               	movf	___aldiv@divisor,w
  1303     06E5  0224               	subwf	___aldiv@dividend,w
  1304     06E6                     u465:
  1305     06E6  1C03               	skipc
  1306     06E7  2EE9               	goto	u461
  1307     06E8  2EEA               	goto	u460
  1308     06E9                     u461:
  1309     06E9  2EF9               	goto	l885
  1310     06EA                     u460:
  1311     06EA                     l881:
  1312     06EA  0820               	movf	___aldiv@divisor,w
  1313     06EB  02A4               	subwf	___aldiv@dividend,f
  1314     06EC  0821               	movf	___aldiv@divisor+1,w
  1315     06ED  1C03               	skipc
  1316     06EE  0F21               	incfsz	___aldiv@divisor+1,w
  1317     06EF  02A5               	subwf	___aldiv@dividend+1,f
  1318     06F0  0822               	movf	___aldiv@divisor+2,w
  1319     06F1  1C03               	skipc
  1320     06F2  0F22               	incfsz	___aldiv@divisor+2,w
  1321     06F3  02A6               	subwf	___aldiv@dividend+2,f
  1322     06F4  0823               	movf	___aldiv@divisor+3,w
  1323     06F5  1C03               	skipc
  1324     06F6  0F23               	incfsz	___aldiv@divisor+3,w
  1325     06F7  02A7               	subwf	___aldiv@dividend+3,f
  1326     06F8                     l883:
  1327     06F8  142A               	bsf	___aldiv@quotient,0
  1328     06F9                     l885:
  1329     06F9  3001               	movlw	1
  1330     06FA                     u475:
  1331     06FA  1003               	clrc
  1332     06FB  0CA3               	rrf	___aldiv@divisor+3,f
  1333     06FC  0CA2               	rrf	___aldiv@divisor+2,f
  1334     06FD  0CA1               	rrf	___aldiv@divisor+1,f
  1335     06FE  0CA0               	rrf	___aldiv@divisor,f
  1336     06FF  3EFF               	addlw	-1
  1337     0700  1D03               	skipz
  1338     0701  2EFA               	goto	u475
  1339     0702                     l887:
  1340     0702  3001               	movlw	1
  1341     0703  02A8               	subwf	___aldiv@counter,f
  1342     0704  1D03               	btfss	3,2
  1343     0705  2F07               	goto	u481
  1344     0706  2F08               	goto	u480
  1345     0707                     u481:
  1346     0707  2ECF               	goto	l877
  1347     0708                     u480:
  1348     0708                     l889:
  1349     0708  0829               	movf	___aldiv@sign,w
  1350     0709  1903               	btfsc	3,2
  1351     070A  2F0C               	goto	u491
  1352     070B  2F0D               	goto	u490
  1353     070C                     u491:
  1354     070C  2F18               	goto	l893
  1355     070D                     u490:
  1356     070D                     l891:
  1357     070D  09AA               	comf	___aldiv@quotient,f
  1358     070E  09AB               	comf	___aldiv@quotient+1,f
  1359     070F  09AC               	comf	___aldiv@quotient+2,f
  1360     0710  09AD               	comf	___aldiv@quotient+3,f
  1361     0711  0AAA               	incf	___aldiv@quotient,f
  1362     0712  1903               	skipnz
  1363     0713  0AAB               	incf	___aldiv@quotient+1,f
  1364     0714  1903               	skipnz
  1365     0715  0AAC               	incf	___aldiv@quotient+2,f
  1366     0716  1903               	skipnz
  1367     0717  0AAD               	incf	___aldiv@quotient+3,f
  1368     0718                     l893:
  1369     0718  082D               	movf	___aldiv@quotient+3,w
  1370     0719  00A3               	movwf	?___aldiv+3
  1371     071A  082C               	movf	___aldiv@quotient+2,w
  1372     071B  00A2               	movwf	?___aldiv+2
  1373     071C  082B               	movf	___aldiv@quotient+1,w
  1374     071D  00A1               	movwf	?___aldiv+1
  1375     071E  082A               	movf	___aldiv@quotient,w
  1376     071F  00A0               	movwf	?___aldiv
  1377     0720                     l246:
  1378     0720  0008               	return
  1379     0721                     __end_of___aldiv:
  1380                           
  1381                           	psect	text5
  1382     051E                     __ptext5:	
  1383 ;; *************** function _adcLcdInit *****************
  1384 ;; Defined at:
  1385 ;;		line 86 in file "main.c"
  1386 ;; Parameters:    Size  Location     Type
  1387 ;;		None
  1388 ;; Auto vars:     Size  Location     Type
  1389 ;;		None
  1390 ;; Return value:  Size  Location     Type
  1391 ;;                  1    wreg      void 
  1392 ;; Registers used:
  1393 ;;		wreg, status,2, status,0, pclath, cstack
  1394 ;; Tracked objects:
  1395 ;;		On entry : 0/0
  1396 ;;		On exit  : 0/0
  1397 ;;		Unchanged: 0/0
  1398 ;; Data sizes:     COMMON   BANK0   BANK1   BANK3   BANK2
  1399 ;;      Params:         0       0       0       0       0
  1400 ;;      Locals:         0       0       0       0       0
  1401 ;;      Temps:          2       0       0       0       0
  1402 ;;      Totals:         2       0       0       0       0
  1403 ;;Total ram usage:        2 bytes
  1404 ;; Hardware stack levels used: 1
  1405 ;; Hardware stack levels required when called: 1
  1406 ;; This function calls:
  1407 ;;		_LcdCommand
  1408 ;; This function is called by:
  1409 ;;		_main
  1410 ;; This function uses a non-reentrant model
  1411 ;;
  1412                           
  1413     051E                     _adcLcdInit:	
  1414                           ;psect for function _adcLcdInit
  1415                           
  1416     051E                     l951:	
  1417                           ;incstack = 0
  1418                           ; Regs used in _adcLcdInit: [wreg+status,2+status,0+pclath+cstack]
  1419                           
  1420                           
  1421                           ;main.c: 87:     TRISB = 0x00;
  1422     051E  1683               	bsf	3,5	;RP0=1, select bank1
  1423     051F  1303               	bcf	3,6	;RP1=0, select bank1
  1424     0520  0186               	clrf	6	;volatile
  1425                           
  1426                           ;main.c: 88:     TRISD = 0x00;
  1427     0521  0188               	clrf	8	;volatile
  1428                           
  1429                           ;main.c: 89:     PORTB = 0x00;
  1430     0522  1283               	bcf	3,5	;RP0=0, select bank0
  1431     0523  1303               	bcf	3,6	;RP1=0, select bank0
  1432     0524  0186               	clrf	6	;volatile
  1433                           
  1434                           ;main.c: 90:     PORTD = 0x00;
  1435     0525  0188               	clrf	8	;volatile
  1436     0526                     l953:
  1437                           
  1438                           ;main.c: 94:     LcdCommand(0x30);
  1439     0526  3030               	movlw	48
  1440     0527  120A  118A  2425  120A  118A  	fcall	_LcdCommand
  1441     052C                     l955:
  1442                           
  1443                           ;main.c: 95:     _delay((unsigned long)((100)*(6000000/4000.0)));
  1444     052C  30C3               	movlw	195
  1445     052D  00F4               	movwf	??_adcLcdInit+1
  1446     052E  30CD               	movlw	205
  1447     052F  00F3               	movwf	??_adcLcdInit
  1448     0530                     u707:
  1449     0530  0BF3               	decfsz	??_adcLcdInit,f
  1450     0531  2D30               	goto	u707
  1451     0532  0BF4               	decfsz	??_adcLcdInit+1,f
  1452     0533  2D30               	goto	u707
  1453     0534                     l957:
  1454                           
  1455                           ;main.c: 96:     LcdCommand(0x30);
  1456     0534  3030               	movlw	48
  1457     0535  120A  118A  2425  120A  118A  	fcall	_LcdCommand
  1458     053A                     l959:
  1459                           
  1460                           ;main.c: 97:     _delay((unsigned long)((100)*(6000000/4000.0)));
  1461     053A  30C3               	movlw	195
  1462     053B  00F4               	movwf	??_adcLcdInit+1
  1463     053C  30CD               	movlw	205
  1464     053D  00F3               	movwf	??_adcLcdInit
  1465     053E                     u717:
  1466     053E  0BF3               	decfsz	??_adcLcdInit,f
  1467     053F  2D3E               	goto	u717
  1468     0540  0BF4               	decfsz	??_adcLcdInit+1,f
  1469     0541  2D3E               	goto	u717
  1470     0542                     l961:
  1471                           
  1472                           ;main.c: 98:     LcdCommand(0x30);
  1473     0542  3030               	movlw	48
  1474     0543  120A  118A  2425  120A  118A  	fcall	_LcdCommand
  1475     0548                     l963:
  1476                           
  1477                           ;main.c: 99:     _delay((unsigned long)((100)*(6000000/4000.0)));
  1478     0548  30C3               	movlw	195
  1479     0549  00F4               	movwf	??_adcLcdInit+1
  1480     054A  30CD               	movlw	205
  1481     054B  00F3               	movwf	??_adcLcdInit
  1482     054C                     u727:
  1483     054C  0BF3               	decfsz	??_adcLcdInit,f
  1484     054D  2D4C               	goto	u727
  1485     054E  0BF4               	decfsz	??_adcLcdInit+1,f
  1486     054F  2D4C               	goto	u727
  1487     0550                     l965:
  1488                           
  1489                           ;main.c: 100:     LcdCommand(0x38);
  1490     0550  3038               	movlw	56
  1491     0551  120A  118A  2425  120A  118A  	fcall	_LcdCommand
  1492     0556                     l967:
  1493                           
  1494                           ;main.c: 101:     _delay((unsigned long)((100)*(6000000/4000.0)));
  1495     0556  30C3               	movlw	195
  1496     0557  00F4               	movwf	??_adcLcdInit+1
  1497     0558  30CD               	movlw	205
  1498     0559  00F3               	movwf	??_adcLcdInit
  1499     055A                     u737:
  1500     055A  0BF3               	decfsz	??_adcLcdInit,f
  1501     055B  2D5A               	goto	u737
  1502     055C  0BF4               	decfsz	??_adcLcdInit+1,f
  1503     055D  2D5A               	goto	u737
  1504     055E                     l969:
  1505                           
  1506                           ;main.c: 102:     LcdCommand(0x0C);
  1507     055E  300C               	movlw	12
  1508     055F  120A  118A  2425  120A  118A  	fcall	_LcdCommand
  1509     0564                     l971:
  1510                           
  1511                           ;main.c: 103:     _delay((unsigned long)((100)*(6000000/4000.0)));
  1512     0564  30C3               	movlw	195
  1513     0565  00F4               	movwf	??_adcLcdInit+1
  1514     0566  30CD               	movlw	205
  1515     0567  00F3               	movwf	??_adcLcdInit
  1516     0568                     u747:
  1517     0568  0BF3               	decfsz	??_adcLcdInit,f
  1518     0569  2D68               	goto	u747
  1519     056A  0BF4               	decfsz	??_adcLcdInit+1,f
  1520     056B  2D68               	goto	u747
  1521     056C                     l973:
  1522                           
  1523                           ;main.c: 104:     LcdCommand(0x01);
  1524     056C  3001               	movlw	1
  1525     056D  120A  118A  2425  120A  118A  	fcall	_LcdCommand
  1526     0572                     l975:
  1527                           
  1528                           ;main.c: 105:     _delay((unsigned long)((100)*(6000000/4000.0)));
  1529     0572  30C3               	movlw	195
  1530     0573  00F4               	movwf	??_adcLcdInit+1
  1531     0574  30CD               	movlw	205
  1532     0575  00F3               	movwf	??_adcLcdInit
  1533     0576                     u757:
  1534     0576  0BF3               	decfsz	??_adcLcdInit,f
  1535     0577  2D76               	goto	u757
  1536     0578  0BF4               	decfsz	??_adcLcdInit+1,f
  1537     0579  2D76               	goto	u757
  1538     057A                     l977:
  1539                           
  1540                           ;main.c: 108:     ADCON1 = 0x8E;
  1541     057A  308E               	movlw	142
  1542     057B  1683               	bsf	3,5	;RP0=1, select bank1
  1543     057C  1303               	bcf	3,6	;RP1=0, select bank1
  1544     057D  009F               	movwf	31	;volatile
  1545     057E                     l979:
  1546                           
  1547                           ;main.c: 109:     ADCON0 = 0x81;
  1548     057E  3081               	movlw	129
  1549     057F  1283               	bcf	3,5	;RP0=0, select bank0
  1550     0580  1303               	bcf	3,6	;RP1=0, select bank0
  1551     0581  009F               	movwf	31	;volatile
  1552     0582                     l981:
  1553                           
  1554                           ;main.c: 110:     _delay((unsigned long)((10)*(6000000/4000.0)));
  1555     0582  3014               	movlw	20
  1556     0583  00F4               	movwf	??_adcLcdInit+1
  1557     0584  3079               	movlw	121
  1558     0585  00F3               	movwf	??_adcLcdInit
  1559     0586                     u767:
  1560     0586  0BF3               	decfsz	??_adcLcdInit,f
  1561     0587  2D86               	goto	u767
  1562     0588  0BF4               	decfsz	??_adcLcdInit+1,f
  1563     0589  2D86               	goto	u767
  1564     058A  2D8B               	nop2
  1565     058B                     l73:
  1566     058B  0008               	return
  1567     058C                     __end_of_adcLcdInit:
  1568                           
  1569                           	psect	text6
  1570     058C                     __ptext6:	
  1571 ;; *************** function _LcdOutput *****************
  1572 ;; Defined at:
  1573 ;;		line 119 in file "main.c"
  1574 ;; Parameters:    Size  Location     Type
  1575 ;;  i               2   12[COMMON] unsigned short 
  1576 ;; Auto vars:     Size  Location     Type
  1577 ;;  d3              1    2[BANK0 ] unsigned char 
  1578 ;;  d2              1    1[BANK0 ] unsigned char 
  1579 ;;  d1              1    0[BANK0 ] unsigned char 
  1580 ;;  d4              1    0        unsigned char 
  1581 ;; Return value:  Size  Location     Type
  1582 ;;                  1    wreg      void 
  1583 ;; Registers used:
  1584 ;;		wreg, status,2, status,0, pclath, cstack
  1585 ;; Tracked objects:
  1586 ;;		On entry : 0/0
  1587 ;;		On exit  : 0/0
  1588 ;;		Unchanged: 0/0
  1589 ;; Data sizes:     COMMON   BANK0   BANK1   BANK3   BANK2
  1590 ;;      Params:         2       0       0       0       0
  1591 ;;      Locals:         0       3       0       0       0
  1592 ;;      Temps:          0       0       0       0       0
  1593 ;;      Totals:         2       3       0       0       0
  1594 ;;Total ram usage:        5 bytes
  1595 ;; Hardware stack levels used: 1
  1596 ;; Hardware stack levels required when called: 1
  1597 ;; This function calls:
  1598 ;;		_LcdCommand
  1599 ;;		_LcdData
  1600 ;;		___lwdiv
  1601 ;;		___lwmod
  1602 ;; This function is called by:
  1603 ;;		_main
  1604 ;; This function uses a non-reentrant model
  1605 ;;
  1606                           
  1607     058C                     _LcdOutput:	
  1608                           ;psect for function _LcdOutput
  1609                           
  1610     058C                     l987:	
  1611                           ;incstack = 0
  1612                           ; Regs used in _LcdOutput: [wreg+status,2+status,0+pclath+cstack]
  1613                           
  1614                           
  1615                           ;main.c: 120:     uint8_t d1, d2, d3, d4;;main.c: 121:     d3 = (uint8_t) ((i % 1000) / 
      +                          100);
  1616     058C  3064               	movlw	100
  1617     058D  00F5               	movwf	___lwdiv@divisor
  1618     058E  3000               	movlw	0
  1619     058F  00F6               	movwf	___lwdiv@divisor+1
  1620     0590  087D               	movf	LcdOutput@i+1,w
  1621     0591  00F3               	movwf	___lwmod@dividend+1
  1622     0592  087C               	movf	LcdOutput@i,w
  1623     0593  00F2               	movwf	___lwmod@dividend
  1624     0594  30E8               	movlw	232
  1625     0595  00F0               	movwf	___lwmod@divisor
  1626     0596  3003               	movlw	3
  1627     0597  00F1               	movwf	___lwmod@divisor+1
  1628     0598  120A  118A  245E  120A  118A  	fcall	___lwmod
  1629     059D  0871               	movf	?___lwmod+1,w
  1630     059E  00F8               	movwf	___lwdiv@dividend+1
  1631     059F  0870               	movf	?___lwmod,w
  1632     05A0  00F7               	movwf	___lwdiv@dividend
  1633     05A1  120A  118A  2496  120A  118A  	fcall	___lwdiv
  1634     05A6  0875               	movf	?___lwdiv,w
  1635     05A7  1283               	bcf	3,5	;RP0=0, select bank0
  1636     05A8  1303               	bcf	3,6	;RP1=0, select bank0
  1637     05A9  00A2               	movwf	LcdOutput@d3
  1638                           
  1639                           ;main.c: 122:     d2 = (uint8_t) ((i % 100) / 10);
  1640     05AA  300A               	movlw	10
  1641     05AB  00F5               	movwf	___lwdiv@divisor
  1642     05AC  3000               	movlw	0
  1643     05AD  00F6               	movwf	___lwdiv@divisor+1
  1644     05AE  087D               	movf	LcdOutput@i+1,w
  1645     05AF  00F3               	movwf	___lwmod@dividend+1
  1646     05B0  087C               	movf	LcdOutput@i,w
  1647     05B1  00F2               	movwf	___lwmod@dividend
  1648     05B2  3064               	movlw	100
  1649     05B3  00F0               	movwf	___lwmod@divisor
  1650     05B4  3000               	movlw	0
  1651     05B5  00F1               	movwf	___lwmod@divisor+1
  1652     05B6  120A  118A  245E  120A  118A  	fcall	___lwmod
  1653     05BB  0871               	movf	?___lwmod+1,w
  1654     05BC  00F8               	movwf	___lwdiv@dividend+1
  1655     05BD  0870               	movf	?___lwmod,w
  1656     05BE  00F7               	movwf	___lwdiv@dividend
  1657     05BF  120A  118A  2496  120A  118A  	fcall	___lwdiv
  1658     05C4  0875               	movf	?___lwdiv,w
  1659     05C5  1283               	bcf	3,5	;RP0=0, select bank0
  1660     05C6  1303               	bcf	3,6	;RP1=0, select bank0
  1661     05C7  00A1               	movwf	LcdOutput@d2
  1662                           
  1663                           ;main.c: 123:     d1 = (uint8_t) (i % 10);
  1664     05C8  300A               	movlw	10
  1665     05C9  00F0               	movwf	___lwmod@divisor
  1666     05CA  3000               	movlw	0
  1667     05CB  00F1               	movwf	___lwmod@divisor+1
  1668     05CC  087D               	movf	LcdOutput@i+1,w
  1669     05CD  00F3               	movwf	___lwmod@dividend+1
  1670     05CE  087C               	movf	LcdOutput@i,w
  1671     05CF  00F2               	movwf	___lwmod@dividend
  1672     05D0  120A  118A  245E  120A  118A  	fcall	___lwmod
  1673     05D5  0870               	movf	?___lwmod,w
  1674     05D6  1283               	bcf	3,5	;RP0=0, select bank0
  1675     05D7  1303               	bcf	3,6	;RP1=0, select bank0
  1676     05D8  00A0               	movwf	LcdOutput@d1
  1677                           
  1678                           ;main.c: 125:     LcdCommand(0x8A);
  1679     05D9  308A               	movlw	138
  1680     05DA  120A  118A  2425  120A  118A  	fcall	_LcdCommand
  1681                           
  1682                           ;main.c: 126:     LcdData(0x30 + d3);
  1683     05DF  1283               	bcf	3,5	;RP0=0, select bank0
  1684     05E0  1303               	bcf	3,6	;RP1=0, select bank0
  1685     05E1  0822               	movf	LcdOutput@d3,w
  1686     05E2  3E30               	addlw	48
  1687     05E3  120A  118A  2413  120A  118A  	fcall	_LcdData
  1688                           
  1689                           ;main.c: 127:     LcdData(0x30 + d2);
  1690     05E8  1283               	bcf	3,5	;RP0=0, select bank0
  1691     05E9  1303               	bcf	3,6	;RP1=0, select bank0
  1692     05EA  0821               	movf	LcdOutput@d2,w
  1693     05EB  3E30               	addlw	48
  1694     05EC  120A  118A  2413  120A  118A  	fcall	_LcdData
  1695                           
  1696                           ;main.c: 128:     LcdData(0x30 + d1);
  1697     05F1  1283               	bcf	3,5	;RP0=0, select bank0
  1698     05F2  1303               	bcf	3,6	;RP1=0, select bank0
  1699     05F3  0820               	movf	LcdOutput@d1,w
  1700     05F4  3E30               	addlw	48
  1701     05F5  120A  118A  2413  120A  118A  	fcall	_LcdData
  1702     05FA                     l79:
  1703     05FA  0008               	return
  1704     05FB                     __end_of_LcdOutput:
  1705                           
  1706                           	psect	text7
  1707     045E                     __ptext7:	
  1708 ;; *************** function ___lwmod *****************
  1709 ;; Defined at:
  1710 ;;		line 5 in file "D:\Program Files\Microchip\xc8\v3.00\pic\sources\c99\common\lwmod.c"
  1711 ;; Parameters:    Size  Location     Type
  1712 ;;  divisor         2    0[COMMON] unsigned int 
  1713 ;;  dividend        2    2[COMMON] unsigned int 
  1714 ;; Auto vars:     Size  Location     Type
  1715 ;;  counter         1    4[COMMON] unsigned char 
  1716 ;; Return value:  Size  Location     Type
  1717 ;;                  2    0[COMMON] unsigned int 
  1718 ;; Registers used:
  1719 ;;		wreg, status,2, status,0
  1720 ;; Tracked objects:
  1721 ;;		On entry : 0/0
  1722 ;;		On exit  : 0/0
  1723 ;;		Unchanged: 0/0
  1724 ;; Data sizes:     COMMON   BANK0   BANK1   BANK3   BANK2
  1725 ;;      Params:         4       0       0       0       0
  1726 ;;      Locals:         1       0       0       0       0
  1727 ;;      Temps:          0       0       0       0       0
  1728 ;;      Totals:         5       0       0       0       0
  1729 ;;Total ram usage:        5 bytes
  1730 ;; Hardware stack levels used: 1
  1731 ;; This function calls:
  1732 ;;		Nothing
  1733 ;; This function is called by:
  1734 ;;		_LcdOutput
  1735 ;; This function uses a non-reentrant model
  1736 ;;
  1737                           
  1738     045E                     ___lwmod:	
  1739                           ;psect for function ___lwmod
  1740                           
  1741     045E                     l923:	
  1742                           ;incstack = 0
  1743                           ; Regs used in ___lwmod: [wreg+status,2+status,0]
  1744                           
  1745     045E  0870               	movf	___lwmod@divisor,w
  1746     045F  0471               	iorwf	___lwmod@divisor+1,w
  1747     0460  1903               	btfsc	3,2
  1748     0461  2C63               	goto	u571
  1749     0462  2C64               	goto	u570
  1750     0463                     u571:
  1751     0463  2C91               	goto	l941
  1752     0464                     u570:
  1753     0464                     l925:
  1754     0464  3001               	movlw	1
  1755     0465  00F4               	movwf	___lwmod@counter
  1756     0466  2C70               	goto	l931
  1757     0467                     l927:
  1758     0467  3001               	movlw	1
  1759     0468                     u585:
  1760     0468  1003               	clrc
  1761     0469  0DF0               	rlf	___lwmod@divisor,f
  1762     046A  0DF1               	rlf	___lwmod@divisor+1,f
  1763     046B  3EFF               	addlw	-1
  1764     046C  1D03               	skipz
  1765     046D  2C68               	goto	u585
  1766     046E                     l929:
  1767     046E  3001               	movlw	1
  1768     046F  07F4               	addwf	___lwmod@counter,f
  1769     0470                     l931:
  1770     0470  1FF1               	btfss	___lwmod@divisor+1,7
  1771     0471  2C73               	goto	u591
  1772     0472  2C74               	goto	u590
  1773     0473                     u591:
  1774     0473  2C67               	goto	l927
  1775     0474                     u590:
  1776     0474                     l933:
  1777     0474  0871               	movf	___lwmod@divisor+1,w
  1778     0475  0273               	subwf	___lwmod@dividend+1,w
  1779     0476  1D03               	skipz
  1780     0477  2C7A               	goto	u605
  1781     0478  0870               	movf	___lwmod@divisor,w
  1782     0479  0272               	subwf	___lwmod@dividend,w
  1783     047A                     u605:
  1784     047A  1C03               	skipc
  1785     047B  2C7D               	goto	u601
  1786     047C  2C7E               	goto	u600
  1787     047D                     u601:
  1788     047D  2C84               	goto	l937
  1789     047E                     u600:
  1790     047E                     l935:
  1791     047E  0870               	movf	___lwmod@divisor,w
  1792     047F  02F2               	subwf	___lwmod@dividend,f
  1793     0480  0871               	movf	___lwmod@divisor+1,w
  1794     0481  1C03               	skipc
  1795     0482  03F3               	decf	___lwmod@dividend+1,f
  1796     0483  02F3               	subwf	___lwmod@dividend+1,f
  1797     0484                     l937:
  1798     0484  3001               	movlw	1
  1799     0485                     u615:
  1800     0485  1003               	clrc
  1801     0486  0CF1               	rrf	___lwmod@divisor+1,f
  1802     0487  0CF0               	rrf	___lwmod@divisor,f
  1803     0488  3EFF               	addlw	-1
  1804     0489  1D03               	skipz
  1805     048A  2C85               	goto	u615
  1806     048B                     l939:
  1807     048B  3001               	movlw	1
  1808     048C  02F4               	subwf	___lwmod@counter,f
  1809     048D  1D03               	btfss	3,2
  1810     048E  2C90               	goto	u621
  1811     048F  2C91               	goto	u620
  1812     0490                     u621:
  1813     0490  2C74               	goto	l933
  1814     0491                     u620:
  1815     0491                     l941:
  1816     0491  0873               	movf	___lwmod@dividend+1,w
  1817     0492  00F1               	movwf	?___lwmod+1
  1818     0493  0872               	movf	___lwmod@dividend,w
  1819     0494  00F0               	movwf	?___lwmod
  1820     0495                     l461:
  1821     0495  0008               	return
  1822     0496                     __end_of___lwmod:
  1823                           
  1824                           	psect	text8
  1825     0496                     __ptext8:	
  1826 ;; *************** function ___lwdiv *****************
  1827 ;; Defined at:
  1828 ;;		line 5 in file "D:\Program Files\Microchip\xc8\v3.00\pic\sources\c99\common\lwdiv.c"
  1829 ;; Parameters:    Size  Location     Type
  1830 ;;  divisor         2    5[COMMON] unsigned int 
  1831 ;;  dividend        2    7[COMMON] unsigned int 
  1832 ;; Auto vars:     Size  Location     Type
  1833 ;;  quotient        2    9[COMMON] unsigned int 
  1834 ;;  counter         1   11[COMMON] unsigned char 
  1835 ;; Return value:  Size  Location     Type
  1836 ;;                  2    5[COMMON] unsigned int 
  1837 ;; Registers used:
  1838 ;;		wreg, status,2, status,0
  1839 ;; Tracked objects:
  1840 ;;		On entry : 0/0
  1841 ;;		On exit  : 0/0
  1842 ;;		Unchanged: 0/0
  1843 ;; Data sizes:     COMMON   BANK0   BANK1   BANK3   BANK2
  1844 ;;      Params:         4       0       0       0       0
  1845 ;;      Locals:         3       0       0       0       0
  1846 ;;      Temps:          0       0       0       0       0
  1847 ;;      Totals:         7       0       0       0       0
  1848 ;;Total ram usage:        7 bytes
  1849 ;; Hardware stack levels used: 1
  1850 ;; This function calls:
  1851 ;;		Nothing
  1852 ;; This function is called by:
  1853 ;;		_LcdOutput
  1854 ;; This function uses a non-reentrant model
  1855 ;;
  1856                           
  1857     0496                     ___lwdiv:	
  1858                           ;psect for function ___lwdiv
  1859                           
  1860     0496                     l897:	
  1861                           ;incstack = 0
  1862                           ; Regs used in ___lwdiv: [wreg+status,2+status,0]
  1863                           
  1864     0496  01F9               	clrf	___lwdiv@quotient
  1865     0497  01FA               	clrf	___lwdiv@quotient+1
  1866     0498                     l899:
  1867     0498  0875               	movf	___lwdiv@divisor,w
  1868     0499  0476               	iorwf	___lwdiv@divisor+1,w
  1869     049A  1903               	btfsc	3,2
  1870     049B  2C9D               	goto	u501
  1871     049C  2C9E               	goto	u500
  1872     049D                     u501:
  1873     049D  2CD3               	goto	l919
  1874     049E                     u500:
  1875     049E                     l901:
  1876     049E  3001               	movlw	1
  1877     049F  00FB               	movwf	___lwdiv@counter
  1878     04A0  2CAA               	goto	l907
  1879     04A1                     l903:
  1880     04A1  3001               	movlw	1
  1881     04A2                     u515:
  1882     04A2  1003               	clrc
  1883     04A3  0DF5               	rlf	___lwdiv@divisor,f
  1884     04A4  0DF6               	rlf	___lwdiv@divisor+1,f
  1885     04A5  3EFF               	addlw	-1
  1886     04A6  1D03               	skipz
  1887     04A7  2CA2               	goto	u515
  1888     04A8                     l905:
  1889     04A8  3001               	movlw	1
  1890     04A9  07FB               	addwf	___lwdiv@counter,f
  1891     04AA                     l907:
  1892     04AA  1FF6               	btfss	___lwdiv@divisor+1,7
  1893     04AB  2CAD               	goto	u521
  1894     04AC  2CAE               	goto	u520
  1895     04AD                     u521:
  1896     04AD  2CA1               	goto	l903
  1897     04AE                     u520:
  1898     04AE                     l909:
  1899     04AE  3001               	movlw	1
  1900     04AF                     u535:
  1901     04AF  1003               	clrc
  1902     04B0  0DF9               	rlf	___lwdiv@quotient,f
  1903     04B1  0DFA               	rlf	___lwdiv@quotient+1,f
  1904     04B2  3EFF               	addlw	-1
  1905     04B3  1D03               	skipz
  1906     04B4  2CAF               	goto	u535
  1907     04B5  0876               	movf	___lwdiv@divisor+1,w
  1908     04B6  0278               	subwf	___lwdiv@dividend+1,w
  1909     04B7  1D03               	skipz
  1910     04B8  2CBB               	goto	u545
  1911     04B9  0875               	movf	___lwdiv@divisor,w
  1912     04BA  0277               	subwf	___lwdiv@dividend,w
  1913     04BB                     u545:
  1914     04BB  1C03               	skipc
  1915     04BC  2CBE               	goto	u541
  1916     04BD  2CBF               	goto	u540
  1917     04BE                     u541:
  1918     04BE  2CC6               	goto	l915
  1919     04BF                     u540:
  1920     04BF                     l911:
  1921     04BF  0875               	movf	___lwdiv@divisor,w
  1922     04C0  02F7               	subwf	___lwdiv@dividend,f
  1923     04C1  0876               	movf	___lwdiv@divisor+1,w
  1924     04C2  1C03               	skipc
  1925     04C3  03F8               	decf	___lwdiv@dividend+1,f
  1926     04C4  02F8               	subwf	___lwdiv@dividend+1,f
  1927     04C5                     l913:
  1928     04C5  1479               	bsf	___lwdiv@quotient,0
  1929     04C6                     l915:
  1930     04C6  3001               	movlw	1
  1931     04C7                     u555:
  1932     04C7  1003               	clrc
  1933     04C8  0CF6               	rrf	___lwdiv@divisor+1,f
  1934     04C9  0CF5               	rrf	___lwdiv@divisor,f
  1935     04CA  3EFF               	addlw	-1
  1936     04CB  1D03               	skipz
  1937     04CC  2CC7               	goto	u555
  1938     04CD                     l917:
  1939     04CD  3001               	movlw	1
  1940     04CE  02FB               	subwf	___lwdiv@counter,f
  1941     04CF  1D03               	btfss	3,2
  1942     04D0  2CD2               	goto	u561
  1943     04D1  2CD3               	goto	u560
  1944     04D2                     u561:
  1945     04D2  2CAE               	goto	l909
  1946     04D3                     u560:
  1947     04D3                     l919:
  1948     04D3  087A               	movf	___lwdiv@quotient+1,w
  1949     04D4  00F6               	movwf	?___lwdiv+1
  1950     04D5  0879               	movf	___lwdiv@quotient,w
  1951     04D6  00F5               	movwf	?___lwdiv
  1952     04D7                     l451:
  1953     04D7  0008               	return
  1954     04D8                     __end_of___lwdiv:
  1955                           
  1956                           	psect	text9
  1957     0413                     __ptext9:	
  1958 ;; *************** function _LcdData *****************
  1959 ;; Defined at:
  1960 ;;		line 132 in file "main.c"
  1961 ;; Parameters:    Size  Location     Type
  1962 ;;  i               1    wreg     unsigned char 
  1963 ;; Auto vars:     Size  Location     Type
  1964 ;;  i               1    2[COMMON] unsigned char 
  1965 ;; Return value:  Size  Location     Type
  1966 ;;                  1    wreg      void 
  1967 ;; Registers used:
  1968 ;;		wreg, status,2, status,0
  1969 ;; Tracked objects:
  1970 ;;		On entry : 0/0
  1971 ;;		On exit  : 0/0
  1972 ;;		Unchanged: 0/0
  1973 ;; Data sizes:     COMMON   BANK0   BANK1   BANK3   BANK2
  1974 ;;      Params:         0       0       0       0       0
  1975 ;;      Locals:         1       0       0       0       0
  1976 ;;      Temps:          2       0       0       0       0
  1977 ;;      Totals:         3       0       0       0       0
  1978 ;;Total ram usage:        3 bytes
  1979 ;; Hardware stack levels used: 1
  1980 ;; This function calls:
  1981 ;;		Nothing
  1982 ;; This function is called by:
  1983 ;;		_main
  1984 ;;		_LcdOutput
  1985 ;; This function uses a non-reentrant model
  1986 ;;
  1987                           
  1988     0413                     _LcdData:	
  1989                           ;psect for function _LcdData
  1990                           
  1991                           
  1992                           ;incstack = 0
  1993                           ; Regs used in _LcdData: [wreg+status,2+status,0]
  1994                           ;LcdData@i stored from wreg
  1995     0413  00F2               	movwf	LcdData@i
  1996     0414                     l833:
  1997                           
  1998                           ;main.c: 133:     PORTB |= (0x1 << 3);
  1999     0414  1283               	bcf	3,5	;RP0=0, select bank0
  2000     0415  1303               	bcf	3,6	;RP1=0, select bank0
  2001     0416  1586               	bsf	6,3	;volatile
  2002     0417                     l835:
  2003                           
  2004                           ;main.c: 134:     PORTD = i;
  2005     0417  0872               	movf	LcdData@i,w
  2006     0418  0088               	movwf	8	;volatile
  2007     0419                     l837:
  2008                           
  2009                           ;main.c: 135:     PORTB |= (0x1 << 0);
  2010     0419  1406               	bsf	6,0	;volatile
  2011     041A                     l839:
  2012                           
  2013                           ;main.c: 136:     PORTB &= ~(0x1 << 0);
  2014     041A  30FE               	movlw	254
  2015     041B  0586               	andwf	6,f	;volatile
  2016     041C                     l841:
  2017                           
  2018                           ;main.c: 137:     _delay((unsigned long)((100)*(6000000/4000.0)));
  2019     041C  30C3               	movlw	195
  2020     041D  00F1               	movwf	??_LcdData+1
  2021     041E  30CD               	movlw	205
  2022     041F  00F0               	movwf	??_LcdData
  2023     0420                     u777:
  2024     0420  0BF0               	decfsz	??_LcdData,f
  2025     0421  2C20               	goto	u777
  2026     0422  0BF1               	decfsz	??_LcdData+1,f
  2027     0423  2C20               	goto	u777
  2028     0424                     l82:
  2029     0424  0008               	return
  2030     0425                     __end_of_LcdData:
  2031                           
  2032                           	psect	text10
  2033     0425                     __ptext10:	
  2034 ;; *************** function _LcdCommand *****************
  2035 ;; Defined at:
  2036 ;;		line 141 in file "main.c"
  2037 ;; Parameters:    Size  Location     Type
  2038 ;;  i               1    wreg     unsigned char 
  2039 ;; Auto vars:     Size  Location     Type
  2040 ;;  i               1    2[COMMON] unsigned char 
  2041 ;; Return value:  Size  Location     Type
  2042 ;;                  1    wreg      void 
  2043 ;; Registers used:
  2044 ;;		wreg, status,2, status,0
  2045 ;; Tracked objects:
  2046 ;;		On entry : 0/0
  2047 ;;		On exit  : 0/0
  2048 ;;		Unchanged: 0/0
  2049 ;; Data sizes:     COMMON   BANK0   BANK1   BANK3   BANK2
  2050 ;;      Params:         0       0       0       0       0
  2051 ;;      Locals:         1       0       0       0       0
  2052 ;;      Temps:          2       0       0       0       0
  2053 ;;      Totals:         3       0       0       0       0
  2054 ;;Total ram usage:        3 bytes
  2055 ;; Hardware stack levels used: 1
  2056 ;; This function calls:
  2057 ;;		Nothing
  2058 ;; This function is called by:
  2059 ;;		_main
  2060 ;;		_adcLcdInit
  2061 ;;		_LcdOutput
  2062 ;; This function uses a non-reentrant model
  2063 ;;
  2064                           
  2065     0425                     _LcdCommand:	
  2066                           ;psect for function _LcdCommand
  2067                           
  2068                           
  2069                           ;incstack = 0
  2070                           ; Regs used in _LcdCommand: [wreg+status,2+status,0]
  2071                           ;LcdCommand@i stored from wreg
  2072     0425  00F2               	movwf	LcdCommand@i
  2073     0426                     l825:
  2074                           
  2075                           ;main.c: 142:     PORTB &= ~(0x1 << 3);
  2076     0426  30F7               	movlw	247
  2077     0427  1283               	bcf	3,5	;RP0=0, select bank0
  2078     0428  1303               	bcf	3,6	;RP1=0, select bank0
  2079     0429  0586               	andwf	6,f	;volatile
  2080     042A                     l827:
  2081                           
  2082                           ;main.c: 143:     PORTD = i;
  2083     042A  0872               	movf	LcdCommand@i,w
  2084     042B  0088               	movwf	8	;volatile
  2085     042C                     l829:
  2086                           
  2087                           ;main.c: 144:     PORTB |= (0x1 << 0);
  2088     042C  1406               	bsf	6,0	;volatile
  2089     042D                     l831:
  2090                           
  2091                           ;main.c: 145:     PORTB &= ~(0x1 << 0);
  2092     042D  30FE               	movlw	254
  2093     042E  0586               	andwf	6,f	;volatile
  2094                           
  2095                           ;main.c: 146:     _delay((unsigned long)((100)*(6000000/4000.0)));
  2096     042F  30C3               	movlw	195
  2097     0430  00F1               	movwf	??_LcdCommand+1
  2098     0431  30CD               	movlw	205
  2099     0432  00F0               	movwf	??_LcdCommand
  2100     0433                     u787:
  2101     0433  0BF0               	decfsz	??_LcdCommand,f
  2102     0434  2C33               	goto	u787
  2103     0435  0BF1               	decfsz	??_LcdCommand+1,f
  2104     0436  2C33               	goto	u787
  2105     0437                     l85:
  2106     0437  0008               	return
  2107     0438                     __end_of_LcdCommand:
  2108     0002                     ___latbits      equ	2
  2109     007E                     btemp           set	126	;btemp
  2110     007E                     wtemp0          set	126

Data Sizes:
    Strings     0
    Constant    0
    Data        11
    BSS         8
    Persistent  0
    Stack       0

Auto Spaces:
    Space          Size  Autos    Used
    COMMON           14     14      14
    BANK0            80     51      70
    BANK1            80      0       0
    BANK3            96      0       0
    BANK2            96      0       0

Pointer List with Targets:

    None.

Critical Paths under _main in COMMON

    _main->_LcdOutput
    _map->___aldiv
    ___aldiv->___lmul
    _adcLcdInit->_LcdCommand
    _LcdOutput->___lwdiv
    ___lwdiv->___lwmod

Critical Paths under _main in BANK0

    _main->_map
    _map->___aldiv

Critical Paths under _main in BANK1

    None.

Critical Paths under _main in BANK3

    None.

Critical Paths under _main in BANK2

    None.

Call Graph Tables:

 ---------------------------------------------------------------------------------
 (Depth) Function   	        Calls       Base Space   Used Autos Params    Refs
 ---------------------------------------------------------------------------------
 (0) _main                                                 5     5      0    1235
                                             46 BANK0      5     5      0
                         _LcdCommand
                            _LcdData
                          _LcdOutput
                         _adcLcdInit
                                _map
                            _pwmInit
 ---------------------------------------------------------------------------------
 (1) _pwmInit                                              0     0      0       0
 ---------------------------------------------------------------------------------
 (1) _map                                                 32    12     20     555
                                             14 BANK0     32    12     20
                            ___aldiv
                             ___lmul
 ---------------------------------------------------------------------------------
 (2) ___lmul                                              13     5      8      94
                                              0 COMMON    13     5      8
 ---------------------------------------------------------------------------------
 (2) ___aldiv                                             15     7      8     302
                                             13 COMMON     1     1      0
                                              0 BANK0     14     6      8
                             ___lmul (ARG)
 ---------------------------------------------------------------------------------
 (1) _adcLcdInit                                           2     2      0      29
                                              3 COMMON     2     2      0
                         _LcdCommand
 ---------------------------------------------------------------------------------
 (1) _LcdOutput                                            6     4      2     525
                                             12 COMMON     2     0      2
                                              0 BANK0      3     3      0
                         _LcdCommand
                            _LcdData
                            ___lwdiv
                            ___lwmod
 ---------------------------------------------------------------------------------
 (2) ___lwmod                                              5     1      4     165
                                              0 COMMON     5     1      4
 ---------------------------------------------------------------------------------
 (2) ___lwdiv                                              7     3      4     166
                                              5 COMMON     7     3      4
                            ___lwmod (ARG)
 ---------------------------------------------------------------------------------
 (2) _LcdData                                              3     3      0      29
                                              0 COMMON     3     3      0
 ---------------------------------------------------------------------------------
 (2) _LcdCommand                                           3     3      0      29
                                              0 COMMON     3     3      0
 ---------------------------------------------------------------------------------
 Estimated maximum stack depth 2
 ---------------------------------------------------------------------------------

 Call Graph Graphs:

 _main (ROOT)
   _LcdCommand
   _LcdData
   _LcdOutput
     _LcdCommand
     _LcdData
     ___lwdiv
       ___lwmod (ARG)
     ___lwmod
   _adcLcdInit
     _LcdCommand
   _map
     ___aldiv
       ___lmul (ARG)
     ___lmul
   _pwmInit

Address spaces:
Name               Size   Autos  Total    Usage
BANK3               96      0       0      0.0%
BITBANK3            96      0       0      0.0%
BANK2               96      0       0      0.0%
BITBANK2            96      0       0      0.0%
BANK1               80      0       0      0.0%
BITBANK1            80      0       0      0.0%
BANK0               80     51      70     87.5%
BITBANK0            80      0       0      0.0%
COMMON              14     14      14    100.0%
BITCOMMON           14      0       0      0.0%
DATA                 0      0      84      0.0%
STACK                0      0       0      0.0%


Microchip Technology PIC Macro Assembler V3.00 build 20241204225717 
Symbol Table                                                                                   Mon Jun 02 22:33:01 2025

                      pc 0002                       l61 0756                       l70 044A  
                     l62 0759                       l73 058B                       l82 0424  
                     l76 0687                       l85 0437                       l79 05FA  
                     fsr 0004                      l236 069C                      l246 0720  
                    l185 051D                      l451 04D7                      l461 0495  
                    l901 049E                      l831 042D                      l911 04BF  
                    l903 04A1                      l825 0426                      l841 041C  
                    l833 0414                      l913 04C5                      l905 04A8  
                    l827 042A                      l835 0417                      l915 04C6  
                    l907 04AA                      l931 0470                      l923 045E  
                    l851 0504                      l843 04D8                      l829 042C  
                    l837 0419                      l917 04CD                      l909 04AE  
                    l933 0474                      l925 0464                      l941 0491  
                    l861 068F                      l853 0515                      l845 04E0  
                    l839 041A                      l919 04D3                      l935 047E  
                    l927 0467                      l951 051E                      l871 06BD  
                    l863 06A0                      l847 04E4                      l937 0484  
                    l929 046E                      l961 0542                      l953 0526  
                    l881 06EA                      l873 06C0                      l865 06AB  
                    l857 0688                      l849 04FB                      l945 0438  
                    l939 048B                      l971 0564                      l963 0548  
                    l955 052C                      l891 070D                      l883 06F8  
                    l875 06CB                      l867 06AD                      l859 068B  
                    l947 0446                      l981 0582                      l973 056C  
                    l965 0550                      l957 0534                      l893 0718  
                    l885 06F9                      l877 06CF                      l869 06B5  
                    l949 0449                      l975 0572                      l967 0556  
                    l959 053A                      l887 0702                      l879 06D8  
                    l983 05FB                      l991 0726                      l897 0496  
                    l977 057A                      l969 055E                      l889 0708  
                    l993 072B                      l899 0498                      l987 058C  
                    l979 057E                      l995 0731                      l989 0721  
                    u400 068F                      u401 068E                      u410 06A0  
                    u411 069F                      u500 049E                      u420 06BD  
                    u501 049D                      u421 06BC                      u350 04E4  
                    _PR2 0092                      u351 04E3                      u520 04AE  
                    u600 047E                      u440 06CF                      u521 04AD  
                    u601 047D                      u441 06CE                      u361 04ED  
                    u362 04F4                      u515 04A2                      u435 06C2  
                    u363 04FB                      u540 04BF                      u620 0491  
                    u460 06EA                      u541 04BE                      u621 0490  
                    u605 047A                      u461 06E9                      u390 0515  
                    u535 04AF                      u615 0485                      u455 06D1  
                    u391 0514                      u375 04FD                      u631 060C  
                    u560 04D3                      u480 0708                      u632 060D  
                    u561 04D2                      u545 04BB                      u481 0707  
                    u465 06E6                      u385 0505                      u641 0630  
                    u633 0612                      u570 0464                      u490 070D  
                    u642 0631                      u634 0613                      u555 04C7  
                    u571 0463                      u707 0530                      u491 070C  
                    u475 06FA                      u651 0654                      u643 0636  
                    u635 0618                      u652 0655                      u644 0637  
                    u636 0619                      u660 0756                      u717 053E  
                    u653 065A                      u645 063C                      u661 0755  
                    u590 0474                      u654 065B                      u646 063D  
                    u670 075D                      u591 0473                      u727 054C  
                    u655 0660                      u671 075C                      u656 0661  
                    u585 0468                      u737 055A                      u665 0752  
                    u747 0568                      u757 0576                      u685 07B9  
                    u767 0586                      u777 0420                      u697 07DB  
                    u787 0433                      _map 05FB                      fsr0 0004  
                    indf 0000                     l1001 0735                     l1011 07A9  
                   l1003 0741                     l1013 07B5                     l1005 0749  
                   l1015 07C2                     l1007 075D                     l1017 07C8  
                   l1009 0778                     l1019 07D3                     ?_map 002E  
                   _TMR2 0011                     _main 0721                     map@x 002E  
                   btemp 007E                     start 0000          __end_of_LcdData 0425  
             _LcdCommand 0425                    ??_map 0042          __end_of___aldiv 0721  
                  ?_main 0070                    _T2CON 0012          __end_of___lwdiv 04D8  
        __end_of___lwmod 0496                    _PORTB 0006                    _PORTD 0008  
                  _TRISB 0086                    _TRISC 0087                    _TRISD 0088  
    ___lmul@multiplicand 0074                    main@i 0051                    pclath 000A  
        __end_of_pwmInit 044B                    status 0003                    wtemp0 007E  
        __initialization 07E6             __end_of_main 07E6                   ??_main 004E  
                 _ADCON0 001F                   _ADCON1 009F                   _ADRESH 001E  
                 _ADRESL 009E                   _CCPR1L 0015                ??_LcdData 0070  
                 _TMR2ON 0092              ?_LcdCommand 0070                   _adcLow 0062  
                 ___lmul 04D8                ??___aldiv 007D                ??___lwdiv 0079  
              ??___lwmod 0074                ??_pwmInit 0070               _adcLcdInit 051E  
__end_of__initialization 07FC        __end_of_LcdOutput 05FB           __pcstackCOMMON 0070  
           __pidataBANK0 0408               __pbssBANK0 005E               __pmaintext 0721  
                ?___lmul 0070                  _CCP1CON 0017           ___lmul@product 0079  
            ?_adcLcdInit 0070                  _LcdData 0413                  ___aldiv 0688  
                _adcHigh 0064                  _adcVolt 005E                  ___lwdiv 0496  
                ___lwmod 045E                  __ptext1 0438                  __ptext2 05FB  
                __ptext3 04D8                  __ptext4 0688                  __ptext5 051E  
                __ptext6 058C                  __ptext7 045E                  __ptext8 0496  
                __ptext9 0413         ___aldiv@dividend 0024                  _pwmInit 0438  
   end_of_initialization 07FC             ??_LcdCommand 0070         ___aldiv@quotient 002A  
     __end_of_LcdCommand 0438               map@out_max 003E               map@out_min 003A  
              _LcdOutput 058C           __end_of___lmul 051E      start_initialization 07E6  
            __end_of_map 0688                 ??___lmul 0078               init_fetch0 044B  
             ?_LcdOutput 007C              __pdataBANK0 0053                ___latbits 0002  
          __pcstackBANK0 0020             ??_adcLcdInit 0073                 ?_LcdData 0070  
       ___lwdiv@dividend 0077                 ?___aldiv 0020                 ?___lwdiv 0075  
               ?___lwmod 0070       __end_of_adcLcdInit 058C                 ?_pwmInit 0070  
       ___lwdiv@quotient 0079          ___aldiv@divisor 0020          ___aldiv@counter 0028  
               LcdData@i 0072              ??_LcdOutput 007E                map@in_max 0036  
              map@in_min 0032          _calibratedValue 0060        ___lmul@multiplier 0070  
        ___lwdiv@divisor 0075          ___lwdiv@counter 007B                 __ptext10 0425  
            LcdCommand@i 0072           _calibratedVolt 0053                 init_ram0 044F  
            LcdOutput@d1 0020              LcdOutput@d2 0021              LcdOutput@d3 0022  
       ___lwmod@dividend 0072               LcdOutput@i 007C          ___lwmod@divisor 0070  
        ___lwmod@counter 0074             ___aldiv@sign 0029  
