

Microchip MPLAB XC8 Assembler V3.00 build 20241204225717 
                                                                                               Thu May 01 21:21:37 2025

Microchip MPLAB XC8 C Compiler v3.00 (Free license) build 20241204225717 Og1 
     1                           	processor	16F877A
     2                           	pagewidth 120
     3                           	opt	flic
     4                           	psect	idataBANK0,global,class=CODE,space=0,delta=2,noexec
     5                           	psect	cinit,global,class=CODE,space=0,merge=1,delta=2
     6                           	psect	bssBANK0,global,class=BANK0,space=1,delta=1,noexec
     7                           	psect	dataBANK0,global,class=BANK0,space=1,delta=1,noexec
     8                           	psect	inittext,global,class=CODE,space=0,delta=2
     9                           	psect	cstackCOMMON,global,class=COMMON,space=1,delta=1,noexec
    10                           	psect	cstackBANK0,global,class=BANK0,space=1,delta=1,noexec
    11                           	psect	maintext,global,class=CODE,space=0,split=1,delta=2
    12                           	psect	text1,local,class=CODE,space=0,merge=1,delta=2
    13                           	psect	text2,local,class=CODE,space=0,merge=1,delta=2,group=1
    14                           	psect	text3,local,class=CODE,space=0,merge=1,delta=2,group=1
    15                           	psect	text4,local,class=CODE,space=0,merge=1,delta=2
    16                           	psect	text5,local,class=CODE,space=0,merge=1,delta=2
    17                           	psect	text6,local,class=CODE,space=0,merge=1,delta=2,group=1
    18                           	psect	text7,local,class=CODE,space=0,merge=1,delta=2,group=1
    19                           	psect	text8,local,class=CODE,space=0,merge=1,delta=2
    20                           	psect	text9,local,class=CODE,space=0,merge=1,delta=2
    21                           	psect	text10,local,class=CODE,space=0,merge=1,delta=2
    22                           	psect	text11,local,class=CODE,space=0,merge=1,delta=2
    23                           	psect	text12,local,class=CODE,space=0,merge=1,delta=2
    24                           	psect	config,global,abs,ovrld,class=CONFIG,space=4,delta=2,noexec
    25                           	dabs	1,0x7E,2
    26     0000                     
    27                           ; Generated 12/10/2023 GMT
    28                           ; 
    29                           ; Copyright © 2023, Microchip Technology Inc. and its subsidiaries ("Microchip")
    30                           ; All rights reserved.
    31                           ; 
    32                           ; This software is developed by Microchip Technology Inc. and its subsidiaries ("Microch
      +                          ip").
    33                           ; 
    34                           ; Redistribution and use in source and binary forms, with or without modification, are
    35                           ; permitted provided that the following conditions are met:
    36                           ; 
    37                           ;     1. Redistributions of source code must retain the above copyright notice, this lis
      +                          t of
    38                           ;        conditions and the following disclaimer.
    39                           ; 
    40                           ;     2. Redistributions in binary form must reproduce the above copyright notice, this 
      +                          list
    41                           ;        of conditions and the following disclaimer in the documentation and/or other
    42                           ;        materials provided with the distribution. Publication is not required when
    43                           ;        this file is used in an embedded application.
    44                           ; 
    45                           ;     3. Microchip's name may not be used to endorse or promote products derived from th
      +                          is
    46                           ;        software without specific prior written permission.
    47                           ; 
    48                           ; THIS SOFTWARE IS PROVIDED BY MICROCHIP "AS IS" AND ANY EXPRESS OR IMPLIED WARRANTIES,
    49                           ; INCLUDING, BUT NOT LIMITED TO, THE IMPLIED WARRANTIES OF MERCHANTABILITY AND FITNESS F
      +                          OR
    50                           ; PURPOSE ARE DISCLAIMED.  IN NO EVENT SHALL MICROCHIP BE LIABLE FOR ANY DIRECT, INDIREC
      +                          T,
    51                           ; INCIDENTAL, SPECIAL, EXEMPLARY, OR CONSEQUENTIAL DAMAGES (INCLUDING BUT NOT LIMITED TO
    52                           ; PROCUREMENT OF SUBSTITUTE GOODS OR SERVICES; LOSS OF USE, DATA OR PROFITS; OR BUSINESS
    53                           ; INTERRUPTION) HOWSOEVER CAUSED AND ON ANY THEORY OF LIABILITY, WHETHER IN CONTRACT, ST
      +                          RICT
    54                           ; LIABILITY, OR TORT (INCLUDING NEGLIGENCE OR OTHERWISE) ARISING IN ANY WAY OUT OF THE U
      +                          SE OF
    55                           ; THIS SOFTWARE, EVEN IF ADVISED OF THE POSSIBILITY OF SUCH DAMAGE.
    56                           ; 
    57                           ; 
    58                           ; Code-generator required, PIC16F877A Definitions
    59                           ; 
    60                           ; SFR Addresses
    61     0004                     fsr             equ	4
    62     0004                     fsr0            equ	4
    63     0000                     indf            equ	0
    64     0000                     indf0           equ	0
    65     0002                     pc              equ	2
    66     0002                     pcl             equ	2
    67     000A                     pclath          equ	10
    68     0003                     status          equ	3
    69     0000                     INDF            equ	0	;# 
    70     0001                     TMR0            equ	1	;# 
    71     0002                     PCL             equ	2	;# 
    72     0003                     STATUS          equ	3	;# 
    73     0004                     FSR             equ	4	;# 
    74     0005                     PORTA           equ	5	;# 
    75     0006                     PORTB           equ	6	;# 
    76     0007                     PORTC           equ	7	;# 
    77     0008                     PORTD           equ	8	;# 
    78     0009                     PORTE           equ	9	;# 
    79     000A                     PCLATH          equ	10	;# 
    80     000B                     INTCON          equ	11	;# 
    81     000C                     PIR1            equ	12	;# 
    82     000D                     PIR2            equ	13	;# 
    83     000E                     TMR1            equ	14	;# 
    84     000E                     TMR1L           equ	14	;# 
    85     000F                     TMR1H           equ	15	;# 
    86     0010                     T1CON           equ	16	;# 
    87     0011                     TMR2            equ	17	;# 
    88     0012                     T2CON           equ	18	;# 
    89     0013                     SSPBUF          equ	19	;# 
    90     0014                     SSPCON          equ	20	;# 
    91     0015                     CCPR1           equ	21	;# 
    92     0015                     CCPR1L          equ	21	;# 
    93     0016                     CCPR1H          equ	22	;# 
    94     0017                     CCP1CON         equ	23	;# 
    95     0018                     RCSTA           equ	24	;# 
    96     0019                     TXREG           equ	25	;# 
    97     001A                     RCREG           equ	26	;# 
    98     001B                     CCPR2           equ	27	;# 
    99     001B                     CCPR2L          equ	27	;# 
   100     001C                     CCPR2H          equ	28	;# 
   101     001D                     CCP2CON         equ	29	;# 
   102     001E                     ADRESH          equ	30	;# 
   103     001F                     ADCON0          equ	31	;# 
   104     0081                     OPTION_REG      equ	129	;# 
   105     0085                     TRISA           equ	133	;# 
   106     0086                     TRISB           equ	134	;# 
   107     0087                     TRISC           equ	135	;# 
   108     0088                     TRISD           equ	136	;# 
   109     0089                     TRISE           equ	137	;# 
   110     008C                     PIE1            equ	140	;# 
   111     008D                     PIE2            equ	141	;# 
   112     008E                     PCON            equ	142	;# 
   113     0091                     SSPCON2         equ	145	;# 
   114     0092                     PR2             equ	146	;# 
   115     0093                     SSPADD          equ	147	;# 
   116     0094                     SSPSTAT         equ	148	;# 
   117     0098                     TXSTA           equ	152	;# 
   118     0099                     SPBRG           equ	153	;# 
   119     009C                     CMCON           equ	156	;# 
   120     009D                     CVRCON          equ	157	;# 
   121     009E                     ADRESL          equ	158	;# 
   122     009F                     ADCON1          equ	159	;# 
   123     010C                     EEDATA          equ	268	;# 
   124     010D                     EEADR           equ	269	;# 
   125     010E                     EEDATH          equ	270	;# 
   126     010F                     EEADRH          equ	271	;# 
   127     018C                     EECON1          equ	396	;# 
   128     018D                     EECON2          equ	397	;# 
   129     0000                     INDF            equ	0	;# 
   130     0001                     TMR0            equ	1	;# 
   131     0002                     PCL             equ	2	;# 
   132     0003                     STATUS          equ	3	;# 
   133     0004                     FSR             equ	4	;# 
   134     0005                     PORTA           equ	5	;# 
   135     0006                     PORTB           equ	6	;# 
   136     0007                     PORTC           equ	7	;# 
   137     0008                     PORTD           equ	8	;# 
   138     0009                     PORTE           equ	9	;# 
   139     000A                     PCLATH          equ	10	;# 
   140     000B                     INTCON          equ	11	;# 
   141     000C                     PIR1            equ	12	;# 
   142     000D                     PIR2            equ	13	;# 
   143     000E                     TMR1            equ	14	;# 
   144     000E                     TMR1L           equ	14	;# 
   145     000F                     TMR1H           equ	15	;# 
   146     0010                     T1CON           equ	16	;# 
   147     0011                     TMR2            equ	17	;# 
   148     0012                     T2CON           equ	18	;# 
   149     0013                     SSPBUF          equ	19	;# 
   150     0014                     SSPCON          equ	20	;# 
   151     0015                     CCPR1           equ	21	;# 
   152     0015                     CCPR1L          equ	21	;# 
   153     0016                     CCPR1H          equ	22	;# 
   154     0017                     CCP1CON         equ	23	;# 
   155     0018                     RCSTA           equ	24	;# 
   156     0019                     TXREG           equ	25	;# 
   157     001A                     RCREG           equ	26	;# 
   158     001B                     CCPR2           equ	27	;# 
   159     001B                     CCPR2L          equ	27	;# 
   160     001C                     CCPR2H          equ	28	;# 
   161     001D                     CCP2CON         equ	29	;# 
   162     001E                     ADRESH          equ	30	;# 
   163     001F                     ADCON0          equ	31	;# 
   164     0081                     OPTION_REG      equ	129	;# 
   165     0085                     TRISA           equ	133	;# 
   166     0086                     TRISB           equ	134	;# 
   167     0087                     TRISC           equ	135	;# 
   168     0088                     TRISD           equ	136	;# 
   169     0089                     TRISE           equ	137	;# 
   170     008C                     PIE1            equ	140	;# 
   171     008D                     PIE2            equ	141	;# 
   172     008E                     PCON            equ	142	;# 
   173     0091                     SSPCON2         equ	145	;# 
   174     0092                     PR2             equ	146	;# 
   175     0093                     SSPADD          equ	147	;# 
   176     0094                     SSPSTAT         equ	148	;# 
   177     0098                     TXSTA           equ	152	;# 
   178     0099                     SPBRG           equ	153	;# 
   179     009C                     CMCON           equ	156	;# 
   180     009D                     CVRCON          equ	157	;# 
   181     009E                     ADRESL          equ	158	;# 
   182     009F                     ADCON1          equ	159	;# 
   183     010C                     EEDATA          equ	268	;# 
   184     010D                     EEADR           equ	269	;# 
   185     010E                     EEDATH          equ	270	;# 
   186     010F                     EEADRH          equ	271	;# 
   187     018C                     EECON1          equ	396	;# 
   188     018D                     EECON2          equ	397	;# 
   189                           
   190                           	psect	idataBANK0
   191     02EE                     __pidataBANK0:
   192                           
   193                           ;initializer for _CH4
   194     02EE  3443               	retlw	67
   195     02EF  3448               	retlw	72
   196     02F0  3434               	retlw	52
   197     02F1  343A               	retlw	58
   198                           
   199                           ;initializer for _CH1
   200     02F2  3443               	retlw	67
   201     02F3  3448               	retlw	72
   202     02F4  3431               	retlw	49
   203     02F5  343A               	retlw	58
   204     0008                     _PORTD          set	8
   205     0007                     _PORTC          set	7
   206     001E                     _ADRESH         set	30
   207     001F                     _ADCON0         set	31
   208     009F                     _ADCON1         set	159
   209     0085                     _TRISA          set	133
   210     0088                     _TRISD          set	136
   211     0087                     _TRISC          set	135
   212     009E                     _ADRESL         set	158
   213                           
   214                           	psect	cinit
   215     07E6                     start_initialization:	
   216                           ; #config settings
   217                           
   218     07E6                     __initialization:
   219                           
   220                           ; Initialize objects allocated to BANK0
   221     07E6  1383               	bcf	3,7	;select IRP bank0
   222     07E7  3064               	movlw	low (__pdataBANK0+8)
   223     07E8  00FD               	movwf	btemp+-1
   224     07E9  3002               	movlw	high __pidataBANK0
   225     07EA  00FE               	movwf	btemp
   226     07EB  30EE               	movlw	low __pidataBANK0
   227     07EC  00FF               	movwf	btemp+1
   228     07ED  305C               	movlw	low __pdataBANK0
   229     07EE  0084               	movwf	4
   230     07EF  120A  118A  230E  120A  118A  	fcall	init_ram0
   231                           
   232                           ; Clear objects allocated to BANK0
   233     07F4  01D4               	clrf	__pbssBANK0& (0+127)
   234     07F5  01D5               	clrf	(__pbssBANK0+1)& (0+127)
   235     07F6  01D6               	clrf	(__pbssBANK0+2)& (0+127)
   236     07F7  01D7               	clrf	(__pbssBANK0+3)& (0+127)
   237     07F8  01D8               	clrf	(__pbssBANK0+4)& (0+127)
   238     07F9  01D9               	clrf	(__pbssBANK0+5)& (0+127)
   239     07FA  01DA               	clrf	(__pbssBANK0+6)& (0+127)
   240     07FB  01DB               	clrf	(__pbssBANK0+7)& (0+127)
   241     07FC                     end_of_initialization:	
   242                           ;End of C runtime variable initialization code
   243                           
   244     07FC                     __end_of__initialization:
   245     07FC  0183               	clrf	3
   246     07FD  120A  118A  2EBB   	ljmp	_main	;jump to C main() function
   247                           
   248                           	psect	bssBANK0
   249     0054                     __pbssBANK0:
   250     0054                     _adcVolt:
   251     0054                     	ds	2
   252     0056                     _calibratedValue:
   253     0056                     	ds	2
   254     0058                     _adcLow:
   255     0058                     	ds	2
   256     005A                     _adcHigh:
   257     005A                     	ds	2
   258                           
   259                           	psect	dataBANK0
   260     005C                     __pdataBANK0:
   261     005C                     _CH4:
   262     005C                     	ds	4
   263     0060                     _CH1:
   264     0060                     	ds	4
   265                           
   266                           	psect	inittext
   267     030A                     init_fetch0:	
   268                           ;	Called with low address in FSR and high address in W
   269                           
   270     030A  087E               	movf	btemp,w
   271     030B  008A               	movwf	10
   272     030C  087F               	movf	btemp+1,w
   273     030D  0082               	movwf	2
   274     030E                     init_ram0:	
   275                           ;Called with:
   276                           ;	high address of idata address in btemp 
   277                           ;	low address of idata address in btemp+1 
   278                           ;	low address of data in FSR
   279                           ;	high address + 1 of data in btemp-1
   280                           
   281     030E  120A  118A  230A  120A  118A  	fcall	init_fetch0
   282     0313  0080               	movwf	0
   283     0314  0A84               	incf	4,f
   284     0315  0804               	movf	4,w
   285     0316  067D               	xorwf	btemp+-1,w
   286     0317  1903               	btfsc	3,2
   287     0318  3400               	retlw	0
   288     0319  0AFF               	incf	btemp+1,f
   289     031A  1903               	btfsc	3,2
   290     031B  0AFE               	incf	btemp,f
   291     031C  2B0E               	goto	init_ram0
   292                           
   293                           	psect	cstackCOMMON
   294     0070                     __pcstackCOMMON:
   295     0070                     ?_LcdInit:
   296     0070                     ?_adcInit:	
   297                           ; 1 bytes @ 0x0
   298                           
   299     0070                     ?_LcdCommand:	
   300                           ; 1 bytes @ 0x0
   301                           
   302     0070                     ?_LcdData:	
   303                           ; 1 bytes @ 0x0
   304                           
   305     0070                     ?_AN1_init:	
   306                           ; 1 bytes @ 0x0
   307                           
   308     0070                     ?_AN4_init:	
   309                           ; 1 bytes @ 0x0
   310                           
   311     0070                     ?_main:	
   312                           ; 1 bytes @ 0x0
   313                           
   314     0070                     ?___lwdiv:	
   315                           ; 1 bytes @ 0x0
   316                           
   317     0070                     ?___lmul:	
   318                           ; 2 bytes @ 0x0
   319                           
   320     0070                     ___lwdiv@divisor:	
   321                           ; 4 bytes @ 0x0
   322                           
   323     0070                     ___lmul@multiplier:	
   324                           ; 2 bytes @ 0x0
   325                           
   326     0070                     ??_adcInit:	
   327                           ; 4 bytes @ 0x0
   328                           
   329     0070                     ??_LcdCommand:	
   330                           ; 1 bytes @ 0x0
   331                           
   332     0070                     ??_LcdData:	
   333                           ; 1 bytes @ 0x0
   334                           
   335     0070                     ??_AN1_init:	
   336                           ; 1 bytes @ 0x0
   337                           
   338     0070                     ??_AN4_init:	
   339                           ; 1 bytes @ 0x0
   340                           
   341                           
   342                           ; 1 bytes @ 0x0
   343     0070                     	ds	2
   344     0072                     LcdData@i:
   345     0072                     LcdCommand@i:	
   346                           ; 1 bytes @ 0x2
   347                           
   348     0072                     ___lwdiv@dividend:	
   349                           ; 1 bytes @ 0x2
   350                           
   351                           
   352                           ; 2 bytes @ 0x2
   353     0072                     	ds	1
   354     0073                     ??_LcdInit:
   355                           
   356                           ; 1 bytes @ 0x3
   357     0073                     	ds	1
   358     0074                     ___lwdiv@quotient:
   359     0074                     ___lmul@multiplicand:	
   360                           ; 2 bytes @ 0x4
   361                           
   362     0074                     ??___lwdiv:	
   363                           ; 4 bytes @ 0x4
   364                           
   365                           
   366                           ; 1 bytes @ 0x4
   367     0074                     	ds	2
   368     0076                     ___lwdiv@counter:
   369                           
   370                           ; 1 bytes @ 0x6
   371     0076                     	ds	1
   372     0077                     ?___lwmod:
   373     0077                     ___lwmod@divisor:	
   374                           ; 2 bytes @ 0x7
   375                           
   376                           
   377                           ; 2 bytes @ 0x7
   378     0077                     	ds	1
   379     0078                     ??___lmul:
   380                           
   381                           ; 1 bytes @ 0x8
   382     0078                     	ds	1
   383     0079                     ___lwmod@dividend:
   384     0079                     ___lmul@product:	
   385                           ; 2 bytes @ 0x9
   386                           
   387                           
   388                           ; 4 bytes @ 0x9
   389     0079                     	ds	2
   390     007B                     ___lwmod@counter:
   391     007B                     ??___lwmod:	
   392                           ; 1 bytes @ 0xB
   393                           
   394                           
   395                           ; 1 bytes @ 0xB
   396     007B                     	ds	1
   397     007C                     ?_LcdOutput:
   398     007C                     LcdOutput@i:	
   399                           ; 1 bytes @ 0xC
   400                           
   401                           
   402                           ; 2 bytes @ 0xC
   403     007C                     	ds	1
   404     007D                     ??___aldiv:
   405                           
   406                           ; 1 bytes @ 0xD
   407     007D                     	ds	1
   408     007E                     ??_LcdOutput:
   409                           
   410                           	psect	cstackBANK0
   411     0020                     __pcstackBANK0:	
   412                           ; 1 bytes @ 0xE
   413                           
   414     0020                     ?___aldiv:
   415     0020                     LcdOutput@d_3:	
   416                           ; 4 bytes @ 0x0
   417                           
   418     0020                     ___aldiv@divisor:	
   419                           ; 1 bytes @ 0x0
   420                           
   421                           
   422                           ; 4 bytes @ 0x0
   423     0020                     	ds	1
   424     0021                     LcdOutput@d_2:
   425                           
   426                           ; 1 bytes @ 0x1
   427     0021                     	ds	1
   428     0022                     LcdOutput@d_1:
   429                           
   430                           ; 1 bytes @ 0x2
   431     0022                     	ds	1
   432     0023                     LcdOutput@d_0:
   433                           
   434                           ; 1 bytes @ 0x3
   435     0023                     	ds	1
   436     0024                     ___aldiv@dividend:
   437                           
   438                           ; 4 bytes @ 0x4
   439     0024                     	ds	4
   440     0028                     ___aldiv@counter:
   441                           
   442                           ; 1 bytes @ 0x8
   443     0028                     	ds	1
   444     0029                     ___aldiv@sign:
   445                           
   446                           ; 1 bytes @ 0x9
   447     0029                     	ds	1
   448     002A                     ___aldiv@quotient:
   449                           
   450                           ; 4 bytes @ 0xA
   451     002A                     	ds	4
   452     002E                     ?_map:
   453     002E                     map@x:	
   454                           ; 2 bytes @ 0xE
   455                           
   456                           
   457                           ; 4 bytes @ 0xE
   458     002E                     	ds	4
   459     0032                     map@in_min:
   460                           
   461                           ; 4 bytes @ 0x12
   462     0032                     	ds	4
   463     0036                     map@in_max:
   464                           
   465                           ; 4 bytes @ 0x16
   466     0036                     	ds	4
   467     003A                     map@out_min:
   468                           
   469                           ; 4 bytes @ 0x1A
   470     003A                     	ds	4
   471     003E                     map@out_max:
   472                           
   473                           ; 4 bytes @ 0x1E
   474     003E                     	ds	4
   475     0042                     ??_map:
   476                           
   477                           ; 1 bytes @ 0x22
   478     0042                     	ds	12
   479     004E                     ??_main:
   480                           
   481                           ; 1 bytes @ 0x2E
   482     004E                     	ds	2
   483     0050                     main@i:
   484                           
   485                           ; 2 bytes @ 0x30
   486     0050                     	ds	2
   487     0052                     main@i_89:
   488                           
   489                           ; 2 bytes @ 0x32
   490     0052                     	ds	2
   491                           
   492                           	psect	maintext
   493     06BB                     __pmaintext:	
   494 ;;
   495 ;;Main: autosize = 0, tempsize = 2, incstack = 0, save=0
   496 ;;
   497 ;; *************** function _main *****************
   498 ;; Defined at:
   499 ;;		line 37 in file "main.c"
   500 ;; Parameters:    Size  Location     Type
   501 ;;		None
   502 ;; Auto vars:     Size  Location     Type
   503 ;;  i               2   50[BANK0 ] int 
   504 ;;  i               2   48[BANK0 ] int 
   505 ;; Return value:  Size  Location     Type
   506 ;;                  1    wreg      void 
   507 ;; Registers used:
   508 ;;		wreg, fsr0l, fsr0h, status,2, status,0, btemp+1, pclath, cstack
   509 ;; Tracked objects:
   510 ;;		On entry : B00/0
   511 ;;		On exit  : 0/0
   512 ;;		Unchanged: 0/0
   513 ;; Data sizes:     COMMON   BANK0   BANK1   BANK3   BANK2
   514 ;;      Params:         0       0       0       0       0
   515 ;;      Locals:         0       4       0       0       0
   516 ;;      Temps:          0       2       0       0       0
   517 ;;      Totals:         0       6       0       0       0
   518 ;;Total ram usage:        6 bytes
   519 ;; Hardware stack levels required when called: 2
   520 ;; This function calls:
   521 ;;		_AN1_init
   522 ;;		_AN4_init
   523 ;;		_LcdCommand
   524 ;;		_LcdData
   525 ;;		_LcdInit
   526 ;;		_LcdOutput
   527 ;;		_adcInit
   528 ;;		_map
   529 ;; This function is called by:
   530 ;;		Startup code after reset
   531 ;; This function uses a non-reentrant model
   532 ;;
   533                           
   534     06BB                     _main:	
   535                           ;psect for function _main
   536                           
   537     06BB                     l1088:	
   538                           ;incstack = 0
   539                           ; Regs used in _main: [wreg-fsr0h+status,2+status,0+btemp+1+pclath+cstack]
   540                           
   541                           
   542                           ;main.c: 39:         adcHigh = ADRESH;
   543     06BB  120A  118A  241F  120A  118A  	fcall	_LcdInit
   544                           
   545                           ;main.c: 40:         adcLow = ADRESL;
   546     06C0  120A  118A  2348  120A  118A  	fcall	_adcInit
   547                           
   548                           ;main.c: 42: 
   549     06C5  3080               	movlw	128
   550     06C6  120A  118A  2332  120A  118A  	fcall	_LcdCommand
   551     06CB                     l1090:
   552                           
   553                           ;main.c: 43:         LcdCommand(0x84);
   554     06CB  1283               	bcf	3,5	;RP0=0, select bank0
   555     06CC  1303               	bcf	3,6	;RP1=0, select bank0
   556     06CD  01D0               	clrf	main@i
   557     06CE  01D1               	clrf	main@i+1
   558     06CF                     l1096:
   559                           
   560                           ;main.c: 44:         LcdOutput(adcVolt);;main.c: 45:         _delay((unsigned long)((10)
      +                          *(2000000/4000.0)));
   561     06CF  1283               	bcf	3,5	;RP0=0, select bank0
   562     06D0  1303               	bcf	3,6	;RP1=0, select bank0
   563     06D1  0850               	movf	main@i,w
   564     06D2  3E60               	addlw	(low (_CH1| 0))& (0+255)
   565     06D3  0084               	movwf	4
   566     06D4  1383               	bcf	3,7	;select IRP bank0
   567     06D5  0800               	movf	0,w
   568     06D6  120A  118A  231D  120A  118A  	fcall	_LcdData
   569     06DB                     l1098:
   570                           
   571                           ;main.c: 46: 
   572     06DB  3001               	movlw	1
   573     06DC  1283               	bcf	3,5	;RP0=0, select bank0
   574     06DD  1303               	bcf	3,6	;RP1=0, select bank0
   575     06DE  07D0               	addwf	main@i,f
   576     06DF  1803               	skipnc
   577     06E0  0AD1               	incf	main@i+1,f
   578     06E1  3000               	movlw	0
   579     06E2  07D1               	addwf	main@i+1,f
   580     06E3                     l1100:
   581     06E3  0851               	movf	main@i+1,w
   582     06E4  3A80               	xorlw	128
   583     06E5  00FF               	movwf	btemp+1
   584     06E6  3080               	movlw	128
   585     06E7  027F               	subwf	btemp+1,w
   586     06E8  1D03               	skipz
   587     06E9  2EEC               	goto	u765
   588     06EA  3004               	movlw	4
   589     06EB  0250               	subwf	main@i,w
   590     06EC                     u765:
   591     06EC  1C03               	skipc
   592     06ED  2EEF               	goto	u761
   593     06EE  2EF0               	goto	u760
   594     06EF                     u761:
   595     06EF  2ECF               	goto	l1096
   596     06F0                     u760:
   597     06F0                     l1102:
   598                           
   599                           ;main.c: 48:         AN4_init();
   600     06F0  30C0               	movlw	192
   601     06F1  120A  118A  2332  120A  118A  	fcall	_LcdCommand
   602     06F6                     l1104:
   603                           
   604                           ;main.c: 49:         _delay((unsigned long)((20)*(2000000/4000000.0)));
   605     06F6  1283               	bcf	3,5	;RP0=0, select bank0
   606     06F7  1303               	bcf	3,6	;RP1=0, select bank0
   607     06F8  01D2               	clrf	main@i_89
   608     06F9  01D3               	clrf	main@i_89+1
   609     06FA                     l1110:
   610                           
   611                           ;main.c: 50:         ADCON0 |= 0x04;;main.c: 51:         while(ADCON0 & 0x04);
   612     06FA  1283               	bcf	3,5	;RP0=0, select bank0
   613     06FB  1303               	bcf	3,6	;RP1=0, select bank0
   614     06FC  0852               	movf	main@i_89,w
   615     06FD  3E5C               	addlw	(low (_CH4| 0))& (0+255)
   616     06FE  0084               	movwf	4
   617     06FF  1383               	bcf	3,7	;select IRP bank0
   618     0700  0800               	movf	0,w
   619     0701  120A  118A  231D  120A  118A  	fcall	_LcdData
   620     0706                     l1112:
   621                           
   622                           ;main.c: 52:         adcHigh = ADRESH;
   623     0706  3001               	movlw	1
   624     0707  1283               	bcf	3,5	;RP0=0, select bank0
   625     0708  1303               	bcf	3,6	;RP1=0, select bank0
   626     0709  07D2               	addwf	main@i_89,f
   627     070A  1803               	skipnc
   628     070B  0AD3               	incf	main@i_89+1,f
   629     070C  3000               	movlw	0
   630     070D  07D3               	addwf	main@i_89+1,f
   631     070E                     l1114:
   632     070E  0853               	movf	main@i_89+1,w
   633     070F  3A80               	xorlw	128
   634     0710  00FF               	movwf	btemp+1
   635     0711  3080               	movlw	128
   636     0712  027F               	subwf	btemp+1,w
   637     0713  1D03               	skipz
   638     0714  2F17               	goto	u775
   639     0715  3004               	movlw	4
   640     0716  0252               	subwf	main@i_89,w
   641     0717                     u775:
   642     0717  1C03               	skipc
   643     0718  2F1A               	goto	u771
   644     0719  2F1B               	goto	u770
   645     071A                     u771:
   646     071A  2EFA               	goto	l1110
   647     071B                     u770:
   648     071B                     l1116:
   649                           
   650                           ;main.c: 54:         adcVolt = ((adcHigh << 8) | adcLow);;main.c: 56:         calibrated
      +                          Value = map(adcVolt, 0, 1023, 0, 135);
   651     071B  120A  118A  22F6  120A  118A  	fcall	_AN1_init
   652     0720                     l1118:
   653                           
   654                           ;main.c: 57:         if(calibratedValue >= 134) calibratedValue = 135;
   655     0720  3002               	movlw	2
   656     0721  1283               	bcf	3,5	;RP0=0, select bank0
   657     0722  1303               	bcf	3,6	;RP1=0, select bank0
   658     0723  00CE               	movwf	??_main
   659     0724                     u817:
   660     0724  0BCE               	decfsz	??_main,f
   661     0725  2F24               	goto	u817
   662     0726  0000               	nop
   663     0727                     l1120:
   664                           
   665                           ;main.c: 58:         LcdCommand(0xC4);
   666     0727  1283               	bcf	3,5	;RP0=0, select bank0
   667     0728  1303               	bcf	3,6	;RP1=0, select bank0
   668     0729  151F               	bsf	31,2	;volatile
   669     072A                     l58:	
   670                           ;main.c: 59:         LcdOutput(calibratedValue);
   671                           
   672     072A  191F               	btfsc	31,2	;volatile
   673     072B  2F2D               	goto	u781
   674     072C  2F2E               	goto	u780
   675     072D                     u781:
   676     072D  2F2A               	goto	l58
   677     072E                     u780:
   678     072E                     l1122:
   679                           
   680                           ;main.c: 60:     }
   681     072E  081E               	movf	30,w	;volatile
   682     072F  00CE               	movwf	??_main
   683     0730  01CF               	clrf	??_main+1
   684     0731  084E               	movf	??_main,w
   685     0732  00DA               	movwf	_adcHigh
   686     0733  084F               	movf	??_main+1,w
   687     0734  00DB               	movwf	_adcHigh+1
   688                           
   689                           ;main.c: 61:     return;
   690     0735  1683               	bsf	3,5	;RP0=1, select bank1
   691     0736  1303               	bcf	3,6	;RP1=0, select bank1
   692     0737  081E               	movf	30,w	;volatile
   693     0738  1283               	bcf	3,5	;RP0=0, select bank0
   694     0739  1303               	bcf	3,6	;RP1=0, select bank0
   695     073A  00CE               	movwf	??_main
   696     073B  01CF               	clrf	??_main+1
   697     073C  084E               	movf	??_main,w
   698     073D  00D8               	movwf	_adcLow
   699     073E  084F               	movf	??_main+1,w
   700     073F  00D9               	movwf	_adcLow+1
   701                           
   702                           ;main.c: 62: }
   703     0740  085A               	movf	_adcHigh,w
   704     0741  00CF               	movwf	??_main+1
   705     0742  01CE               	clrf	??_main
   706     0743  0858               	movf	_adcLow,w
   707     0744  044E               	iorwf	??_main,w
   708     0745  00D4               	movwf	_adcVolt
   709     0746  0859               	movf	_adcLow+1,w
   710     0747  044F               	iorwf	??_main+1,w
   711     0748  00D5               	movwf	_adcVolt+1
   712     0749                     l1124:
   713                           
   714                           ;main.c: 64: 
   715     0749  3084               	movlw	132
   716     074A  120A  118A  2332  120A  118A  	fcall	_LcdCommand
   717     074F                     l1126:
   718                           
   719                           ;main.c: 65: void LcdInit(void)
   720     074F  1283               	bcf	3,5	;RP0=0, select bank0
   721     0750  1303               	bcf	3,6	;RP1=0, select bank0
   722     0751  0855               	movf	_adcVolt+1,w
   723     0752  00FD               	movwf	LcdOutput@i+1
   724     0753  0854               	movf	_adcVolt,w
   725     0754  00FC               	movwf	LcdOutput@i
   726     0755  120A  118A  25A8  120A  118A  	fcall	_LcdOutput
   727                           
   728                           ;main.c: 66: {
   729     075A  3007               	movlw	7
   730     075B  1283               	bcf	3,5	;RP0=0, select bank0
   731     075C  1303               	bcf	3,6	;RP1=0, select bank0
   732     075D  00CF               	movwf	??_main+1
   733     075E  307C               	movlw	124
   734     075F  00CE               	movwf	??_main
   735     0760                     u827:
   736     0760  0BCE               	decfsz	??_main,f
   737     0761  2F60               	goto	u827
   738     0762  0BCF               	decfsz	??_main+1,f
   739     0763  2F60               	goto	u827
   740     0764  0000               	nop
   741     0765                     l1128:
   742                           
   743                           ;main.c: 69:     PORTC = 0x00;
   744     0765  120A  118A  2300  120A  118A  	fcall	_AN4_init
   745     076A                     l1130:
   746                           
   747                           ;main.c: 70:     PORTD = 0x00;
   748     076A  3002               	movlw	2
   749     076B  1283               	bcf	3,5	;RP0=0, select bank0
   750     076C  1303               	bcf	3,6	;RP1=0, select bank0
   751     076D  00CE               	movwf	??_main
   752     076E                     u837:
   753     076E  0BCE               	decfsz	??_main,f
   754     076F  2F6E               	goto	u837
   755     0770  0000               	nop
   756     0771                     l1132:
   757                           
   758                           ;main.c: 71: 
   759     0771  1283               	bcf	3,5	;RP0=0, select bank0
   760     0772  1303               	bcf	3,6	;RP1=0, select bank0
   761     0773  151F               	bsf	31,2	;volatile
   762     0774                     l61:	
   763                           ;main.c: 72: 
   764                           
   765     0774  191F               	btfsc	31,2	;volatile
   766     0775  2F77               	goto	u791
   767     0776  2F78               	goto	u790
   768     0777                     u791:
   769     0777  2F74               	goto	l61
   770     0778                     u790:
   771     0778                     l1134:
   772                           
   773                           ;main.c: 73:     LcdCommand(0x30);
   774     0778  081E               	movf	30,w	;volatile
   775     0779  00CE               	movwf	??_main
   776     077A  01CF               	clrf	??_main+1
   777     077B  084E               	movf	??_main,w
   778     077C  00DA               	movwf	_adcHigh
   779     077D  084F               	movf	??_main+1,w
   780     077E  00DB               	movwf	_adcHigh+1
   781                           
   782                           ;main.c: 74:     _delay((unsigned long)((100)*(2000000/4000.0)));
   783     077F  1683               	bsf	3,5	;RP0=1, select bank1
   784     0780  1303               	bcf	3,6	;RP1=0, select bank1
   785     0781  081E               	movf	30,w	;volatile
   786     0782  1283               	bcf	3,5	;RP0=0, select bank0
   787     0783  1303               	bcf	3,6	;RP1=0, select bank0
   788     0784  00CE               	movwf	??_main
   789     0785  01CF               	clrf	??_main+1
   790     0786  084E               	movf	??_main,w
   791     0787  00D8               	movwf	_adcLow
   792     0788  084F               	movf	??_main+1,w
   793     0789  00D9               	movwf	_adcLow+1
   794                           
   795                           ;main.c: 75:     LcdCommand(0x30);
   796     078A  085A               	movf	_adcHigh,w
   797     078B  00CF               	movwf	??_main+1
   798     078C  01CE               	clrf	??_main
   799     078D  0858               	movf	_adcLow,w
   800     078E  044E               	iorwf	??_main,w
   801     078F  00D4               	movwf	_adcVolt
   802     0790  0859               	movf	_adcLow+1,w
   803     0791  044F               	iorwf	??_main+1,w
   804     0792  00D5               	movwf	_adcVolt+1
   805     0793                     l1136:
   806                           
   807                           ;main.c: 77:     LcdCommand(0x30);
   808     0793  0854               	movf	_adcVolt,w
   809     0794  00AE               	movwf	map@x
   810     0795  0855               	movf	_adcVolt+1,w
   811     0796  00AF               	movwf	map@x+1
   812     0797  01B0               	clrf	map@x+2
   813     0798  01B1               	clrf	map@x+3
   814     0799  3000               	movlw	0
   815     079A  00B5               	movwf	map@in_min+3
   816     079B  3000               	movlw	0
   817     079C  00B4               	movwf	map@in_min+2
   818     079D  3000               	movlw	0
   819     079E  00B3               	movwf	map@in_min+1
   820     079F  3000               	movlw	0
   821     07A0  00B2               	movwf	map@in_min
   822     07A1  3000               	movlw	0
   823     07A2  00B9               	movwf	map@in_max+3
   824     07A3  3000               	movlw	0
   825     07A4  00B8               	movwf	map@in_max+2
   826     07A5  3003               	movlw	3
   827     07A6  00B7               	movwf	map@in_max+1
   828     07A7  30FF               	movlw	255
   829     07A8  00B6               	movwf	map@in_max
   830     07A9  3000               	movlw	0
   831     07AA  00BD               	movwf	map@out_min+3
   832     07AB  3000               	movlw	0
   833     07AC  00BC               	movwf	map@out_min+2
   834     07AD  3000               	movlw	0
   835     07AE  00BB               	movwf	map@out_min+1
   836     07AF  3000               	movlw	0
   837     07B0  00BA               	movwf	map@out_min
   838     07B1  3000               	movlw	0
   839     07B2  00C1               	movwf	map@out_max+3
   840     07B3  3000               	movlw	0
   841     07B4  00C0               	movwf	map@out_max+2
   842     07B5  3000               	movlw	0
   843     07B6  00BF               	movwf	map@out_max+1
   844     07B7  3087               	movlw	135
   845     07B8  00BE               	movwf	map@out_max
   846     07B9  120A  118A  2482  120A  118A  	fcall	_map
   847     07BE  1283               	bcf	3,5	;RP0=0, select bank0
   848     07BF  1303               	bcf	3,6	;RP1=0, select bank0
   849     07C0  082F               	movf	?_map+1,w
   850     07C1  00D7               	movwf	_calibratedValue+1
   851     07C2  082E               	movf	?_map,w
   852     07C3  00D6               	movwf	_calibratedValue
   853     07C4                     l1138:
   854                           
   855                           ;main.c: 78:     _delay((unsigned long)((100)*(2000000/4000.0)));
   856     07C4  3000               	movlw	0
   857     07C5  0257               	subwf	_calibratedValue+1,w
   858     07C6  3086               	movlw	134
   859     07C7  1903               	skipnz
   860     07C8  0256               	subwf	_calibratedValue,w
   861     07C9  1C03               	skipc
   862     07CA  2FCC               	goto	u801
   863     07CB  2FCD               	goto	u800
   864     07CC                     u801:
   865     07CC  2FD1               	goto	l1142
   866     07CD                     u800:
   867     07CD                     l1140:
   868     07CD  3087               	movlw	135
   869     07CE  00D6               	movwf	_calibratedValue
   870     07CF  3000               	movlw	0
   871     07D0  00D7               	movwf	_calibratedValue+1
   872     07D1                     l1142:
   873                           
   874                           ;main.c: 79:     LcdCommand(0x38);
   875     07D1  30C4               	movlw	196
   876     07D2  120A  118A  2332  120A  118A  	fcall	_LcdCommand
   877     07D7                     l1144:
   878                           
   879                           ;main.c: 80:     _delay((unsigned long)((100)*(2000000/4000.0)));
   880     07D7  1283               	bcf	3,5	;RP0=0, select bank0
   881     07D8  1303               	bcf	3,6	;RP1=0, select bank0
   882     07D9  0857               	movf	_calibratedValue+1,w
   883     07DA  00FD               	movwf	LcdOutput@i+1
   884     07DB  0856               	movf	_calibratedValue,w
   885     07DC  00FC               	movwf	LcdOutput@i
   886     07DD  120A  118A  25A8  120A  118A  	fcall	_LcdOutput
   887     07E2  2F1B               	goto	l1116
   888     07E3  120A  118A  2800   	ljmp	start
   889     07E6                     __end_of_main:
   890                           
   891                           	psect	text1
   892     0482                     __ptext1:	
   893 ;; *************** function _map *****************
   894 ;; Defined at:
   895 ;;		line 135 in file "main.c"
   896 ;; Parameters:    Size  Location     Type
   897 ;;  x               4   14[BANK0 ] long 
   898 ;;  in_min          4   18[BANK0 ] long 
   899 ;;  in_max          4   22[BANK0 ] long 
   900 ;;  out_min         4   26[BANK0 ] long 
   901 ;;  out_max         4   30[BANK0 ] long 
   902 ;; Auto vars:     Size  Location     Type
   903 ;;		None
   904 ;; Return value:  Size  Location     Type
   905 ;;                  2   14[BANK0 ] unsigned short 
   906 ;; Registers used:
   907 ;;		wreg, status,2, status,0, pclath, cstack
   908 ;; Tracked objects:
   909 ;;		On entry : 0/0
   910 ;;		On exit  : 0/0
   911 ;;		Unchanged: 0/0
   912 ;; Data sizes:     COMMON   BANK0   BANK1   BANK3   BANK2
   913 ;;      Params:         0      20       0       0       0
   914 ;;      Locals:         0       0       0       0       0
   915 ;;      Temps:          0      12       0       0       0
   916 ;;      Totals:         0      32       0       0       0
   917 ;;Total ram usage:       32 bytes
   918 ;; Hardware stack levels used: 1
   919 ;; Hardware stack levels required when called: 1
   920 ;; This function calls:
   921 ;;		___aldiv
   922 ;;		___lmul
   923 ;; This function is called by:
   924 ;;		_main
   925 ;; This function uses a non-reentrant model
   926 ;;
   927                           
   928     0482                     _map:	
   929                           ;psect for function _map
   930                           
   931     0482                     l1084:	
   932                           ;incstack = 0
   933                           ; Regs used in _map: [wreg+status,2+status,0+pclath+cstack]
   934                           
   935                           
   936                           ;main.c: 136:         LcdData(0x20);
   937     0482  1283               	bcf	3,5	;RP0=0, select bank0
   938     0483  1303               	bcf	3,6	;RP1=0, select bank0
   939     0484  0836               	movf	map@in_max,w
   940     0485  00C2               	movwf	??_map
   941     0486  0837               	movf	map@in_max+1,w
   942     0487  00C3               	movwf	??_map+1
   943     0488  0838               	movf	map@in_max+2,w
   944     0489  00C4               	movwf	??_map+2
   945     048A  0839               	movf	map@in_max+3,w
   946     048B  00C5               	movwf	??_map+3
   947     048C  0832               	movf	map@in_min,w
   948     048D  02C2               	subwf	??_map,f
   949     048E  0833               	movf	map@in_min+1,w
   950     048F  1C03               	skipc
   951     0490  0F33               	incfsz	map@in_min+1,w
   952     0491  2C93               	goto	u731
   953     0492  2C94               	goto	u732
   954     0493                     u731:
   955     0493  02C3               	subwf	??_map+1,f
   956     0494                     u732:
   957     0494  0834               	movf	map@in_min+2,w
   958     0495  1C03               	skipc
   959     0496  0F34               	incfsz	map@in_min+2,w
   960     0497  2C99               	goto	u733
   961     0498  2C9A               	goto	u734
   962     0499                     u733:
   963     0499  02C4               	subwf	??_map+2,f
   964     049A                     u734:
   965     049A  0835               	movf	map@in_min+3,w
   966     049B  1C03               	skipc
   967     049C  0F35               	incfsz	map@in_min+3,w
   968     049D  2C9F               	goto	u735
   969     049E  2CA0               	goto	u736
   970     049F                     u735:
   971     049F  02C5               	subwf	??_map+3,f
   972     04A0                     u736:
   973     04A0  0845               	movf	??_map+3,w
   974     04A1  00A3               	movwf	___aldiv@divisor+3
   975     04A2  0844               	movf	??_map+2,w
   976     04A3  00A2               	movwf	___aldiv@divisor+2
   977     04A4  0843               	movf	??_map+1,w
   978     04A5  00A1               	movwf	___aldiv@divisor+1
   979     04A6  0842               	movf	??_map,w
   980     04A7  00A0               	movwf	___aldiv@divisor
   981     04A8  082E               	movf	map@x,w
   982     04A9  00C6               	movwf	??_map+4
   983     04AA  082F               	movf	map@x+1,w
   984     04AB  00C7               	movwf	??_map+5
   985     04AC  0830               	movf	map@x+2,w
   986     04AD  00C8               	movwf	??_map+6
   987     04AE  0831               	movf	map@x+3,w
   988     04AF  00C9               	movwf	??_map+7
   989     04B0  0832               	movf	map@in_min,w
   990     04B1  02C6               	subwf	??_map+4,f
   991     04B2  0833               	movf	map@in_min+1,w
   992     04B3  1C03               	skipc
   993     04B4  0F33               	incfsz	map@in_min+1,w
   994     04B5  2CB7               	goto	u741
   995     04B6  2CB8               	goto	u742
   996     04B7                     u741:
   997     04B7  02C7               	subwf	??_map+5,f
   998     04B8                     u742:
   999     04B8  0834               	movf	map@in_min+2,w
  1000     04B9  1C03               	skipc
  1001     04BA  0F34               	incfsz	map@in_min+2,w
  1002     04BB  2CBD               	goto	u743
  1003     04BC  2CBE               	goto	u744
  1004     04BD                     u743:
  1005     04BD  02C8               	subwf	??_map+6,f
  1006     04BE                     u744:
  1007     04BE  0835               	movf	map@in_min+3,w
  1008     04BF  1C03               	skipc
  1009     04C0  0F35               	incfsz	map@in_min+3,w
  1010     04C1  2CC3               	goto	u745
  1011     04C2  2CC4               	goto	u746
  1012     04C3                     u745:
  1013     04C3  02C9               	subwf	??_map+7,f
  1014     04C4                     u746:
  1015     04C4  0849               	movf	??_map+7,w
  1016     04C5  00F3               	movwf	___lmul@multiplier+3
  1017     04C6  0848               	movf	??_map+6,w
  1018     04C7  00F2               	movwf	___lmul@multiplier+2
  1019     04C8  0847               	movf	??_map+5,w
  1020     04C9  00F1               	movwf	___lmul@multiplier+1
  1021     04CA  0846               	movf	??_map+4,w
  1022     04CB  00F0               	movwf	___lmul@multiplier
  1023     04CC  083E               	movf	map@out_max,w
  1024     04CD  00CA               	movwf	??_map+8
  1025     04CE  083F               	movf	map@out_max+1,w
  1026     04CF  00CB               	movwf	??_map+9
  1027     04D0  0840               	movf	map@out_max+2,w
  1028     04D1  00CC               	movwf	??_map+10
  1029     04D2  0841               	movf	map@out_max+3,w
  1030     04D3  00CD               	movwf	??_map+11
  1031     04D4  083A               	movf	map@out_min,w
  1032     04D5  02CA               	subwf	??_map+8,f
  1033     04D6  083B               	movf	map@out_min+1,w
  1034     04D7  1C03               	skipc
  1035     04D8  0F3B               	incfsz	map@out_min+1,w
  1036     04D9  2CDB               	goto	u751
  1037     04DA  2CDC               	goto	u752
  1038     04DB                     u751:
  1039     04DB  02CB               	subwf	??_map+9,f
  1040     04DC                     u752:
  1041     04DC  083C               	movf	map@out_min+2,w
  1042     04DD  1C03               	skipc
  1043     04DE  0F3C               	incfsz	map@out_min+2,w
  1044     04DF  2CE1               	goto	u753
  1045     04E0  2CE2               	goto	u754
  1046     04E1                     u753:
  1047     04E1  02CC               	subwf	??_map+10,f
  1048     04E2                     u754:
  1049     04E2  083D               	movf	map@out_min+3,w
  1050     04E3  1C03               	skipc
  1051     04E4  0F3D               	incfsz	map@out_min+3,w
  1052     04E5  2CE7               	goto	u755
  1053     04E6  2CE8               	goto	u756
  1054     04E7                     u755:
  1055     04E7  02CD               	subwf	??_map+11,f
  1056     04E8                     u756:
  1057     04E8  084D               	movf	??_map+11,w
  1058     04E9  00F7               	movwf	___lmul@multiplicand+3
  1059     04EA  084C               	movf	??_map+10,w
  1060     04EB  00F6               	movwf	___lmul@multiplicand+2
  1061     04EC  084B               	movf	??_map+9,w
  1062     04ED  00F5               	movwf	___lmul@multiplicand+1
  1063     04EE  084A               	movf	??_map+8,w
  1064     04EF  00F4               	movwf	___lmul@multiplicand
  1065     04F0  120A  118A  23D9  120A  118A  	fcall	___lmul
  1066     04F5  0873               	movf	?___lmul+3,w
  1067     04F6  1283               	bcf	3,5	;RP0=0, select bank0
  1068     04F7  1303               	bcf	3,6	;RP1=0, select bank0
  1069     04F8  00A7               	movwf	___aldiv@dividend+3
  1070     04F9  0872               	movf	?___lmul+2,w
  1071     04FA  00A6               	movwf	___aldiv@dividend+2
  1072     04FB  0871               	movf	?___lmul+1,w
  1073     04FC  00A5               	movwf	___aldiv@dividend+1
  1074     04FD  0870               	movf	?___lmul,w
  1075     04FE  00A4               	movwf	___aldiv@dividend
  1076     04FF  120A  118A  250F  120A  118A  	fcall	___aldiv
  1077     0504  1283               	bcf	3,5	;RP0=0, select bank0
  1078     0505  1303               	bcf	3,6	;RP1=0, select bank0
  1079     0506  083A               	movf	map@out_min,w
  1080     0507  0720               	addwf	?___aldiv,w
  1081     0508  00AE               	movwf	?_map
  1082     0509  083B               	movf	map@out_min+1,w
  1083     050A  1803               	skipnc
  1084     050B  0A3B               	incf	map@out_min+1,w
  1085     050C  0721               	addwf	?___aldiv+1,w
  1086     050D  00AF               	movwf	?_map+1
  1087     050E                     l82:
  1088     050E  0008               	return
  1089     050F                     __end_of_map:
  1090                           
  1091                           	psect	text2
  1092     03D9                     __ptext2:	
  1093 ;; *************** function ___lmul *****************
  1094 ;; Defined at:
  1095 ;;		line 15 in file "D:\Program Files\Microchip\xc8\v3.00\pic\sources\c99\common\Umul32.c"
  1096 ;; Parameters:    Size  Location     Type
  1097 ;;  multiplier      4    0[COMMON] unsigned long 
  1098 ;;  multiplicand    4    4[COMMON] unsigned long 
  1099 ;; Auto vars:     Size  Location     Type
  1100 ;;  product         4    9[COMMON] unsigned long 
  1101 ;; Return value:  Size  Location     Type
  1102 ;;                  4    0[COMMON] unsigned long 
  1103 ;; Registers used:
  1104 ;;		wreg, status,2, status,0
  1105 ;; Tracked objects:
  1106 ;;		On entry : 0/0
  1107 ;;		On exit  : 0/0
  1108 ;;		Unchanged: 0/0
  1109 ;; Data sizes:     COMMON   BANK0   BANK1   BANK3   BANK2
  1110 ;;      Params:         8       0       0       0       0
  1111 ;;      Locals:         4       0       0       0       0
  1112 ;;      Temps:          1       0       0       0       0
  1113 ;;      Totals:        13       0       0       0       0
  1114 ;;Total ram usage:       13 bytes
  1115 ;; Hardware stack levels used: 1
  1116 ;; This function calls:
  1117 ;;		Nothing
  1118 ;; This function is called by:
  1119 ;;		_map
  1120 ;; This function uses a non-reentrant model
  1121 ;;
  1122                           
  1123     03D9                     ___lmul:	
  1124                           ;psect for function ___lmul
  1125                           
  1126     03D9                     l910:	
  1127                           ;incstack = 0
  1128                           ; Regs used in ___lmul: [wreg+status,2+status,0]
  1129                           
  1130     03D9  3000               	movlw	0
  1131     03DA  00FC               	movwf	___lmul@product+3
  1132     03DB  3000               	movlw	0
  1133     03DC  00FB               	movwf	___lmul@product+2
  1134     03DD  3000               	movlw	0
  1135     03DE  00FA               	movwf	___lmul@product+1
  1136     03DF  3000               	movlw	0
  1137     03E0  00F9               	movwf	___lmul@product
  1138     03E1                     l912:
  1139     03E1  1C70               	btfss	___lmul@multiplier,0
  1140     03E2  2BE4               	goto	u411
  1141     03E3  2BE5               	goto	u410
  1142     03E4                     u411:
  1143     03E4  2BFC               	goto	l916
  1144     03E5                     u410:
  1145     03E5                     l914:
  1146     03E5  0874               	movf	___lmul@multiplicand,w
  1147     03E6  07F9               	addwf	___lmul@product,f
  1148     03E7  0875               	movf	___lmul@multiplicand+1,w
  1149     03E8  1103               	clrz
  1150     03E9  1803               	skipnc
  1151     03EA  3E01               	addlw	1
  1152     03EB  1903               	skipnz
  1153     03EC  2BEE               	goto	u421
  1154     03ED  07FA               	addwf	___lmul@product+1,f
  1155     03EE                     u421:
  1156     03EE  0876               	movf	___lmul@multiplicand+2,w
  1157     03EF  1103               	clrz
  1158     03F0  1803               	skipnc
  1159     03F1  3E01               	addlw	1
  1160     03F2  1903               	skipnz
  1161     03F3  2BF5               	goto	u422
  1162     03F4  07FB               	addwf	___lmul@product+2,f
  1163     03F5                     u422:
  1164     03F5  0877               	movf	___lmul@multiplicand+3,w
  1165     03F6  1103               	clrz
  1166     03F7  1803               	skipnc
  1167     03F8  3E01               	addlw	1
  1168     03F9  1903               	skipnz
  1169     03FA  2BFC               	goto	u423
  1170     03FB  07FC               	addwf	___lmul@product+3,f
  1171     03FC                     u423:
  1172     03FC                     l916:
  1173     03FC  3001               	movlw	1
  1174     03FD  00F8               	movwf	??___lmul
  1175     03FE                     u435:
  1176     03FE  1003               	clrc
  1177     03FF  0DF4               	rlf	___lmul@multiplicand,f
  1178     0400  0DF5               	rlf	___lmul@multiplicand+1,f
  1179     0401  0DF6               	rlf	___lmul@multiplicand+2,f
  1180     0402  0DF7               	rlf	___lmul@multiplicand+3,f
  1181     0403  0BF8               	decfsz	??___lmul,f
  1182     0404  2BFE               	goto	u435
  1183     0405                     l918:
  1184     0405  3001               	movlw	1
  1185     0406                     u445:
  1186     0406  1003               	clrc
  1187     0407  0CF3               	rrf	___lmul@multiplier+3,f
  1188     0408  0CF2               	rrf	___lmul@multiplier+2,f
  1189     0409  0CF1               	rrf	___lmul@multiplier+1,f
  1190     040A  0CF0               	rrf	___lmul@multiplier,f
  1191     040B  3EFF               	addlw	-1
  1192     040C  1D03               	skipz
  1193     040D  2C06               	goto	u445
  1194     040E  0873               	movf	___lmul@multiplier+3,w
  1195     040F  0472               	iorwf	___lmul@multiplier+2,w
  1196     0410  0471               	iorwf	___lmul@multiplier+1,w
  1197     0411  0470               	iorwf	___lmul@multiplier,w
  1198     0412  1D03               	skipz
  1199     0413  2C15               	goto	u451
  1200     0414  2C16               	goto	u450
  1201     0415                     u451:
  1202     0415  2BE1               	goto	l912
  1203     0416                     u450:
  1204     0416                     l920:
  1205     0416  087C               	movf	___lmul@product+3,w
  1206     0417  00F3               	movwf	?___lmul+3
  1207     0418  087B               	movf	___lmul@product+2,w
  1208     0419  00F2               	movwf	?___lmul+2
  1209     041A  087A               	movf	___lmul@product+1,w
  1210     041B  00F1               	movwf	?___lmul+1
  1211     041C  0879               	movf	___lmul@product,w
  1212     041D  00F0               	movwf	?___lmul
  1213     041E                     l198:
  1214     041E  0008               	return
  1215     041F                     __end_of___lmul:
  1216                           
  1217                           	psect	text3
  1218     050F                     __ptext3:	
  1219 ;; *************** function ___aldiv *****************
  1220 ;; Defined at:
  1221 ;;		line 5 in file "D:\Program Files\Microchip\xc8\v3.00\pic\sources\c99\common\aldiv.c"
  1222 ;; Parameters:    Size  Location     Type
  1223 ;;  divisor         4    0[BANK0 ] long 
  1224 ;;  dividend        4    4[BANK0 ] long 
  1225 ;; Auto vars:     Size  Location     Type
  1226 ;;  quotient        4   10[BANK0 ] long 
  1227 ;;  sign            1    9[BANK0 ] unsigned char 
  1228 ;;  counter         1    8[BANK0 ] unsigned char 
  1229 ;; Return value:  Size  Location     Type
  1230 ;;                  4    0[BANK0 ] long 
  1231 ;; Registers used:
  1232 ;;		wreg, status,2, status,0
  1233 ;; Tracked objects:
  1234 ;;		On entry : 0/0
  1235 ;;		On exit  : 0/0
  1236 ;;		Unchanged: 0/0
  1237 ;; Data sizes:     COMMON   BANK0   BANK1   BANK3   BANK2
  1238 ;;      Params:         0       8       0       0       0
  1239 ;;      Locals:         0       6       0       0       0
  1240 ;;      Temps:          1       0       0       0       0
  1241 ;;      Totals:         1      14       0       0       0
  1242 ;;Total ram usage:       15 bytes
  1243 ;; Hardware stack levels used: 1
  1244 ;; This function calls:
  1245 ;;		Nothing
  1246 ;; This function is called by:
  1247 ;;		_map
  1248 ;; This function uses a non-reentrant model
  1249 ;;
  1250                           
  1251     050F                     ___aldiv:	
  1252                           ;psect for function ___aldiv
  1253                           
  1254     050F                     l924:	
  1255                           ;incstack = 0
  1256                           ; Regs used in ___aldiv: [wreg+status,2+status,0]
  1257                           
  1258     050F  1283               	bcf	3,5	;RP0=0, select bank0
  1259     0510  1303               	bcf	3,6	;RP1=0, select bank0
  1260     0511  01A9               	clrf	___aldiv@sign
  1261     0512                     l926:
  1262     0512  1FA3               	btfss	___aldiv@divisor+3,7
  1263     0513  2D15               	goto	u461
  1264     0514  2D16               	goto	u460
  1265     0515                     u461:
  1266     0515  2D23               	goto	l249
  1267     0516                     u460:
  1268     0516                     l928:
  1269     0516  09A0               	comf	___aldiv@divisor,f
  1270     0517  09A1               	comf	___aldiv@divisor+1,f
  1271     0518  09A2               	comf	___aldiv@divisor+2,f
  1272     0519  09A3               	comf	___aldiv@divisor+3,f
  1273     051A  0AA0               	incf	___aldiv@divisor,f
  1274     051B  1903               	skipnz
  1275     051C  0AA1               	incf	___aldiv@divisor+1,f
  1276     051D  1903               	skipnz
  1277     051E  0AA2               	incf	___aldiv@divisor+2,f
  1278     051F  1903               	skipnz
  1279     0520  0AA3               	incf	___aldiv@divisor+3,f
  1280     0521  3001               	movlw	1
  1281     0522  00A9               	movwf	___aldiv@sign
  1282     0523                     l249:
  1283     0523  1FA7               	btfss	___aldiv@dividend+3,7
  1284     0524  2D26               	goto	u471
  1285     0525  2D27               	goto	u470
  1286     0526                     u471:
  1287     0526  2D34               	goto	l934
  1288     0527                     u470:
  1289     0527                     l930:
  1290     0527  09A4               	comf	___aldiv@dividend,f
  1291     0528  09A5               	comf	___aldiv@dividend+1,f
  1292     0529  09A6               	comf	___aldiv@dividend+2,f
  1293     052A  09A7               	comf	___aldiv@dividend+3,f
  1294     052B  0AA4               	incf	___aldiv@dividend,f
  1295     052C  1903               	skipnz
  1296     052D  0AA5               	incf	___aldiv@dividend+1,f
  1297     052E  1903               	skipnz
  1298     052F  0AA6               	incf	___aldiv@dividend+2,f
  1299     0530  1903               	skipnz
  1300     0531  0AA7               	incf	___aldiv@dividend+3,f
  1301     0532                     l932:
  1302     0532  3001               	movlw	1
  1303     0533  06A9               	xorwf	___aldiv@sign,f
  1304     0534                     l934:
  1305     0534  3000               	movlw	0
  1306     0535  00AD               	movwf	___aldiv@quotient+3
  1307     0536  3000               	movlw	0
  1308     0537  00AC               	movwf	___aldiv@quotient+2
  1309     0538  3000               	movlw	0
  1310     0539  00AB               	movwf	___aldiv@quotient+1
  1311     053A  3000               	movlw	0
  1312     053B  00AA               	movwf	___aldiv@quotient
  1313     053C                     l936:
  1314     053C  0823               	movf	___aldiv@divisor+3,w
  1315     053D  0422               	iorwf	___aldiv@divisor+2,w
  1316     053E  0421               	iorwf	___aldiv@divisor+1,w
  1317     053F  0420               	iorwf	___aldiv@divisor,w
  1318     0540  1903               	skipnz
  1319     0541  2D43               	goto	u481
  1320     0542  2D44               	goto	u480
  1321     0543                     u481:
  1322     0543  2D8F               	goto	l956
  1323     0544                     u480:
  1324     0544                     l938:
  1325     0544  3001               	movlw	1
  1326     0545  00A8               	movwf	___aldiv@counter
  1327     0546  2D52               	goto	l942
  1328     0547                     l940:
  1329     0547  3001               	movlw	1
  1330     0548  00FD               	movwf	??___aldiv
  1331     0549                     u495:
  1332     0549  1003               	clrc
  1333     054A  0DA0               	rlf	___aldiv@divisor,f
  1334     054B  0DA1               	rlf	___aldiv@divisor+1,f
  1335     054C  0DA2               	rlf	___aldiv@divisor+2,f
  1336     054D  0DA3               	rlf	___aldiv@divisor+3,f
  1337     054E  0BFD               	decfsz	??___aldiv,f
  1338     054F  2D49               	goto	u495
  1339     0550  3001               	movlw	1
  1340     0551  07A8               	addwf	___aldiv@counter,f
  1341     0552                     l942:
  1342     0552  1FA3               	btfss	___aldiv@divisor+3,7
  1343     0553  2D55               	goto	u501
  1344     0554  2D56               	goto	u500
  1345     0555                     u501:
  1346     0555  2D47               	goto	l940
  1347     0556                     u500:
  1348     0556                     l944:
  1349     0556  3001               	movlw	1
  1350     0557  00FD               	movwf	??___aldiv
  1351     0558                     u515:
  1352     0558  1003               	clrc
  1353     0559  0DAA               	rlf	___aldiv@quotient,f
  1354     055A  0DAB               	rlf	___aldiv@quotient+1,f
  1355     055B  0DAC               	rlf	___aldiv@quotient+2,f
  1356     055C  0DAD               	rlf	___aldiv@quotient+3,f
  1357     055D  0BFD               	decfsz	??___aldiv,f
  1358     055E  2D58               	goto	u515
  1359     055F                     l946:
  1360     055F  0823               	movf	___aldiv@divisor+3,w
  1361     0560  0227               	subwf	___aldiv@dividend+3,w
  1362     0561  1D03               	skipz
  1363     0562  2D6D               	goto	u525
  1364     0563  0822               	movf	___aldiv@divisor+2,w
  1365     0564  0226               	subwf	___aldiv@dividend+2,w
  1366     0565  1D03               	skipz
  1367     0566  2D6D               	goto	u525
  1368     0567  0821               	movf	___aldiv@divisor+1,w
  1369     0568  0225               	subwf	___aldiv@dividend+1,w
  1370     0569  1D03               	skipz
  1371     056A  2D6D               	goto	u525
  1372     056B  0820               	movf	___aldiv@divisor,w
  1373     056C  0224               	subwf	___aldiv@dividend,w
  1374     056D                     u525:
  1375     056D  1C03               	skipc
  1376     056E  2D70               	goto	u521
  1377     056F  2D71               	goto	u520
  1378     0570                     u521:
  1379     0570  2D80               	goto	l952
  1380     0571                     u520:
  1381     0571                     l948:
  1382     0571  0820               	movf	___aldiv@divisor,w
  1383     0572  02A4               	subwf	___aldiv@dividend,f
  1384     0573  0821               	movf	___aldiv@divisor+1,w
  1385     0574  1C03               	skipc
  1386     0575  0F21               	incfsz	___aldiv@divisor+1,w
  1387     0576  02A5               	subwf	___aldiv@dividend+1,f
  1388     0577  0822               	movf	___aldiv@divisor+2,w
  1389     0578  1C03               	skipc
  1390     0579  0F22               	incfsz	___aldiv@divisor+2,w
  1391     057A  02A6               	subwf	___aldiv@dividend+2,f
  1392     057B  0823               	movf	___aldiv@divisor+3,w
  1393     057C  1C03               	skipc
  1394     057D  0F23               	incfsz	___aldiv@divisor+3,w
  1395     057E  02A7               	subwf	___aldiv@dividend+3,f
  1396     057F                     l950:
  1397     057F  142A               	bsf	___aldiv@quotient,0
  1398     0580                     l952:
  1399     0580  3001               	movlw	1
  1400     0581                     u535:
  1401     0581  1003               	clrc
  1402     0582  0CA3               	rrf	___aldiv@divisor+3,f
  1403     0583  0CA2               	rrf	___aldiv@divisor+2,f
  1404     0584  0CA1               	rrf	___aldiv@divisor+1,f
  1405     0585  0CA0               	rrf	___aldiv@divisor,f
  1406     0586  3EFF               	addlw	-1
  1407     0587  1D03               	skipz
  1408     0588  2D81               	goto	u535
  1409     0589                     l954:
  1410     0589  3001               	movlw	1
  1411     058A  02A8               	subwf	___aldiv@counter,f
  1412     058B  1D03               	btfss	3,2
  1413     058C  2D8E               	goto	u541
  1414     058D  2D8F               	goto	u540
  1415     058E                     u541:
  1416     058E  2D56               	goto	l944
  1417     058F                     u540:
  1418     058F                     l956:
  1419     058F  0829               	movf	___aldiv@sign,w
  1420     0590  1903               	btfsc	3,2
  1421     0591  2D93               	goto	u551
  1422     0592  2D94               	goto	u550
  1423     0593                     u551:
  1424     0593  2D9F               	goto	l960
  1425     0594                     u550:
  1426     0594                     l958:
  1427     0594  09AA               	comf	___aldiv@quotient,f
  1428     0595  09AB               	comf	___aldiv@quotient+1,f
  1429     0596  09AC               	comf	___aldiv@quotient+2,f
  1430     0597  09AD               	comf	___aldiv@quotient+3,f
  1431     0598  0AAA               	incf	___aldiv@quotient,f
  1432     0599  1903               	skipnz
  1433     059A  0AAB               	incf	___aldiv@quotient+1,f
  1434     059B  1903               	skipnz
  1435     059C  0AAC               	incf	___aldiv@quotient+2,f
  1436     059D  1903               	skipnz
  1437     059E  0AAD               	incf	___aldiv@quotient+3,f
  1438     059F                     l960:
  1439     059F  082D               	movf	___aldiv@quotient+3,w
  1440     05A0  00A3               	movwf	?___aldiv+3
  1441     05A1  082C               	movf	___aldiv@quotient+2,w
  1442     05A2  00A2               	movwf	?___aldiv+2
  1443     05A3  082B               	movf	___aldiv@quotient+1,w
  1444     05A4  00A1               	movwf	?___aldiv+1
  1445     05A5  082A               	movf	___aldiv@quotient,w
  1446     05A6  00A0               	movwf	?___aldiv
  1447     05A7                     l259:
  1448     05A7  0008               	return
  1449     05A8                     __end_of___aldiv:
  1450                           
  1451                           	psect	text4
  1452     0348                     __ptext4:	
  1453 ;; *************** function _adcInit *****************
  1454 ;; Defined at:
  1455 ;;		line 109 in file "main.c"
  1456 ;; Parameters:    Size  Location     Type
  1457 ;;		None
  1458 ;; Auto vars:     Size  Location     Type
  1459 ;;		None
  1460 ;; Return value:  Size  Location     Type
  1461 ;;                  1    wreg      void 
  1462 ;; Registers used:
  1463 ;;		wreg, status,2
  1464 ;; Tracked objects:
  1465 ;;		On entry : 0/0
  1466 ;;		On exit  : 0/0
  1467 ;;		Unchanged: 0/0
  1468 ;; Data sizes:     COMMON   BANK0   BANK1   BANK3   BANK2
  1469 ;;      Params:         0       0       0       0       0
  1470 ;;      Locals:         0       0       0       0       0
  1471 ;;      Temps:          2       0       0       0       0
  1472 ;;      Totals:         2       0       0       0       0
  1473 ;;Total ram usage:        2 bytes
  1474 ;; Hardware stack levels used: 1
  1475 ;; This function calls:
  1476 ;;		Nothing
  1477 ;; This function is called by:
  1478 ;;		_main
  1479 ;; This function uses a non-reentrant model
  1480 ;;
  1481                           
  1482     0348                     _adcInit:	
  1483                           ;psect for function _adcInit
  1484                           
  1485     0348                     l1038:	
  1486                           ;incstack = 0
  1487                           ; Regs used in _adcInit: [wreg+status,2]
  1488                           
  1489                           
  1490                           ;main.c: 111: }
  1491     0348  30FF               	movlw	255
  1492     0349  1683               	bsf	3,5	;RP0=1, select bank1
  1493     034A  1303               	bcf	3,6	;RP1=0, select bank1
  1494     034B  0085               	movwf	5	;volatile
  1495     034C                     l1040:
  1496                           
  1497                           ;main.c: 112: 
  1498     034C  1283               	bcf	3,5	;RP0=0, select bank0
  1499     034D  1303               	bcf	3,6	;RP1=0, select bank0
  1500     034E  019F               	clrf	31	;volatile
  1501     034F                     l1042:
  1502                           
  1503                           ;main.c: 113: 
  1504     034F  3089               	movlw	137
  1505     0350  1683               	bsf	3,5	;RP0=1, select bank1
  1506     0351  1303               	bcf	3,6	;RP1=0, select bank1
  1507     0352  009F               	movwf	31	;volatile
  1508     0353                     l1044:
  1509                           
  1510                           ;main.c: 114: uint16_t map(long x, long in_min, long in_max, long out_min, long out_max)
      +                           {
  1511     0353  1283               	bcf	3,5	;RP0=0, select bank0
  1512     0354  1303               	bcf	3,6	;RP1=0, select bank0
  1513     0355  141F               	bsf	31,0	;volatile
  1514     0356                     l1046:
  1515                           
  1516                           ;main.c: 115:   return (x - in_min) * (out_max - out_min) / (in_max - in_min) + out_min;
  1517     0356  3007               	movlw	7
  1518     0357  00F1               	movwf	??_adcInit+1
  1519     0358  307D               	movlw	125
  1520     0359  00F0               	movwf	??_adcInit
  1521     035A                     u847:
  1522     035A  0BF0               	decfsz	??_adcInit,f
  1523     035B  2B5A               	goto	u847
  1524     035C  0BF1               	decfsz	??_adcInit+1,f
  1525     035D  2B5A               	goto	u847
  1526     035E                     l73:
  1527     035E  0008               	return
  1528     035F                     __end_of_adcInit:
  1529                           
  1530                           	psect	text5
  1531     05A8                     __ptext5:	
  1532 ;; *************** function _LcdOutput *****************
  1533 ;; Defined at:
  1534 ;;		line 140 in file "main.c"
  1535 ;; Parameters:    Size  Location     Type
  1536 ;;  i               2   12[COMMON] unsigned short 
  1537 ;; Auto vars:     Size  Location     Type
  1538 ;;  d_0             1    3[BANK0 ] unsigned char 
  1539 ;;  d_1             1    2[BANK0 ] unsigned char 
  1540 ;;  d_2             1    1[BANK0 ] unsigned char 
  1541 ;;  d_3             1    0[BANK0 ] unsigned char 
  1542 ;; Return value:  Size  Location     Type
  1543 ;;                  1    wreg      void 
  1544 ;; Registers used:
  1545 ;;		wreg, status,2, status,0, pclath, cstack
  1546 ;; Tracked objects:
  1547 ;;		On entry : 0/0
  1548 ;;		On exit  : 0/0
  1549 ;;		Unchanged: 0/0
  1550 ;; Data sizes:     COMMON   BANK0   BANK1   BANK3   BANK2
  1551 ;;      Params:         2       0       0       0       0
  1552 ;;      Locals:         0       4       0       0       0
  1553 ;;      Temps:          0       0       0       0       0
  1554 ;;      Totals:         2       4       0       0       0
  1555 ;;Total ram usage:        6 bytes
  1556 ;; Hardware stack levels used: 1
  1557 ;; Hardware stack levels required when called: 1
  1558 ;; This function calls:
  1559 ;;		_LcdData
  1560 ;;		___lwdiv
  1561 ;;		___lwmod
  1562 ;; This function is called by:
  1563 ;;		_main
  1564 ;; This function uses a non-reentrant model
  1565 ;;
  1566                           
  1567     05A8                     _LcdOutput:	
  1568                           ;psect for function _LcdOutput
  1569                           
  1570     05A8                     l1054:	
  1571                           ;incstack = 0
  1572                           ; Regs used in _LcdOutput: [wreg+status,2+status,0+pclath+cstack]
  1573                           
  1574                           
  1575                           ;main.c: 140:     }else if(i < 1000){;main.c: 141:         LcdData(0x20);;main.c: 142:  
      +                                 LcdData(0x30 + d_2);;main.c: 144:         LcdData(0x30 + d_0);
  1576     05A8  3004               	movlw	4
  1577     05A9  027D               	subwf	LcdOutput@i+1,w
  1578     05AA  3000               	movlw	0
  1579     05AB  1903               	skipnz
  1580     05AC  027C               	subwf	LcdOutput@i,w
  1581     05AD  1C03               	skipc
  1582     05AE  2DB0               	goto	u691
  1583     05AF  2DB1               	goto	u690
  1584     05B0                     u691:
  1585     05B0  2DB5               	goto	l1058
  1586     05B1                     u690:
  1587     05B1                     l1056:
  1588     05B1  30FF               	movlw	255
  1589     05B2  00FC               	movwf	LcdOutput@i
  1590     05B3  3003               	movlw	3
  1591     05B4  00FD               	movwf	LcdOutput@i+1
  1592     05B5                     l1058:
  1593                           
  1594                           ;main.c: 146:         LcdData(0x30 + d_3);
  1595     05B5  300A               	movlw	10
  1596     05B6  00F7               	movwf	___lwmod@divisor
  1597     05B7  3000               	movlw	0
  1598     05B8  00F8               	movwf	___lwmod@divisor+1
  1599     05B9  087D               	movf	LcdOutput@i+1,w
  1600     05BA  00FA               	movwf	___lwmod@dividend+1
  1601     05BB  087C               	movf	LcdOutput@i,w
  1602     05BC  00F9               	movwf	___lwmod@dividend
  1603     05BD  120A  118A  235F  120A  118A  	fcall	___lwmod
  1604     05C2  0877               	movf	?___lwmod,w
  1605     05C3  1283               	bcf	3,5	;RP0=0, select bank0
  1606     05C4  1303               	bcf	3,6	;RP1=0, select bank0
  1607     05C5  00A3               	movwf	LcdOutput@d_0
  1608     05C6                     l1060:
  1609                           
  1610                           ;main.c: 147:         LcdData(0x30 + d_2);
  1611     05C6  300A               	movlw	10
  1612     05C7  00F7               	movwf	___lwmod@divisor
  1613     05C8  3000               	movlw	0
  1614     05C9  00F8               	movwf	___lwmod@divisor+1
  1615     05CA  300A               	movlw	10
  1616     05CB  00F0               	movwf	___lwdiv@divisor
  1617     05CC  3000               	movlw	0
  1618     05CD  00F1               	movwf	___lwdiv@divisor+1
  1619     05CE  087D               	movf	LcdOutput@i+1,w
  1620     05CF  00F3               	movwf	___lwdiv@dividend+1
  1621     05D0  087C               	movf	LcdOutput@i,w
  1622     05D1  00F2               	movwf	___lwdiv@dividend
  1623     05D2  120A  118A  2397  120A  118A  	fcall	___lwdiv
  1624     05D7  0871               	movf	?___lwdiv+1,w
  1625     05D8  00FA               	movwf	___lwmod@dividend+1
  1626     05D9  0870               	movf	?___lwdiv,w
  1627     05DA  00F9               	movwf	___lwmod@dividend
  1628     05DB  120A  118A  235F  120A  118A  	fcall	___lwmod
  1629     05E0  0877               	movf	?___lwmod,w
  1630     05E1  1283               	bcf	3,5	;RP0=0, select bank0
  1631     05E2  1303               	bcf	3,6	;RP1=0, select bank0
  1632     05E3  00A2               	movwf	LcdOutput@d_1
  1633     05E4                     l1062:
  1634                           
  1635                           ;main.c: 148:         LcdData(0x30 + d_1);
  1636     05E4  300A               	movlw	10
  1637     05E5  00F7               	movwf	___lwmod@divisor
  1638     05E6  3000               	movlw	0
  1639     05E7  00F8               	movwf	___lwmod@divisor+1
  1640     05E8  3064               	movlw	100
  1641     05E9  00F0               	movwf	___lwdiv@divisor
  1642     05EA  3000               	movlw	0
  1643     05EB  00F1               	movwf	___lwdiv@divisor+1
  1644     05EC  087D               	movf	LcdOutput@i+1,w
  1645     05ED  00F3               	movwf	___lwdiv@dividend+1
  1646     05EE  087C               	movf	LcdOutput@i,w
  1647     05EF  00F2               	movwf	___lwdiv@dividend
  1648     05F0  120A  118A  2397  120A  118A  	fcall	___lwdiv
  1649     05F5  0871               	movf	?___lwdiv+1,w
  1650     05F6  00FA               	movwf	___lwmod@dividend+1
  1651     05F7  0870               	movf	?___lwdiv,w
  1652     05F8  00F9               	movwf	___lwmod@dividend
  1653     05F9  120A  118A  235F  120A  118A  	fcall	___lwmod
  1654     05FE  0877               	movf	?___lwmod,w
  1655     05FF  1283               	bcf	3,5	;RP0=0, select bank0
  1656     0600  1303               	bcf	3,6	;RP1=0, select bank0
  1657     0601  00A1               	movwf	LcdOutput@d_2
  1658     0602                     l1064:
  1659                           
  1660                           ;main.c: 149:         LcdData(0x30 + d_0);
  1661     0602  300A               	movlw	10
  1662     0603  00F7               	movwf	___lwmod@divisor
  1663     0604  3000               	movlw	0
  1664     0605  00F8               	movwf	___lwmod@divisor+1
  1665     0606  30E8               	movlw	232
  1666     0607  00F0               	movwf	___lwdiv@divisor
  1667     0608  3003               	movlw	3
  1668     0609  00F1               	movwf	___lwdiv@divisor+1
  1669     060A  087D               	movf	LcdOutput@i+1,w
  1670     060B  00F3               	movwf	___lwdiv@dividend+1
  1671     060C  087C               	movf	LcdOutput@i,w
  1672     060D  00F2               	movwf	___lwdiv@dividend
  1673     060E  120A  118A  2397  120A  118A  	fcall	___lwdiv
  1674     0613  0871               	movf	?___lwdiv+1,w
  1675     0614  00FA               	movwf	___lwmod@dividend+1
  1676     0615  0870               	movf	?___lwdiv,w
  1677     0616  00F9               	movwf	___lwmod@dividend
  1678     0617  120A  118A  235F  120A  118A  	fcall	___lwmod
  1679     061C  0877               	movf	?___lwmod,w
  1680     061D  1283               	bcf	3,5	;RP0=0, select bank0
  1681     061E  1303               	bcf	3,6	;RP1=0, select bank0
  1682     061F  00A0               	movwf	LcdOutput@d_3
  1683                           
  1684                           ;main.c: 151: }
  1685     0620  3000               	movlw	0
  1686     0621  027D               	subwf	LcdOutput@i+1,w
  1687     0622  300A               	movlw	10
  1688     0623  1903               	skipnz
  1689     0624  027C               	subwf	LcdOutput@i,w
  1690     0625  1803               	skipnc
  1691     0626  2E28               	goto	u701
  1692     0627  2E29               	goto	u700
  1693     0628                     u701:
  1694     0628  2E45               	goto	l1068
  1695     0629                     u700:
  1696     0629                     l1066:
  1697                           
  1698                           ;main.c: 152: 
  1699     0629  3020               	movlw	32
  1700     062A  120A  118A  231D  120A  118A  	fcall	_LcdData
  1701                           
  1702                           ;main.c: 153: 
  1703     062F  3020               	movlw	32
  1704     0630  120A  118A  231D  120A  118A  	fcall	_LcdData
  1705                           
  1706                           ;main.c: 154: void LcdData(uint8_t i) {
  1707     0635  3020               	movlw	32
  1708     0636  120A  118A  231D  120A  118A  	fcall	_LcdData
  1709                           
  1710                           ;main.c: 155:     PORTC |= (0x1 << 3);
  1711     063B  1283               	bcf	3,5	;RP0=0, select bank0
  1712     063C  1303               	bcf	3,6	;RP1=0, select bank0
  1713     063D  0823               	movf	LcdOutput@d_0,w
  1714     063E  3E30               	addlw	48
  1715     063F  120A  118A  231D  120A  118A  	fcall	_LcdData
  1716                           
  1717                           ;main.c: 156:     PORTD = i;
  1718     0644  2EBA               	goto	l92
  1719     0645                     l1068:
  1720     0645  3000               	movlw	0
  1721     0646  027D               	subwf	LcdOutput@i+1,w
  1722     0647  3064               	movlw	100
  1723     0648  1903               	skipnz
  1724     0649  027C               	subwf	LcdOutput@i,w
  1725     064A  1803               	skipnc
  1726     064B  2E4D               	goto	u711
  1727     064C  2E4E               	goto	u710
  1728     064D                     u711:
  1729     064D  2E6D               	goto	l1072
  1730     064E                     u710:
  1731     064E                     l1070:
  1732                           
  1733                           ;main.c: 157:     PORTC |= (0x1 << 0);
  1734     064E  3020               	movlw	32
  1735     064F  120A  118A  231D  120A  118A  	fcall	_LcdData
  1736                           
  1737                           ;main.c: 158:     _delay((unsigned long)((100)*(2000000/4000.0)));
  1738     0654  3020               	movlw	32
  1739     0655  120A  118A  231D  120A  118A  	fcall	_LcdData
  1740                           
  1741                           ;main.c: 159:     PORTC &= ~(0x1 << 0);
  1742     065A  1283               	bcf	3,5	;RP0=0, select bank0
  1743     065B  1303               	bcf	3,6	;RP1=0, select bank0
  1744     065C  0822               	movf	LcdOutput@d_1,w
  1745     065D  3E30               	addlw	48
  1746     065E  120A  118A  231D  120A  118A  	fcall	_LcdData
  1747                           
  1748                           ;main.c: 160: }
  1749     0663  1283               	bcf	3,5	;RP0=0, select bank0
  1750     0664  1303               	bcf	3,6	;RP1=0, select bank0
  1751     0665  0823               	movf	LcdOutput@d_0,w
  1752     0666  3E30               	addlw	48
  1753     0667  120A  118A  231D  120A  118A  	fcall	_LcdData
  1754                           
  1755                           ;main.c: 161: 
  1756     066C  2EBA               	goto	l92
  1757     066D                     l1072:
  1758     066D  3003               	movlw	3
  1759     066E  027D               	subwf	LcdOutput@i+1,w
  1760     066F  30E8               	movlw	232
  1761     0670  1903               	skipnz
  1762     0671  027C               	subwf	LcdOutput@i,w
  1763     0672  1803               	skipnc
  1764     0673  2E75               	goto	u721
  1765     0674  2E76               	goto	u720
  1766     0675                     u721:
  1767     0675  2E98               	goto	l1076
  1768     0676                     u720:
  1769     0676                     l1074:
  1770                           
  1771                           ;main.c: 162: 
  1772     0676  3020               	movlw	32
  1773     0677  120A  118A  231D  120A  118A  	fcall	_LcdData
  1774                           
  1775                           ;main.c: 163: void LcdCommand(uint8_t i) {
  1776     067C  1283               	bcf	3,5	;RP0=0, select bank0
  1777     067D  1303               	bcf	3,6	;RP1=0, select bank0
  1778     067E  0821               	movf	LcdOutput@d_2,w
  1779     067F  3E30               	addlw	48
  1780     0680  120A  118A  231D  120A  118A  	fcall	_LcdData
  1781                           
  1782                           ;main.c: 164:     PORTC &= ~(0x1 << 3);
  1783     0685  1283               	bcf	3,5	;RP0=0, select bank0
  1784     0686  1303               	bcf	3,6	;RP1=0, select bank0
  1785     0687  0822               	movf	LcdOutput@d_1,w
  1786     0688  3E30               	addlw	48
  1787     0689  120A  118A  231D  120A  118A  	fcall	_LcdData
  1788                           
  1789                           ;main.c: 165:     PORTD = i;
  1790     068E  1283               	bcf	3,5	;RP0=0, select bank0
  1791     068F  1303               	bcf	3,6	;RP1=0, select bank0
  1792     0690  0823               	movf	LcdOutput@d_0,w
  1793     0691  3E30               	addlw	48
  1794     0692  120A  118A  231D  120A  118A  	fcall	_LcdData
  1795                           
  1796                           ;main.c: 166:     PORTC |= (0x1 << 0);
  1797     0697  2EBA               	goto	l92
  1798     0698                     l1076:
  1799                           
  1800                           ;main.c: 167:     _delay((unsigned long)((100)*(2000000/4000.0)));
  1801     0698  0820               	movf	LcdOutput@d_3,w
  1802     0699  3E30               	addlw	48
  1803     069A  120A  118A  231D  120A  118A  	fcall	_LcdData
  1804                           
  1805                           ;main.c: 168:     PORTC &= ~(0x1 << 0);
  1806     069F  1283               	bcf	3,5	;RP0=0, select bank0
  1807     06A0  1303               	bcf	3,6	;RP1=0, select bank0
  1808     06A1  0821               	movf	LcdOutput@d_2,w
  1809     06A2  3E30               	addlw	48
  1810     06A3  120A  118A  231D  120A  118A  	fcall	_LcdData
  1811                           
  1812                           ;main.c: 169: }
  1813     06A8  1283               	bcf	3,5	;RP0=0, select bank0
  1814     06A9  1303               	bcf	3,6	;RP1=0, select bank0
  1815     06AA  0822               	movf	LcdOutput@d_1,w
  1816     06AB  3E30               	addlw	48
  1817     06AC  120A  118A  231D  120A  118A  	fcall	_LcdData
  1818     06B1  1283               	bcf	3,5	;RP0=0, select bank0
  1819     06B2  1303               	bcf	3,6	;RP1=0, select bank0
  1820     06B3  0823               	movf	LcdOutput@d_0,w
  1821     06B4  3E30               	addlw	48
  1822     06B5  120A  118A  231D  120A  118A  	fcall	_LcdData
  1823     06BA                     l92:
  1824     06BA  0008               	return
  1825     06BB                     __end_of_LcdOutput:
  1826                           
  1827                           	psect	text6
  1828     035F                     __ptext6:	
  1829 ;; *************** function ___lwmod *****************
  1830 ;; Defined at:
  1831 ;;		line 5 in file "D:\Program Files\Microchip\xc8\v3.00\pic\sources\c99\common\lwmod.c"
  1832 ;; Parameters:    Size  Location     Type
  1833 ;;  divisor         2    7[COMMON] unsigned int 
  1834 ;;  dividend        2    9[COMMON] unsigned int 
  1835 ;; Auto vars:     Size  Location     Type
  1836 ;;  counter         1   11[COMMON] unsigned char 
  1837 ;; Return value:  Size  Location     Type
  1838 ;;                  2    7[COMMON] unsigned int 
  1839 ;; Registers used:
  1840 ;;		wreg, status,2, status,0
  1841 ;; Tracked objects:
  1842 ;;		On entry : 0/0
  1843 ;;		On exit  : 0/0
  1844 ;;		Unchanged: 0/0
  1845 ;; Data sizes:     COMMON   BANK0   BANK1   BANK3   BANK2
  1846 ;;      Params:         4       0       0       0       0
  1847 ;;      Locals:         1       0       0       0       0
  1848 ;;      Temps:          0       0       0       0       0
  1849 ;;      Totals:         5       0       0       0       0
  1850 ;;Total ram usage:        5 bytes
  1851 ;; Hardware stack levels used: 1
  1852 ;; This function calls:
  1853 ;;		Nothing
  1854 ;; This function is called by:
  1855 ;;		_LcdOutput
  1856 ;; This function uses a non-reentrant model
  1857 ;;
  1858                           
  1859     035F                     ___lwmod:	
  1860                           ;psect for function ___lwmod
  1861                           
  1862     035F                     l990:	
  1863                           ;incstack = 0
  1864                           ; Regs used in ___lwmod: [wreg+status,2+status,0]
  1865                           
  1866     035F  0877               	movf	___lwmod@divisor,w
  1867     0360  0478               	iorwf	___lwmod@divisor+1,w
  1868     0361  1903               	btfsc	3,2
  1869     0362  2B64               	goto	u631
  1870     0363  2B65               	goto	u630
  1871     0364                     u631:
  1872     0364  2B92               	goto	l1008
  1873     0365                     u630:
  1874     0365                     l992:
  1875     0365  3001               	movlw	1
  1876     0366  00FB               	movwf	___lwmod@counter
  1877     0367  2B71               	goto	l998
  1878     0368                     l994:
  1879     0368  3001               	movlw	1
  1880     0369                     u645:
  1881     0369  1003               	clrc
  1882     036A  0DF7               	rlf	___lwmod@divisor,f
  1883     036B  0DF8               	rlf	___lwmod@divisor+1,f
  1884     036C  3EFF               	addlw	-1
  1885     036D  1D03               	skipz
  1886     036E  2B69               	goto	u645
  1887     036F                     l996:
  1888     036F  3001               	movlw	1
  1889     0370  07FB               	addwf	___lwmod@counter,f
  1890     0371                     l998:
  1891     0371  1FF8               	btfss	___lwmod@divisor+1,7
  1892     0372  2B74               	goto	u651
  1893     0373  2B75               	goto	u650
  1894     0374                     u651:
  1895     0374  2B68               	goto	l994
  1896     0375                     u650:
  1897     0375                     l1000:
  1898     0375  0878               	movf	___lwmod@divisor+1,w
  1899     0376  027A               	subwf	___lwmod@dividend+1,w
  1900     0377  1D03               	skipz
  1901     0378  2B7B               	goto	u665
  1902     0379  0877               	movf	___lwmod@divisor,w
  1903     037A  0279               	subwf	___lwmod@dividend,w
  1904     037B                     u665:
  1905     037B  1C03               	skipc
  1906     037C  2B7E               	goto	u661
  1907     037D  2B7F               	goto	u660
  1908     037E                     u661:
  1909     037E  2B85               	goto	l1004
  1910     037F                     u660:
  1911     037F                     l1002:
  1912     037F  0877               	movf	___lwmod@divisor,w
  1913     0380  02F9               	subwf	___lwmod@dividend,f
  1914     0381  0878               	movf	___lwmod@divisor+1,w
  1915     0382  1C03               	skipc
  1916     0383  03FA               	decf	___lwmod@dividend+1,f
  1917     0384  02FA               	subwf	___lwmod@dividend+1,f
  1918     0385                     l1004:
  1919     0385  3001               	movlw	1
  1920     0386                     u675:
  1921     0386  1003               	clrc
  1922     0387  0CF8               	rrf	___lwmod@divisor+1,f
  1923     0388  0CF7               	rrf	___lwmod@divisor,f
  1924     0389  3EFF               	addlw	-1
  1925     038A  1D03               	skipz
  1926     038B  2B86               	goto	u675
  1927     038C                     l1006:
  1928     038C  3001               	movlw	1
  1929     038D  02FB               	subwf	___lwmod@counter,f
  1930     038E  1D03               	btfss	3,2
  1931     038F  2B91               	goto	u681
  1932     0390  2B92               	goto	u680
  1933     0391                     u681:
  1934     0391  2B75               	goto	l1000
  1935     0392                     u680:
  1936     0392                     l1008:
  1937     0392  087A               	movf	___lwmod@dividend+1,w
  1938     0393  00F8               	movwf	?___lwmod+1
  1939     0394  0879               	movf	___lwmod@dividend,w
  1940     0395  00F7               	movwf	?___lwmod
  1941     0396                     l474:
  1942     0396  0008               	return
  1943     0397                     __end_of___lwmod:
  1944                           
  1945                           	psect	text7
  1946     0397                     __ptext7:	
  1947 ;; *************** function ___lwdiv *****************
  1948 ;; Defined at:
  1949 ;;		line 5 in file "D:\Program Files\Microchip\xc8\v3.00\pic\sources\c99\common\lwdiv.c"
  1950 ;; Parameters:    Size  Location     Type
  1951 ;;  divisor         2    0[COMMON] unsigned int 
  1952 ;;  dividend        2    2[COMMON] unsigned int 
  1953 ;; Auto vars:     Size  Location     Type
  1954 ;;  quotient        2    4[COMMON] unsigned int 
  1955 ;;  counter         1    6[COMMON] unsigned char 
  1956 ;; Return value:  Size  Location     Type
  1957 ;;                  2    0[COMMON] unsigned int 
  1958 ;; Registers used:
  1959 ;;		wreg, status,2, status,0
  1960 ;; Tracked objects:
  1961 ;;		On entry : 0/0
  1962 ;;		On exit  : 0/0
  1963 ;;		Unchanged: 0/0
  1964 ;; Data sizes:     COMMON   BANK0   BANK1   BANK3   BANK2
  1965 ;;      Params:         4       0       0       0       0
  1966 ;;      Locals:         3       0       0       0       0
  1967 ;;      Temps:          0       0       0       0       0
  1968 ;;      Totals:         7       0       0       0       0
  1969 ;;Total ram usage:        7 bytes
  1970 ;; Hardware stack levels used: 1
  1971 ;; This function calls:
  1972 ;;		Nothing
  1973 ;; This function is called by:
  1974 ;;		_LcdOutput
  1975 ;; This function uses a non-reentrant model
  1976 ;;
  1977                           
  1978     0397                     ___lwdiv:	
  1979                           ;psect for function ___lwdiv
  1980                           
  1981     0397                     l964:	
  1982                           ;incstack = 0
  1983                           ; Regs used in ___lwdiv: [wreg+status,2+status,0]
  1984                           
  1985     0397  01F4               	clrf	___lwdiv@quotient
  1986     0398  01F5               	clrf	___lwdiv@quotient+1
  1987     0399                     l966:
  1988     0399  0870               	movf	___lwdiv@divisor,w
  1989     039A  0471               	iorwf	___lwdiv@divisor+1,w
  1990     039B  1903               	btfsc	3,2
  1991     039C  2B9E               	goto	u561
  1992     039D  2B9F               	goto	u560
  1993     039E                     u561:
  1994     039E  2BD4               	goto	l986
  1995     039F                     u560:
  1996     039F                     l968:
  1997     039F  3001               	movlw	1
  1998     03A0  00F6               	movwf	___lwdiv@counter
  1999     03A1  2BAB               	goto	l974
  2000     03A2                     l970:
  2001     03A2  3001               	movlw	1
  2002     03A3                     u575:
  2003     03A3  1003               	clrc
  2004     03A4  0DF0               	rlf	___lwdiv@divisor,f
  2005     03A5  0DF1               	rlf	___lwdiv@divisor+1,f
  2006     03A6  3EFF               	addlw	-1
  2007     03A7  1D03               	skipz
  2008     03A8  2BA3               	goto	u575
  2009     03A9                     l972:
  2010     03A9  3001               	movlw	1
  2011     03AA  07F6               	addwf	___lwdiv@counter,f
  2012     03AB                     l974:
  2013     03AB  1FF1               	btfss	___lwdiv@divisor+1,7
  2014     03AC  2BAE               	goto	u581
  2015     03AD  2BAF               	goto	u580
  2016     03AE                     u581:
  2017     03AE  2BA2               	goto	l970
  2018     03AF                     u580:
  2019     03AF                     l976:
  2020     03AF  3001               	movlw	1
  2021     03B0                     u595:
  2022     03B0  1003               	clrc
  2023     03B1  0DF4               	rlf	___lwdiv@quotient,f
  2024     03B2  0DF5               	rlf	___lwdiv@quotient+1,f
  2025     03B3  3EFF               	addlw	-1
  2026     03B4  1D03               	skipz
  2027     03B5  2BB0               	goto	u595
  2028     03B6  0871               	movf	___lwdiv@divisor+1,w
  2029     03B7  0273               	subwf	___lwdiv@dividend+1,w
  2030     03B8  1D03               	skipz
  2031     03B9  2BBC               	goto	u605
  2032     03BA  0870               	movf	___lwdiv@divisor,w
  2033     03BB  0272               	subwf	___lwdiv@dividend,w
  2034     03BC                     u605:
  2035     03BC  1C03               	skipc
  2036     03BD  2BBF               	goto	u601
  2037     03BE  2BC0               	goto	u600
  2038     03BF                     u601:
  2039     03BF  2BC7               	goto	l982
  2040     03C0                     u600:
  2041     03C0                     l978:
  2042     03C0  0870               	movf	___lwdiv@divisor,w
  2043     03C1  02F2               	subwf	___lwdiv@dividend,f
  2044     03C2  0871               	movf	___lwdiv@divisor+1,w
  2045     03C3  1C03               	skipc
  2046     03C4  03F3               	decf	___lwdiv@dividend+1,f
  2047     03C5  02F3               	subwf	___lwdiv@dividend+1,f
  2048     03C6                     l980:
  2049     03C6  1474               	bsf	___lwdiv@quotient,0
  2050     03C7                     l982:
  2051     03C7  3001               	movlw	1
  2052     03C8                     u615:
  2053     03C8  1003               	clrc
  2054     03C9  0CF1               	rrf	___lwdiv@divisor+1,f
  2055     03CA  0CF0               	rrf	___lwdiv@divisor,f
  2056     03CB  3EFF               	addlw	-1
  2057     03CC  1D03               	skipz
  2058     03CD  2BC8               	goto	u615
  2059     03CE                     l984:
  2060     03CE  3001               	movlw	1
  2061     03CF  02F6               	subwf	___lwdiv@counter,f
  2062     03D0  1D03               	btfss	3,2
  2063     03D1  2BD3               	goto	u621
  2064     03D2  2BD4               	goto	u620
  2065     03D3                     u621:
  2066     03D3  2BAF               	goto	l976
  2067     03D4                     u620:
  2068     03D4                     l986:
  2069     03D4  0875               	movf	___lwdiv@quotient+1,w
  2070     03D5  00F1               	movwf	?___lwdiv+1
  2071     03D6  0874               	movf	___lwdiv@quotient,w
  2072     03D7  00F0               	movwf	?___lwdiv
  2073     03D8                     l464:
  2074     03D8  0008               	return
  2075     03D9                     __end_of___lwdiv:
  2076                           
  2077                           	psect	text8
  2078     031D                     __ptext8:	
  2079 ;; *************** function _LcdData *****************
  2080 ;; Defined at:
  2081 ;;		line 175 in file "main.c"
  2082 ;; Parameters:    Size  Location     Type
  2083 ;;  i               1    wreg     unsigned char 
  2084 ;; Auto vars:     Size  Location     Type
  2085 ;;  i               1    2[COMMON] unsigned char 
  2086 ;; Return value:  Size  Location     Type
  2087 ;;                  1    wreg      void 
  2088 ;; Registers used:
  2089 ;;		wreg, status,2, status,0
  2090 ;; Tracked objects:
  2091 ;;		On entry : 0/0
  2092 ;;		On exit  : 0/0
  2093 ;;		Unchanged: 0/0
  2094 ;; Data sizes:     COMMON   BANK0   BANK1   BANK3   BANK2
  2095 ;;      Params:         0       0       0       0       0
  2096 ;;      Locals:         1       0       0       0       0
  2097 ;;      Temps:          2       0       0       0       0
  2098 ;;      Totals:         3       0       0       0       0
  2099 ;;Total ram usage:        3 bytes
  2100 ;; Hardware stack levels used: 1
  2101 ;; This function calls:
  2102 ;;		Nothing
  2103 ;; This function is called by:
  2104 ;;		_main
  2105 ;;		_LcdOutput
  2106 ;; This function uses a non-reentrant model
  2107 ;;
  2108                           
  2109     031D                     _LcdData:	
  2110                           ;psect for function _LcdData
  2111                           
  2112                           
  2113                           ;incstack = 0
  2114                           ; Regs used in _LcdData: [wreg+status,2+status,0]
  2115                           ;LcdData@i stored from wreg
  2116     031D  00F2               	movwf	LcdData@i
  2117     031E                     l902:
  2118     031E  1283               	bcf	3,5	;RP0=0, select bank0
  2119     031F  1303               	bcf	3,6	;RP1=0, select bank0
  2120     0320  1587               	bsf	7,3	;volatile
  2121     0321                     l904:
  2122     0321  0872               	movf	LcdData@i,w
  2123     0322  0088               	movwf	8	;volatile
  2124     0323                     l906:
  2125     0323  1407               	bsf	7,0	;volatile
  2126     0324  3041               	movlw	65
  2127     0325  00F1               	movwf	??_LcdData+1
  2128     0326  30EE               	movlw	238
  2129     0327  00F0               	movwf	??_LcdData
  2130     0328                     u857:
  2131     0328  0BF0               	decfsz	??_LcdData,f
  2132     0329  2B28               	goto	u857
  2133     032A  0BF1               	decfsz	??_LcdData+1,f
  2134     032B  2B28               	goto	u857
  2135     032C  0000               	nop
  2136     032D                     l908:
  2137     032D  30FE               	movlw	254
  2138     032E  1283               	bcf	3,5	;RP0=0, select bank0
  2139     032F  1303               	bcf	3,6	;RP1=0, select bank0
  2140     0330  0587               	andwf	7,f	;volatile
  2141     0331                     l95:
  2142     0331  0008               	return
  2143     0332                     __end_of_LcdData:
  2144                           
  2145                           	psect	text9
  2146     041F                     __ptext9:	
  2147 ;; *************** function _LcdInit *****************
  2148 ;; Defined at:
  2149 ;;		line 86 in file "main.c"
  2150 ;; Parameters:    Size  Location     Type
  2151 ;;		None
  2152 ;; Auto vars:     Size  Location     Type
  2153 ;;		None
  2154 ;; Return value:  Size  Location     Type
  2155 ;;                  1    wreg      void 
  2156 ;; Registers used:
  2157 ;;		wreg, status,2, status,0, pclath, cstack
  2158 ;; Tracked objects:
  2159 ;;		On entry : 0/0
  2160 ;;		On exit  : 0/0
  2161 ;;		Unchanged: 0/0
  2162 ;; Data sizes:     COMMON   BANK0   BANK1   BANK3   BANK2
  2163 ;;      Params:         0       0       0       0       0
  2164 ;;      Locals:         0       0       0       0       0
  2165 ;;      Temps:          2       0       0       0       0
  2166 ;;      Totals:         2       0       0       0       0
  2167 ;;Total ram usage:        2 bytes
  2168 ;; Hardware stack levels used: 1
  2169 ;; Hardware stack levels required when called: 1
  2170 ;; This function calls:
  2171 ;;		_LcdCommand
  2172 ;; This function is called by:
  2173 ;;		_main
  2174 ;; This function uses a non-reentrant model
  2175 ;;
  2176                           
  2177     041F                     _LcdInit:	
  2178                           ;psect for function _LcdInit
  2179                           
  2180     041F                     l1012:	
  2181                           ;incstack = 0
  2182                           ; Regs used in _LcdInit: [wreg+status,2+status,0+pclath+cstack]
  2183                           
  2184                           
  2185                           ;main.c: 88: void adcInit(void)
  2186     041F  1683               	bsf	3,5	;RP0=1, select bank1
  2187     0420  1303               	bcf	3,6	;RP1=0, select bank1
  2188     0421  0187               	clrf	7	;volatile
  2189                           
  2190                           ;main.c: 89: {
  2191     0422  0188               	clrf	8	;volatile
  2192                           
  2193                           ;main.c: 90:     TRISA = 0xFF;
  2194     0423  1283               	bcf	3,5	;RP0=0, select bank0
  2195     0424  1303               	bcf	3,6	;RP1=0, select bank0
  2196     0425  0187               	clrf	7	;volatile
  2197                           
  2198                           ;main.c: 91:     ADCON0 = 0x00;
  2199     0426  0188               	clrf	8	;volatile
  2200     0427                     l1014:
  2201                           
  2202                           ;main.c: 94:     _delay((unsigned long)((10)*(2000000/4000.0)));
  2203     0427  3030               	movlw	48
  2204     0428  120A  118A  2332  120A  118A  	fcall	_LcdCommand
  2205     042D                     l1016:
  2206                           
  2207                           ;main.c: 95: }
  2208     042D  3041               	movlw	65
  2209     042E  00F4               	movwf	??_LcdInit+1
  2210     042F  30EE               	movlw	238
  2211     0430  00F3               	movwf	??_LcdInit
  2212     0431                     u867:
  2213     0431  0BF3               	decfsz	??_LcdInit,f
  2214     0432  2C31               	goto	u867
  2215     0433  0BF4               	decfsz	??_LcdInit+1,f
  2216     0434  2C31               	goto	u867
  2217     0435  0000               	nop
  2218     0436                     l1018:
  2219                           
  2220                           ;main.c: 96: 
  2221     0436  3030               	movlw	48
  2222     0437  120A  118A  2332  120A  118A  	fcall	_LcdCommand
  2223     043C                     l1020:
  2224                           
  2225                           ;main.c: 97: 
  2226     043C  3041               	movlw	65
  2227     043D  00F4               	movwf	??_LcdInit+1
  2228     043E  30EE               	movlw	238
  2229     043F  00F3               	movwf	??_LcdInit
  2230     0440                     u877:
  2231     0440  0BF3               	decfsz	??_LcdInit,f
  2232     0441  2C40               	goto	u877
  2233     0442  0BF4               	decfsz	??_LcdInit+1,f
  2234     0443  2C40               	goto	u877
  2235     0444  0000               	nop
  2236     0445                     l1022:
  2237                           
  2238                           ;main.c: 98: void AN1_init(void)
  2239     0445  3030               	movlw	48
  2240     0446  120A  118A  2332  120A  118A  	fcall	_LcdCommand
  2241     044B                     l1024:
  2242                           
  2243                           ;main.c: 99: {
  2244     044B  3041               	movlw	65
  2245     044C  00F4               	movwf	??_LcdInit+1
  2246     044D  30EE               	movlw	238
  2247     044E  00F3               	movwf	??_LcdInit
  2248     044F                     u887:
  2249     044F  0BF3               	decfsz	??_LcdInit,f
  2250     0450  2C4F               	goto	u887
  2251     0451  0BF4               	decfsz	??_LcdInit+1,f
  2252     0452  2C4F               	goto	u887
  2253     0453  0000               	nop
  2254     0454                     l1026:
  2255                           
  2256                           ;main.c: 100:     ADCON0 &= 0b11000111;
  2257     0454  3038               	movlw	56
  2258     0455  120A  118A  2332  120A  118A  	fcall	_LcdCommand
  2259     045A                     l1028:
  2260                           
  2261                           ;main.c: 101:     ADCON0 |= (1 << 3);
  2262     045A  3041               	movlw	65
  2263     045B  00F4               	movwf	??_LcdInit+1
  2264     045C  30EE               	movlw	238
  2265     045D  00F3               	movwf	??_LcdInit
  2266     045E                     u897:
  2267     045E  0BF3               	decfsz	??_LcdInit,f
  2268     045F  2C5E               	goto	u897
  2269     0460  0BF4               	decfsz	??_LcdInit+1,f
  2270     0461  2C5E               	goto	u897
  2271     0462  0000               	nop
  2272     0463                     l1030:
  2273                           
  2274                           ;main.c: 102:     _delay((unsigned long)((20)*(2000000/4000000.0)));
  2275     0463  300C               	movlw	12
  2276     0464  120A  118A  2332  120A  118A  	fcall	_LcdCommand
  2277     0469                     l1032:
  2278                           
  2279                           ;main.c: 103: }
  2280     0469  3041               	movlw	65
  2281     046A  00F4               	movwf	??_LcdInit+1
  2282     046B  30EE               	movlw	238
  2283     046C  00F3               	movwf	??_LcdInit
  2284     046D                     u907:
  2285     046D  0BF3               	decfsz	??_LcdInit,f
  2286     046E  2C6D               	goto	u907
  2287     046F  0BF4               	decfsz	??_LcdInit+1,f
  2288     0470  2C6D               	goto	u907
  2289     0471  0000               	nop
  2290     0472                     l1034:
  2291                           
  2292                           ;main.c: 104: 
  2293     0472  3001               	movlw	1
  2294     0473  120A  118A  2332  120A  118A  	fcall	_LcdCommand
  2295     0478                     l1036:
  2296                           
  2297                           ;main.c: 105: 
  2298     0478  3041               	movlw	65
  2299     0479  00F4               	movwf	??_LcdInit+1
  2300     047A  30EE               	movlw	238
  2301     047B  00F3               	movwf	??_LcdInit
  2302     047C                     u917:
  2303     047C  0BF3               	decfsz	??_LcdInit,f
  2304     047D  2C7C               	goto	u917
  2305     047E  0BF4               	decfsz	??_LcdInit+1,f
  2306     047F  2C7C               	goto	u917
  2307     0480  0000               	nop
  2308     0481                     l70:
  2309     0481  0008               	return
  2310     0482                     __end_of_LcdInit:
  2311                           
  2312                           	psect	text10
  2313     0332                     __ptext10:	
  2314 ;; *************** function _LcdCommand *****************
  2315 ;; Defined at:
  2316 ;;		line 184 in file "main.c"
  2317 ;; Parameters:    Size  Location     Type
  2318 ;;  i               1    wreg     unsigned char 
  2319 ;; Auto vars:     Size  Location     Type
  2320 ;;  i               1    2[COMMON] unsigned char 
  2321 ;; Return value:  Size  Location     Type
  2322 ;;                  1    wreg      void 
  2323 ;; Registers used:
  2324 ;;		wreg, status,2, status,0
  2325 ;; Tracked objects:
  2326 ;;		On entry : 0/0
  2327 ;;		On exit  : 0/0
  2328 ;;		Unchanged: 0/0
  2329 ;; Data sizes:     COMMON   BANK0   BANK1   BANK3   BANK2
  2330 ;;      Params:         0       0       0       0       0
  2331 ;;      Locals:         1       0       0       0       0
  2332 ;;      Temps:          2       0       0       0       0
  2333 ;;      Totals:         3       0       0       0       0
  2334 ;;Total ram usage:        3 bytes
  2335 ;; Hardware stack levels used: 1
  2336 ;; This function calls:
  2337 ;;		Nothing
  2338 ;; This function is called by:
  2339 ;;		_main
  2340 ;;		_LcdInit
  2341 ;; This function uses a non-reentrant model
  2342 ;;
  2343                           
  2344     0332                     _LcdCommand:	
  2345                           ;psect for function _LcdCommand
  2346                           
  2347                           
  2348                           ;incstack = 0
  2349                           ; Regs used in _LcdCommand: [wreg+status,2+status,0]
  2350                           ;LcdCommand@i stored from wreg
  2351     0332  00F2               	movwf	LcdCommand@i
  2352     0333                     l894:
  2353     0333  30F7               	movlw	247
  2354     0334  1283               	bcf	3,5	;RP0=0, select bank0
  2355     0335  1303               	bcf	3,6	;RP1=0, select bank0
  2356     0336  0587               	andwf	7,f	;volatile
  2357     0337                     l896:
  2358     0337  0872               	movf	LcdCommand@i,w
  2359     0338  0088               	movwf	8	;volatile
  2360     0339                     l898:
  2361     0339  1407               	bsf	7,0	;volatile
  2362     033A                     l900:
  2363     033A  3041               	movlw	65
  2364     033B  00F1               	movwf	??_LcdCommand+1
  2365     033C  30EE               	movlw	238
  2366     033D  00F0               	movwf	??_LcdCommand
  2367     033E                     u927:
  2368     033E  0BF0               	decfsz	??_LcdCommand,f
  2369     033F  2B3E               	goto	u927
  2370     0340  0BF1               	decfsz	??_LcdCommand+1,f
  2371     0341  2B3E               	goto	u927
  2372     0342  0000               	nop
  2373     0343  30FE               	movlw	254
  2374     0344  1283               	bcf	3,5	;RP0=0, select bank0
  2375     0345  1303               	bcf	3,6	;RP1=0, select bank0
  2376     0346  0587               	andwf	7,f	;volatile
  2377     0347                     l98:
  2378     0347  0008               	return
  2379     0348                     __end_of_LcdCommand:
  2380                           
  2381                           	psect	text11
  2382     0300                     __ptext11:	
  2383 ;; *************** function _AN4_init *****************
  2384 ;; Defined at:
  2385 ;;		line 127 in file "main.c"
  2386 ;; Parameters:    Size  Location     Type
  2387 ;;		None
  2388 ;; Auto vars:     Size  Location     Type
  2389 ;;		None
  2390 ;; Return value:  Size  Location     Type
  2391 ;;                  1    wreg      void 
  2392 ;; Registers used:
  2393 ;;		wreg, status,2, status,0
  2394 ;; Tracked objects:
  2395 ;;		On entry : 0/0
  2396 ;;		On exit  : 0/0
  2397 ;;		Unchanged: 0/0
  2398 ;; Data sizes:     COMMON   BANK0   BANK1   BANK3   BANK2
  2399 ;;      Params:         0       0       0       0       0
  2400 ;;      Locals:         0       0       0       0       0
  2401 ;;      Temps:          1       0       0       0       0
  2402 ;;      Totals:         1       0       0       0       0
  2403 ;;Total ram usage:        1 bytes
  2404 ;; Hardware stack levels used: 1
  2405 ;; This function calls:
  2406 ;;		Nothing
  2407 ;; This function is called by:
  2408 ;;		_main
  2409 ;; This function uses a non-reentrant model
  2410 ;;
  2411                           
  2412     0300                     _AN4_init:	
  2413                           ;psect for function _AN4_init
  2414                           
  2415     0300                     l1078:	
  2416                           ;incstack = 0
  2417                           ; Regs used in _AN4_init: [wreg+status,2+status,0]
  2418                           
  2419                           
  2420                           ;main.c: 129: 
  2421     0300  30C7               	movlw	199
  2422     0301  1283               	bcf	3,5	;RP0=0, select bank0
  2423     0302  1303               	bcf	3,6	;RP1=0, select bank0
  2424     0303  059F               	andwf	31,f	;volatile
  2425     0304                     l1080:
  2426                           
  2427                           ;main.c: 130:     if(i < 10){
  2428     0304  169F               	bsf	31,5	;volatile
  2429     0305                     l1082:
  2430                           
  2431                           ;main.c: 131:         LcdData(0x20);
  2432     0305  3003               	movlw	3
  2433     0306  00F0               	movwf	??_AN4_init
  2434     0307                     u937:
  2435     0307  0BF0               	decfsz	??_AN4_init,f
  2436     0308  2B07               	goto	u937
  2437     0309                     l79:
  2438     0309  0008               	return
  2439     030A                     __end_of_AN4_init:
  2440                           
  2441                           	psect	text12
  2442     02F6                     __ptext12:	
  2443 ;; *************** function _AN1_init *****************
  2444 ;; Defined at:
  2445 ;;		line 119 in file "main.c"
  2446 ;; Parameters:    Size  Location     Type
  2447 ;;		None
  2448 ;; Auto vars:     Size  Location     Type
  2449 ;;		None
  2450 ;; Return value:  Size  Location     Type
  2451 ;;                  1    wreg      void 
  2452 ;; Registers used:
  2453 ;;		wreg, status,2, status,0
  2454 ;; Tracked objects:
  2455 ;;		On entry : 0/0
  2456 ;;		On exit  : 0/0
  2457 ;;		Unchanged: 0/0
  2458 ;; Data sizes:     COMMON   BANK0   BANK1   BANK3   BANK2
  2459 ;;      Params:         0       0       0       0       0
  2460 ;;      Locals:         0       0       0       0       0
  2461 ;;      Temps:          1       0       0       0       0
  2462 ;;      Totals:         1       0       0       0       0
  2463 ;;Total ram usage:        1 bytes
  2464 ;; Hardware stack levels used: 1
  2465 ;; This function calls:
  2466 ;;		Nothing
  2467 ;; This function is called by:
  2468 ;;		_main
  2469 ;; This function uses a non-reentrant model
  2470 ;;
  2471                           
  2472     02F6                     _AN1_init:	
  2473                           ;psect for function _AN1_init
  2474                           
  2475     02F6                     l1048:	
  2476                           ;incstack = 0
  2477                           ; Regs used in _AN1_init: [wreg+status,2+status,0]
  2478                           
  2479                           
  2480                           ;main.c: 121:     uint8_t d_0, d_1, d_2, d_3;
  2481     02F6  30C7               	movlw	199
  2482     02F7  1283               	bcf	3,5	;RP0=0, select bank0
  2483     02F8  1303               	bcf	3,6	;RP1=0, select bank0
  2484     02F9  059F               	andwf	31,f	;volatile
  2485     02FA                     l1050:
  2486                           
  2487                           ;main.c: 122: 
  2488     02FA  159F               	bsf	31,3	;volatile
  2489     02FB                     l1052:
  2490                           
  2491                           ;main.c: 123:     if(i > 1023) i = 1023;
  2492     02FB  3003               	movlw	3
  2493     02FC  00F0               	movwf	??_AN1_init
  2494     02FD                     u947:
  2495     02FD  0BF0               	decfsz	??_AN1_init,f
  2496     02FE  2AFD               	goto	u947
  2497     02FF                     l76:
  2498     02FF  0008               	return
  2499     0300                     __end_of_AN1_init:
  2500     0002                     ___latbits      equ	2
  2501     007E                     btemp           set	126	;btemp
  2502     007E                     wtemp0          set	126
  2503                           
  2504                           	psect	config
  2505                           
  2506                           ;Config register CONFIG @ 0x2007
  2507                           ;	Oscillator Selection bits
  2508                           ;	FOSC = HS, HS oscillator
  2509                           ;	Watchdog Timer Enable bit
  2510                           ;	WDTE = OFF, WDT disabled
  2511                           ;	Power-up Timer Enable bit
  2512                           ;	PWRTE = OFF, PWRT disabled
  2513                           ;	Brown-out Reset Enable bit
  2514                           ;	BOREN = OFF, BOR disabled
  2515                           ;	Low-Voltage (Single-Supply) In-Circuit Serial Programming Enable bit
  2516                           ;	LVP = ON, RB3/PGM pin has PGM function; low-voltage programming enabled
  2517                           ;	Data EEPROM Memory Code Protection bit
  2518                           ;	CPD = OFF, Data EEPROM code protection off
  2519                           ;	Flash Program Memory Write Enable bits
  2520                           ;	WRT = OFF, Write protection off; all program memory may be written to by EECON control
  2521                           ;	In-Circuit Debugger Mode bit
  2522                           ;	DEBUG = 0x1, unprogrammed default
  2523                           ;	Flash Program Memory Code Protection bit
  2524                           ;	CP = OFF, Code protection off
  2525     2007                     	org	8199
  2526     2007  3FBA               	dw	16314

Data Sizes:
    Strings     0
    Constant    0
    Data        8
    BSS         8
    Persistent  0
    Stack       0

Auto Spaces:
    Space          Size  Autos    Used
    COMMON           14     14      14
    BANK0            80     52      68
    BANK1            80      0       0
    BANK3            96      0       0
    BANK2            96      0       0

Pointer List with Targets:

    None.

Critical Paths under _main in COMMON

    _main->_LcdOutput
    _map->___aldiv
    ___aldiv->___lmul
    _LcdOutput->___lwmod
    ___lwmod->___lwdiv
    _LcdInit->_LcdCommand

Critical Paths under _main in BANK0

    _main->_map
    _map->___aldiv

Critical Paths under _main in BANK1

    None.

Critical Paths under _main in BANK3

    None.

Critical Paths under _main in BANK2

    None.

Call Graph Tables:

 ---------------------------------------------------------------------------------
 (Depth) Function   	        Calls       Base Space   Used Autos Params    Refs
 ---------------------------------------------------------------------------------
 (0) _main                                                 6     6      0    1545
                                             46 BANK0      6     6      0
                           _AN1_init
                           _AN4_init
                         _LcdCommand
                            _LcdData
                            _LcdInit
                          _LcdOutput
                            _adcInit
                                _map
 ---------------------------------------------------------------------------------
 (1) _map                                                 32    12     20     555
                                             14 BANK0     32    12     20
                            ___aldiv
                             ___lmul
 ---------------------------------------------------------------------------------
 (2) ___lmul                                              13     5      8      94
                                              0 COMMON    13     5      8
 ---------------------------------------------------------------------------------
 (2) ___aldiv                                             15     7      8     302
                                             13 COMMON     1     1      0
                                              0 BANK0     14     6      8
                             ___lmul (ARG)
 ---------------------------------------------------------------------------------
 (1) _adcInit                                              2     2      0       0
                                              0 COMMON     2     2      0
 ---------------------------------------------------------------------------------
 (1) _LcdOutput                                            6     4      2     767
                                             12 COMMON     2     0      2
                                              0 BANK0      4     4      0
                            _LcdData
                            ___lwdiv
                            ___lwmod
 ---------------------------------------------------------------------------------
 (2) ___lwmod                                              5     1      4     167
                                              7 COMMON     5     1      4
                            ___lwdiv (ARG)
 ---------------------------------------------------------------------------------
 (2) ___lwdiv                                              7     3      4     168
                                              0 COMMON     7     3      4
 ---------------------------------------------------------------------------------
 (2) _LcdData                                              3     3      0      29
                                              0 COMMON     3     3      0
 ---------------------------------------------------------------------------------
 (1) _LcdInit                                              2     2      0      29
                                              3 COMMON     2     2      0
                         _LcdCommand
 ---------------------------------------------------------------------------------
 (2) _LcdCommand                                           3     3      0      29
                                              0 COMMON     3     3      0
 ---------------------------------------------------------------------------------
 (1) _AN4_init                                             1     1      0       0
                                              0 COMMON     1     1      0
 ---------------------------------------------------------------------------------
 (1) _AN1_init                                             1     1      0       0
                                              0 COMMON     1     1      0
 ---------------------------------------------------------------------------------
 Estimated maximum stack depth 2
 ---------------------------------------------------------------------------------

 Call Graph Graphs:

 _main (ROOT)
   _AN1_init
   _AN4_init
   _LcdCommand
   _LcdData
   _LcdInit
     _LcdCommand
   _LcdOutput
     _LcdData
     ___lwdiv
     ___lwmod
       ___lwdiv (ARG)
   _adcInit
   _map
     ___aldiv
       ___lmul (ARG)
     ___lmul

Address spaces:
Name               Size   Autos  Total    Usage
BANK3               96      0       0      0.0%
BITBANK3            96      0       0      0.0%
BANK2               96      0       0      0.0%
BITBANK2            96      0       0      0.0%
BANK1               80      0       0      0.0%
BITBANK1            80      0       0      0.0%
BANK0               80     52      68     85.0%
BITBANK0            80      0       0      0.0%
COMMON              14     14      14    100.0%
BITCOMMON           14      0       0      0.0%
DATA                 0      0      82      0.0%
STACK                0      0       0      0.0%


Microchip Technology PIC Macro Assembler V3.00 build 20241204225717 
Symbol Table                                                                                   Thu May 01 21:21:37 2025

                      pc 0002                       l61 0774                       l70 0481  
                     l73 035E                       l82 050E                       l58 072A  
                     l76 02FF                       l92 06BA                       l79 0309  
                     l95 0331                       l98 0347                       fsr 0004  
                    _CH1 0060                      _CH4 005C                      l249 0523  
                    l259 05A7                      l198 041E                      l464 03D8  
                    l474 0396                      l900 033A                      l902 031E  
                    l910 03D9                      l904 0321                      l920 0416  
                    l912 03E1                      l906 0323                      l930 0527  
                    l914 03E5                      l908 032D                      l940 0547  
                    l932 0532                      l924 050F                      l916 03FC  
                    l950 057F                      l942 0552                      l934 0534  
                    l926 0512                      l918 0405                      l960 059F  
                    l952 0580                      l944 0556                      l936 053C  
                    l928 0516                      l970 03A2                      l954 0589  
                    l946 055F                      l938 0544                      l980 03C6  
                    l972 03A9                      l964 0397                      l948 0571  
                    l956 058F                      l894 0333                      l982 03C7  
                    l974 03AB                      l966 0399                      l990 035F  
                    l958 0594                      l896 0337                      l984 03CE  
                    l976 03AF                      l968 039F                      l992 0365  
                    l898 0339                      l978 03C0                      l986 03D4  
                    l994 0368                      l996 036F                      l998 0371  
                    u410 03E5                      u411 03E4                      u500 0556  
                    u501 0555                      u421 03EE                      u422 03F5  
                    u423 03FC                      u600 03C0                      u520 0571  
                    u601 03BF                      u521 0570                      u450 0416  
                    u515 0558                      u451 0415                      u435 03FE  
                    u620 03D4                      u700 0629                      u540 058F  
                    u460 0516                      u621 03D3                      u605 03BC  
                    u701 0628                      u541 058E                      u525 056D  
                    u461 0515                      u445 0406                      u630 0365  
                    u710 064E                      u550 0594                      u470 0527  
                    u615 03C8                      u631 0364                      u711 064D  
                    u551 0593                      u535 0581                      u471 0526  
                    u560 039F                      u720 0676                      u480 0544  
                    u800 07CD                      u561 039E                      u721 0675  
                    u481 0543                      u801 07CC                      u650 0375  
                    u651 0374                      u731 0493                      u580 03AF  
                    u660 037F                      u732 0494                      u581 03AE  
                    u661 037E                      u645 0369                      u741 04B7  
                    u733 0499                      u742 04B8                      u734 049A  
                    u575 03A3                      u495 0549                      u751 04DB  
                    u743 04BD                      u735 049F                      u680 0392  
                    u752 04DC                      u744 04BE                      u736 04A0  
                    u760 06F0                      u681 0391                      u665 037B  
                    u753 04E1                      u745 04C3                      u817 0724  
                    u761 06EF                      u690 05B1                      u754 04E2  
                    u746 04C4                      u770 071B                      u907 046D  
                    u595 03B0                      u675 0386                      u691 05B0  
                    u755 04E7                      u827 0760                      u771 071A  
                    u756 04E8                      u780 072E                      u917 047C  
                    u837 076E                      u781 072D                      u765 06EC  
                    u790 0778                      u927 033E                      u847 035A  
                    u791 0777                      u775 0717                      u937 0307  
                    u857 0328                      u947 02FD                      u867 0431  
                    u877 0440                      u887 044F                      u897 045E  
                    _map 0482                      fsr0 0004                      indf 0000  
                   l1000 0375                     l1002 037F                     l1020 043C  
                   l1012 041F                     l1004 0385                     l1100 06E3  
                   l1030 0463                     l1022 0445                     l1014 0427  
                   l1006 038C                     l1110 06FA                     l1102 06F0  
                   l1032 0469                     l1024 044B                     l1016 042D  
                   l1008 0392                     l1040 034C                     l1120 0727  
                   l1112 0706                     l1104 06F6                     l1050 02FA  
                   l1034 0472                     l1026 0454                     l1018 0436  
                   l1042 034F                     l1130 076A                     l1122 072E  
                   l1114 070E                     l1052 02FB                     l1036 0478  
                   l1028 045A                     l1060 05C6                     l1044 0353  
                   l1140 07CD                     l1132 0771                     l1124 0749  
                   l1116 071B                     l1070 064E                     l1062 05E4  
                   l1054 05A8                     l1046 0356                     l1038 0348  
                   l1142 07D1                     l1134 0778                     l1126 074F  
                   l1118 0720                     l1048 02F6                     l1080 0304  
                   l1072 066D                     l1064 0602                     l1056 05B1  
                   l1144 07D7                     l1136 0793                     l1128 0765  
                   l1082 0305                     l1074 0676                     l1066 0629  
                   l1058 05B5                     l1138 07C4                     l1090 06CB  
                   l1076 0698                     l1068 0645                     l1084 0482  
                   l1078 0300                     l1096 06CF                     l1088 06BB  
                   l1098 06DB                     ?_map 002E                     _main 06BB  
                   map@x 002E                     btemp 007E                     start 0000  
       __end_of_AN1_init 0300          __end_of_LcdData 0332         __end_of_AN4_init 030A  
        __end_of_LcdInit 0482               _LcdCommand 0332                    ??_map 0042  
        __end_of___aldiv 05A8                    ?_main 0070          __end_of_adcInit 035F  
        __end_of___lwdiv 03D9          __end_of___lwmod 0397                    _PORTC 0007  
                  _PORTD 0008                    _TRISA 0085                    _TRISC 0087  
                  _TRISD 0088      ___lmul@multiplicand 0074                    main@i 0050  
                  pclath 000A                    status 0003                    wtemp0 007E  
        __initialization 07E6             __end_of_main 07E6                   ??_main 004E  
                 _ADCON0 001F                   _ADCON1 009F                   _ADRESH 001E  
                 _ADRESL 009E                ??_LcdData 0070                ??_LcdInit 0073  
            ?_LcdCommand 0070                   _adcLow 0058                   ___lmul 03D9  
              ??___aldiv 007D                ??_adcInit 0070                ??___lwdiv 0074  
              ??___lwmod 007B                ?_AN1_init 0070                ?_AN4_init 0070  
__end_of__initialization 07FC        __end_of_LcdOutput 06BB           __pcstackCOMMON 0070  
           __pidataBANK0 02EE               ??_AN1_init 0070               ??_AN4_init 0070  
             __pbssBANK0 0054               __pmaintext 06BB                  ?___lmul 0070  
         ___lmul@product 0079                  _LcdData 031D                  _LcdInit 041F  
                ___aldiv 050F                  _adcHigh 005A                  _adcInit 0348  
                _adcVolt 0054                  ___lwdiv 0397                  ___lwmod 035F  
                __ptext1 0482                  __ptext2 03D9                  __ptext3 050F  
                __ptext4 0348                  __ptext5 05A8                  __ptext6 035F  
                __ptext7 0397                  __ptext8 031D                  __ptext9 041F  
       ___aldiv@dividend 0024     end_of_initialization 07FC             ??_LcdCommand 0070  
       ___aldiv@quotient 002A       __end_of_LcdCommand 0348               map@out_max 003E  
             map@out_min 003A                _LcdOutput 05A8           __end_of___lmul 041F  
    start_initialization 07E6              __end_of_map 050F                 ??___lmul 0078  
             init_fetch0 030A               ?_LcdOutput 007C              __pdataBANK0 005C  
              ___latbits 0002            __pcstackBANK0 0020                 ?_LcdData 0070  
               ?_LcdInit 0070         ___lwdiv@dividend 0072                 ?___aldiv 0020  
               ?_adcInit 0070                 ?___lwdiv 0070                 ?___lwmod 0077  
               _AN1_init 02F6                 _AN4_init 0300         ___lwdiv@quotient 0074  
        ___aldiv@divisor 0020          ___aldiv@counter 0028                 LcdData@i 0072  
            ??_LcdOutput 007E                map@in_max 0036                map@in_min 0032  
        _calibratedValue 0056        ___lmul@multiplier 0070             LcdOutput@d_0 0023  
           LcdOutput@d_1 0022             LcdOutput@d_2 0021             LcdOutput@d_3 0020  
        ___lwdiv@divisor 0070          ___lwdiv@counter 0076                 __ptext10 0332  
               __ptext11 0300                 __ptext12 02F6              LcdCommand@i 0072  
               main@i_89 0052                 init_ram0 030E         ___lwmod@dividend 0079  
             LcdOutput@i 007C          ___lwmod@divisor 0077          ___lwmod@counter 007B  
           ___aldiv@sign 0029  
