

Microchip MPLAB XC8 Assembler V3.00 build 20241204225717 
                                                                                               Thu May 01 21:19:12 2025

Microchip MPLAB XC8 C Compiler v3.00 (Free license) build 20241204225717 Og1 
     1                           	processor	16F877A
     2                           	pagewidth 120
     3                           	opt	flic
     4                           	psect	idataBANK0,global,class=CODE,space=0,delta=2,noexec
     5                           	psect	cinit,global,class=CODE,space=0,merge=1,delta=2
     6                           	psect	bssBANK0,global,class=BANK0,space=1,delta=1,noexec
     7                           	psect	dataBANK0,global,class=BANK0,space=1,delta=1,noexec
     8                           	psect	inittext,global,class=CODE,space=0,delta=2
     9                           	psect	cstackCOMMON,global,class=COMMON,space=1,delta=1,noexec
    10                           	psect	cstackBANK0,global,class=BANK0,space=1,delta=1,noexec
    11                           	psect	maintext,global,class=CODE,space=0,split=1,delta=2
    12                           	psect	text1,local,class=CODE,space=0,merge=1,delta=2
    13                           	psect	text2,local,class=CODE,space=0,merge=1,delta=2,group=1
    14                           	psect	text3,local,class=CODE,space=0,merge=1,delta=2,group=1
    15                           	psect	text4,local,class=CODE,space=0,merge=1,delta=2
    16                           	psect	text5,local,class=CODE,space=0,merge=1,delta=2
    17                           	psect	text6,local,class=CODE,space=0,merge=1,delta=2
    18                           	psect	text7,local,class=CODE,space=0,merge=1,delta=2,group=1
    19                           	psect	text8,local,class=CODE,space=0,merge=1,delta=2,group=1
    20                           	psect	text9,local,class=CODE,space=0,merge=1,delta=2
    21                           	dabs	1,0x7E,2
    22     0000                     
    23                           ; Generated 12/10/2023 GMT
    24                           ; 
    25                           ; Copyright © 2023, Microchip Technology Inc. and its subsidiaries ("Microchip")
    26                           ; All rights reserved.
    27                           ; 
    28                           ; This software is developed by Microchip Technology Inc. and its subsidiaries ("Microch
      +                          ip").
    29                           ; 
    30                           ; Redistribution and use in source and binary forms, with or without modification, are
    31                           ; permitted provided that the following conditions are met:
    32                           ; 
    33                           ;     1. Redistributions of source code must retain the above copyright notice, this lis
      +                          t of
    34                           ;        conditions and the following disclaimer.
    35                           ; 
    36                           ;     2. Redistributions in binary form must reproduce the above copyright notice, this 
      +                          list
    37                           ;        of conditions and the following disclaimer in the documentation and/or other
    38                           ;        materials provided with the distribution. Publication is not required when
    39                           ;        this file is used in an embedded application.
    40                           ; 
    41                           ;     3. Microchip's name may not be used to endorse or promote products derived from th
      +                          is
    42                           ;        software without specific prior written permission.
    43                           ; 
    44                           ; THIS SOFTWARE IS PROVIDED BY MICROCHIP "AS IS" AND ANY EXPRESS OR IMPLIED WARRANTIES,
    45                           ; INCLUDING, BUT NOT LIMITED TO, THE IMPLIED WARRANTIES OF MERCHANTABILITY AND FITNESS F
      +                          OR
    46                           ; PURPOSE ARE DISCLAIMED.  IN NO EVENT SHALL MICROCHIP BE LIABLE FOR ANY DIRECT, INDIREC
      +                          T,
    47                           ; INCIDENTAL, SPECIAL, EXEMPLARY, OR CONSEQUENTIAL DAMAGES (INCLUDING BUT NOT LIMITED TO
    48                           ; PROCUREMENT OF SUBSTITUTE GOODS OR SERVICES; LOSS OF USE, DATA OR PROFITS; OR BUSINESS
    49                           ; INTERRUPTION) HOWSOEVER CAUSED AND ON ANY THEORY OF LIABILITY, WHETHER IN CONTRACT, ST
      +                          RICT
    50                           ; LIABILITY, OR TORT (INCLUDING NEGLIGENCE OR OTHERWISE) ARISING IN ANY WAY OUT OF THE U
      +                          SE OF
    51                           ; THIS SOFTWARE, EVEN IF ADVISED OF THE POSSIBILITY OF SUCH DAMAGE.
    52                           ; 
    53                           ; 
    54                           ; Code-generator required, PIC16F877A Definitions
    55                           ; 
    56                           ; SFR Addresses
    57     0004                     fsr             equ	4
    58     0004                     fsr0            equ	4
    59     0000                     indf            equ	0
    60     0000                     indf0           equ	0
    61     0002                     pc              equ	2
    62     0002                     pcl             equ	2
    63     000A                     pclath          equ	10
    64     0003                     status          equ	3
    65     0000                     INDF            equ	0	;# 
    66     0001                     TMR0            equ	1	;# 
    67     0002                     PCL             equ	2	;# 
    68     0003                     STATUS          equ	3	;# 
    69     0004                     FSR             equ	4	;# 
    70     0005                     PORTA           equ	5	;# 
    71     0006                     PORTB           equ	6	;# 
    72     0007                     PORTC           equ	7	;# 
    73     0008                     PORTD           equ	8	;# 
    74     0009                     PORTE           equ	9	;# 
    75     000A                     PCLATH          equ	10	;# 
    76     000B                     INTCON          equ	11	;# 
    77     000C                     PIR1            equ	12	;# 
    78     000D                     PIR2            equ	13	;# 
    79     000E                     TMR1            equ	14	;# 
    80     000E                     TMR1L           equ	14	;# 
    81     000F                     TMR1H           equ	15	;# 
    82     0010                     T1CON           equ	16	;# 
    83     0011                     TMR2            equ	17	;# 
    84     0012                     T2CON           equ	18	;# 
    85     0013                     SSPBUF          equ	19	;# 
    86     0014                     SSPCON          equ	20	;# 
    87     0015                     CCPR1           equ	21	;# 
    88     0015                     CCPR1L          equ	21	;# 
    89     0016                     CCPR1H          equ	22	;# 
    90     0017                     CCP1CON         equ	23	;# 
    91     0018                     RCSTA           equ	24	;# 
    92     0019                     TXREG           equ	25	;# 
    93     001A                     RCREG           equ	26	;# 
    94     001B                     CCPR2           equ	27	;# 
    95     001B                     CCPR2L          equ	27	;# 
    96     001C                     CCPR2H          equ	28	;# 
    97     001D                     CCP2CON         equ	29	;# 
    98     001E                     ADRESH          equ	30	;# 
    99     001F                     ADCON0          equ	31	;# 
   100     0081                     OPTION_REG      equ	129	;# 
   101     0085                     TRISA           equ	133	;# 
   102     0086                     TRISB           equ	134	;# 
   103     0087                     TRISC           equ	135	;# 
   104     0088                     TRISD           equ	136	;# 
   105     0089                     TRISE           equ	137	;# 
   106     008C                     PIE1            equ	140	;# 
   107     008D                     PIE2            equ	141	;# 
   108     008E                     PCON            equ	142	;# 
   109     0091                     SSPCON2         equ	145	;# 
   110     0092                     PR2             equ	146	;# 
   111     0093                     SSPADD          equ	147	;# 
   112     0094                     SSPSTAT         equ	148	;# 
   113     0098                     TXSTA           equ	152	;# 
   114     0099                     SPBRG           equ	153	;# 
   115     009C                     CMCON           equ	156	;# 
   116     009D                     CVRCON          equ	157	;# 
   117     009E                     ADRESL          equ	158	;# 
   118     009F                     ADCON1          equ	159	;# 
   119     010C                     EEDATA          equ	268	;# 
   120     010D                     EEADR           equ	269	;# 
   121     010E                     EEDATH          equ	270	;# 
   122     010F                     EEADRH          equ	271	;# 
   123     018C                     EECON1          equ	396	;# 
   124     018D                     EECON2          equ	397	;# 
   125     0000                     INDF            equ	0	;# 
   126     0001                     TMR0            equ	1	;# 
   127     0002                     PCL             equ	2	;# 
   128     0003                     STATUS          equ	3	;# 
   129     0004                     FSR             equ	4	;# 
   130     0005                     PORTA           equ	5	;# 
   131     0006                     PORTB           equ	6	;# 
   132     0007                     PORTC           equ	7	;# 
   133     0008                     PORTD           equ	8	;# 
   134     0009                     PORTE           equ	9	;# 
   135     000A                     PCLATH          equ	10	;# 
   136     000B                     INTCON          equ	11	;# 
   137     000C                     PIR1            equ	12	;# 
   138     000D                     PIR2            equ	13	;# 
   139     000E                     TMR1            equ	14	;# 
   140     000E                     TMR1L           equ	14	;# 
   141     000F                     TMR1H           equ	15	;# 
   142     0010                     T1CON           equ	16	;# 
   143     0011                     TMR2            equ	17	;# 
   144     0012                     T2CON           equ	18	;# 
   145     0013                     SSPBUF          equ	19	;# 
   146     0014                     SSPCON          equ	20	;# 
   147     0015                     CCPR1           equ	21	;# 
   148     0015                     CCPR1L          equ	21	;# 
   149     0016                     CCPR1H          equ	22	;# 
   150     0017                     CCP1CON         equ	23	;# 
   151     0018                     RCSTA           equ	24	;# 
   152     0019                     TXREG           equ	25	;# 
   153     001A                     RCREG           equ	26	;# 
   154     001B                     CCPR2           equ	27	;# 
   155     001B                     CCPR2L          equ	27	;# 
   156     001C                     CCPR2H          equ	28	;# 
   157     001D                     CCP2CON         equ	29	;# 
   158     001E                     ADRESH          equ	30	;# 
   159     001F                     ADCON0          equ	31	;# 
   160     0081                     OPTION_REG      equ	129	;# 
   161     0085                     TRISA           equ	133	;# 
   162     0086                     TRISB           equ	134	;# 
   163     0087                     TRISC           equ	135	;# 
   164     0088                     TRISD           equ	136	;# 
   165     0089                     TRISE           equ	137	;# 
   166     008C                     PIE1            equ	140	;# 
   167     008D                     PIE2            equ	141	;# 
   168     008E                     PCON            equ	142	;# 
   169     0091                     SSPCON2         equ	145	;# 
   170     0092                     PR2             equ	146	;# 
   171     0093                     SSPADD          equ	147	;# 
   172     0094                     SSPSTAT         equ	148	;# 
   173     0098                     TXSTA           equ	152	;# 
   174     0099                     SPBRG           equ	153	;# 
   175     009C                     CMCON           equ	156	;# 
   176     009D                     CVRCON          equ	157	;# 
   177     009E                     ADRESL          equ	158	;# 
   178     009F                     ADCON1          equ	159	;# 
   179     010C                     EEDATA          equ	268	;# 
   180     010D                     EEADR           equ	269	;# 
   181     010E                     EEDATH          equ	270	;# 
   182     010F                     EEADRH          equ	271	;# 
   183     018C                     EECON1          equ	396	;# 
   184     018D                     EECON2          equ	397	;# 
   185                           
   186                           	psect	idataBANK0
   187     0446                     __pidataBANK0:
   188                           
   189                           ;initializer for _calibratedVolt
   190     0446  3443               	retlw	67
   191     0447  3461               	retlw	97
   192     0448  346C               	retlw	108
   193     0449  342E               	retlw	46
   194     044A  3456               	retlw	86
   195     044B  346F               	retlw	111
   196     044C  346C               	retlw	108
   197     044D  3474               	retlw	116
   198     044E  343A               	retlw	58
   199     044F  3420               	retlw	32
   200     0450  3400               	retlw	0
   201     0008                     _PORTD          set	8
   202     0007                     _PORTC          set	7
   203     001E                     _ADRESH         set	30
   204     001F                     _ADCON0         set	31
   205     009F                     _ADCON1         set	159
   206     0088                     _TRISD          set	136
   207     0087                     _TRISC          set	135
   208     009E                     _ADRESL         set	158
   209                           
   210                           	psect	cinit
   211     07E6                     start_initialization:	
   212                           ; #config settings
   213                           
   214     07E6                     __initialization:
   215                           
   216                           ; Initialize objects allocated to BANK0
   217     07E6  1383               	bcf	3,7	;select IRP bank0
   218     07E7  305D               	movlw	low (__pdataBANK0+11)
   219     07E8  00FD               	movwf	btemp+-1
   220     07E9  3004               	movlw	high __pidataBANK0
   221     07EA  00FE               	movwf	btemp
   222     07EB  3046               	movlw	low __pidataBANK0
   223     07EC  00FF               	movwf	btemp+1
   224     07ED  3052               	movlw	low __pdataBANK0
   225     07EE  0084               	movwf	4
   226     07EF  120A  118A  2455  120A  118A  	fcall	init_ram0
   227                           
   228                           ; Clear objects allocated to BANK0
   229     07F4  01DD               	clrf	__pbssBANK0& (0+127)
   230     07F5  01DE               	clrf	(__pbssBANK0+1)& (0+127)
   231     07F6  01DF               	clrf	(__pbssBANK0+2)& (0+127)
   232     07F7  01E0               	clrf	(__pbssBANK0+3)& (0+127)
   233     07F8  01E1               	clrf	(__pbssBANK0+4)& (0+127)
   234     07F9  01E2               	clrf	(__pbssBANK0+5)& (0+127)
   235     07FA  01E3               	clrf	(__pbssBANK0+6)& (0+127)
   236     07FB  01E4               	clrf	(__pbssBANK0+7)& (0+127)
   237     07FC                     end_of_initialization:	
   238                           ;End of C runtime variable initialization code
   239                           
   240     07FC                     __end_of__initialization:
   241     07FC  0183               	clrf	3
   242     07FD  120A  118A  2F41   	ljmp	_main	;jump to C main() function
   243                           
   244                           	psect	bssBANK0
   245     005D                     __pbssBANK0:
   246     005D                     _adcVolt:
   247     005D                     	ds	2
   248     005F                     _calibratedValue:
   249     005F                     	ds	2
   250     0061                     _adcLow:
   251     0061                     	ds	2
   252     0063                     _adcHigh:
   253     0063                     	ds	2
   254                           
   255                           	psect	dataBANK0
   256     0052                     __pdataBANK0:
   257     0052                     _calibratedVolt:
   258     0052                     	ds	11
   259                           
   260                           	psect	inittext
   261     0451                     init_fetch0:	
   262                           ;	Called with low address in FSR and high address in W
   263                           
   264     0451  087E               	movf	btemp,w
   265     0452  008A               	movwf	10
   266     0453  087F               	movf	btemp+1,w
   267     0454  0082               	movwf	2
   268     0455                     init_ram0:	
   269                           ;Called with:
   270                           ;	high address of idata address in btemp 
   271                           ;	low address of idata address in btemp+1 
   272                           ;	low address of data in FSR
   273                           ;	high address + 1 of data in btemp-1
   274                           
   275     0455  120A  118A  2451  120A  118A  	fcall	init_fetch0
   276     045A  0080               	movwf	0
   277     045B  0A84               	incf	4,f
   278     045C  0804               	movf	4,w
   279     045D  067D               	xorwf	btemp+-1,w
   280     045E  1903               	btfsc	3,2
   281     045F  3400               	retlw	0
   282     0460  0AFF               	incf	btemp+1,f
   283     0461  1903               	btfsc	3,2
   284     0462  0AFE               	incf	btemp,f
   285     0463  2C55               	goto	init_ram0
   286                           
   287                           	psect	cstackCOMMON
   288     0070                     __pcstackCOMMON:
   289     0070                     ?_adcLcdInit:
   290     0070                     ?_LcdCommand:	
   291                           ; 1 bytes @ 0x0
   292                           
   293     0070                     ?_LcdData:	
   294                           ; 1 bytes @ 0x0
   295                           
   296     0070                     ?_main:	
   297                           ; 1 bytes @ 0x0
   298                           
   299     0070                     ?___lwdiv:	
   300                           ; 1 bytes @ 0x0
   301                           
   302     0070                     ?___lmul:	
   303                           ; 2 bytes @ 0x0
   304                           
   305     0070                     ___lwdiv@divisor:	
   306                           ; 4 bytes @ 0x0
   307                           
   308     0070                     ___lmul@multiplier:	
   309                           ; 2 bytes @ 0x0
   310                           
   311     0070                     ??_LcdCommand:	
   312                           ; 4 bytes @ 0x0
   313                           
   314     0070                     ??_LcdData:	
   315                           ; 1 bytes @ 0x0
   316                           
   317                           
   318                           ; 1 bytes @ 0x0
   319     0070                     	ds	2
   320     0072                     LcdData@i:
   321     0072                     LcdCommand@i:	
   322                           ; 1 bytes @ 0x2
   323                           
   324     0072                     ___lwdiv@dividend:	
   325                           ; 1 bytes @ 0x2
   326                           
   327                           
   328                           ; 2 bytes @ 0x2
   329     0072                     	ds	1
   330     0073                     ??_adcLcdInit:
   331                           
   332                           ; 1 bytes @ 0x3
   333     0073                     	ds	1
   334     0074                     ___lwdiv@quotient:
   335     0074                     ___lmul@multiplicand:	
   336                           ; 2 bytes @ 0x4
   337                           
   338     0074                     ??___lwdiv:	
   339                           ; 4 bytes @ 0x4
   340                           
   341                           
   342                           ; 1 bytes @ 0x4
   343     0074                     	ds	2
   344     0076                     ___lwdiv@counter:
   345                           
   346                           ; 1 bytes @ 0x6
   347     0076                     	ds	1
   348     0077                     ?___lwmod:
   349     0077                     ___lwmod@divisor:	
   350                           ; 2 bytes @ 0x7
   351                           
   352                           
   353                           ; 2 bytes @ 0x7
   354     0077                     	ds	1
   355     0078                     ??___lmul:
   356                           
   357                           ; 1 bytes @ 0x8
   358     0078                     	ds	1
   359     0079                     ___lwmod@dividend:
   360     0079                     ___lmul@product:	
   361                           ; 2 bytes @ 0x9
   362                           
   363                           
   364                           ; 4 bytes @ 0x9
   365     0079                     	ds	2
   366     007B                     ___lwmod@counter:
   367     007B                     ??___lwmod:	
   368                           ; 1 bytes @ 0xB
   369                           
   370                           
   371                           ; 1 bytes @ 0xB
   372     007B                     	ds	1
   373     007C                     ?_LcdOutput:
   374     007C                     LcdOutput@i:	
   375                           ; 1 bytes @ 0xC
   376                           
   377                           
   378                           ; 2 bytes @ 0xC
   379     007C                     	ds	1
   380     007D                     ??___aldiv:
   381                           
   382                           ; 1 bytes @ 0xD
   383     007D                     	ds	1
   384     007E                     ??_LcdOutput:
   385                           
   386                           	psect	cstackBANK0
   387     0020                     __pcstackBANK0:	
   388                           ; 1 bytes @ 0xE
   389                           
   390     0020                     ?___aldiv:
   391     0020                     LcdOutput@d_1:	
   392                           ; 4 bytes @ 0x0
   393                           
   394     0020                     ___aldiv@divisor:	
   395                           ; 1 bytes @ 0x0
   396                           
   397                           
   398                           ; 4 bytes @ 0x0
   399     0020                     	ds	1
   400     0021                     LcdOutput@d_0:
   401                           
   402                           ; 1 bytes @ 0x1
   403     0021                     	ds	3
   404     0024                     ___aldiv@dividend:
   405                           
   406                           ; 4 bytes @ 0x4
   407     0024                     	ds	4
   408     0028                     ___aldiv@counter:
   409                           
   410                           ; 1 bytes @ 0x8
   411     0028                     	ds	1
   412     0029                     ___aldiv@sign:
   413                           
   414                           ; 1 bytes @ 0x9
   415     0029                     	ds	1
   416     002A                     ___aldiv@quotient:
   417                           
   418                           ; 4 bytes @ 0xA
   419     002A                     	ds	4
   420     002E                     ?_map:
   421     002E                     map@x:	
   422                           ; 2 bytes @ 0xE
   423                           
   424                           
   425                           ; 4 bytes @ 0xE
   426     002E                     	ds	4
   427     0032                     map@in_min:
   428                           
   429                           ; 4 bytes @ 0x12
   430     0032                     	ds	4
   431     0036                     map@in_max:
   432                           
   433                           ; 4 bytes @ 0x16
   434     0036                     	ds	4
   435     003A                     map@out_min:
   436                           
   437                           ; 4 bytes @ 0x1A
   438     003A                     	ds	4
   439     003E                     map@out_max:
   440                           
   441                           ; 4 bytes @ 0x1E
   442     003E                     	ds	4
   443     0042                     ??_map:
   444                           
   445                           ; 1 bytes @ 0x22
   446     0042                     	ds	12
   447     004E                     ??_main:
   448                           
   449                           ; 1 bytes @ 0x2E
   450     004E                     	ds	2
   451     0050                     main@i:
   452                           
   453                           ; 2 bytes @ 0x30
   454     0050                     	ds	2
   455                           
   456                           	psect	maintext
   457     0741                     __pmaintext:	
   458 ;;
   459 ;;Main: autosize = 0, tempsize = 2, incstack = 0, save=0
   460 ;;
   461 ;; *************** function _main *****************
   462 ;; Defined at:
   463 ;;		line 25 in file "main.c"
   464 ;; Parameters:    Size  Location     Type
   465 ;;		None
   466 ;; Auto vars:     Size  Location     Type
   467 ;;  i               2   48[BANK0 ] int 
   468 ;; Return value:  Size  Location     Type
   469 ;;                  1    wreg      void 
   470 ;; Registers used:
   471 ;;		wreg, fsr0l, fsr0h, status,2, status,0, btemp+1, pclath, cstack
   472 ;; Tracked objects:
   473 ;;		On entry : B00/0
   474 ;;		On exit  : 0/0
   475 ;;		Unchanged: 0/0
   476 ;; Data sizes:     COMMON   BANK0   BANK1   BANK3   BANK2
   477 ;;      Params:         0       0       0       0       0
   478 ;;      Locals:         0       2       0       0       0
   479 ;;      Temps:          0       2       0       0       0
   480 ;;      Totals:         0       4       0       0       0
   481 ;;Total ram usage:        4 bytes
   482 ;; Hardware stack levels required when called: 2
   483 ;; This function calls:
   484 ;;		_LcdCommand
   485 ;;		_LcdData
   486 ;;		_LcdOutput
   487 ;;		_adcLcdInit
   488 ;;		_map
   489 ;; This function is called by:
   490 ;;		Startup code after reset
   491 ;; This function uses a non-reentrant model
   492 ;;
   493                           
   494     0741                     _main:	
   495                           ;psect for function _main
   496                           
   497     0741                     l961:	
   498                           ;incstack = 0
   499                           ; Regs used in _main: [wreg-fsr0h+status,2+status,0+btemp+1+pclath+cstack]
   500                           
   501                           
   502                           ;main.c: 27:     adcLcdInit();
   503     0741  120A  118A  25A8  120A  118A  	fcall	_adcLcdInit
   504                           
   505                           ;main.c: 28:     LcdCommand(0x80);
   506     0746  3080               	movlw	128
   507     0747  120A  118A  2479  120A  118A  	fcall	_LcdCommand
   508     074C                     l963:
   509                           
   510                           ;main.c: 29:     for(int i = 0; i < 10; i++)
   511     074C  1283               	bcf	3,5	;RP0=0, select bank0
   512     074D  1303               	bcf	3,6	;RP1=0, select bank0
   513     074E  01D0               	clrf	main@i
   514     074F  01D1               	clrf	main@i+1
   515     0750                     l969:
   516                           
   517                           ;main.c: 30:     {;main.c: 31:         LcdData(calibratedVolt[i]);
   518     0750  1283               	bcf	3,5	;RP0=0, select bank0
   519     0751  1303               	bcf	3,6	;RP1=0, select bank0
   520     0752  0850               	movf	main@i,w
   521     0753  3E52               	addlw	(low (_calibratedVolt| 0))& (0+255)
   522     0754  0084               	movwf	4
   523     0755  1383               	bcf	3,7	;select IRP bank0
   524     0756  0800               	movf	0,w
   525     0757  120A  118A  2464  120A  118A  	fcall	_LcdData
   526     075C                     l971:
   527                           
   528                           ;main.c: 32:     }
   529     075C  3001               	movlw	1
   530     075D  1283               	bcf	3,5	;RP0=0, select bank0
   531     075E  1303               	bcf	3,6	;RP1=0, select bank0
   532     075F  07D0               	addwf	main@i,f
   533     0760  1803               	skipnc
   534     0761  0AD1               	incf	main@i+1,f
   535     0762  3000               	movlw	0
   536     0763  07D1               	addwf	main@i+1,f
   537     0764                     l973:
   538     0764  0851               	movf	main@i+1,w
   539     0765  3A80               	xorlw	128
   540     0766  00FF               	movwf	btemp+1
   541     0767  3080               	movlw	128
   542     0768  027F               	subwf	btemp+1,w
   543     0769  1D03               	skipz
   544     076A  2F6D               	goto	u685
   545     076B  300A               	movlw	10
   546     076C  0250               	subwf	main@i,w
   547     076D                     u685:
   548     076D  1C03               	skipc
   549     076E  2F70               	goto	u681
   550     076F  2F71               	goto	u680
   551     0770                     u681:
   552     0770  2F50               	goto	l969
   553     0771                     u680:
   554     0771                     l45:	
   555                           ;main.c: 34:     while(1)
   556                           
   557                           
   558                           ;main.c: 35:     {;main.c: 36:         ADCON0 |= 0x04;
   559     0771  1283               	bcf	3,5	;RP0=0, select bank0
   560     0772  1303               	bcf	3,6	;RP1=0, select bank0
   561     0773  151F               	bsf	31,2	;volatile
   562     0774                     l46:	
   563                           ;main.c: 37:         while(ADCON0 & 0x04){}
   564                           
   565     0774  191F               	btfsc	31,2	;volatile
   566     0775  2F77               	goto	u691
   567     0776  2F78               	goto	u690
   568     0777                     u691:
   569     0777  2F74               	goto	l46
   570     0778                     u690:
   571     0778                     l975:
   572                           
   573                           ;main.c: 38:         adcHigh = ADRESH;
   574     0778  081E               	movf	30,w	;volatile
   575     0779  00CE               	movwf	??_main
   576     077A  01CF               	clrf	??_main+1
   577     077B  084E               	movf	??_main,w
   578     077C  00E3               	movwf	_adcHigh
   579     077D  084F               	movf	??_main+1,w
   580     077E  00E4               	movwf	_adcHigh+1
   581                           
   582                           ;main.c: 39:         adcLow = ADRESL;
   583     077F  1683               	bsf	3,5	;RP0=1, select bank1
   584     0780  1303               	bcf	3,6	;RP1=0, select bank1
   585     0781  081E               	movf	30,w	;volatile
   586     0782  1283               	bcf	3,5	;RP0=0, select bank0
   587     0783  1303               	bcf	3,6	;RP1=0, select bank0
   588     0784  00CE               	movwf	??_main
   589     0785  01CF               	clrf	??_main+1
   590     0786  084E               	movf	??_main,w
   591     0787  00E1               	movwf	_adcLow
   592     0788  084F               	movf	??_main+1,w
   593     0789  00E2               	movwf	_adcLow+1
   594                           
   595                           ;main.c: 40:         adcVolt = ((adcHigh << 8) | (adcLow));
   596     078A  0863               	movf	_adcHigh,w
   597     078B  00CF               	movwf	??_main+1
   598     078C  01CE               	clrf	??_main
   599     078D  0861               	movf	_adcLow,w
   600     078E  044E               	iorwf	??_main,w
   601     078F  00DD               	movwf	_adcVolt
   602     0790  0862               	movf	_adcLow+1,w
   603     0791  044F               	iorwf	??_main+1,w
   604     0792  00DE               	movwf	_adcVolt+1
   605     0793                     l977:
   606                           
   607                           ;main.c: 42:         calibratedValue = map(adcVolt, 0, 1023, 0, 48);
   608     0793  085D               	movf	_adcVolt,w
   609     0794  00AE               	movwf	map@x
   610     0795  085E               	movf	_adcVolt+1,w
   611     0796  00AF               	movwf	map@x+1
   612     0797  01B0               	clrf	map@x+2
   613     0798  01B1               	clrf	map@x+3
   614     0799  3000               	movlw	0
   615     079A  00B5               	movwf	map@in_min+3
   616     079B  3000               	movlw	0
   617     079C  00B4               	movwf	map@in_min+2
   618     079D  3000               	movlw	0
   619     079E  00B3               	movwf	map@in_min+1
   620     079F  3000               	movlw	0
   621     07A0  00B2               	movwf	map@in_min
   622     07A1  3000               	movlw	0
   623     07A2  00B9               	movwf	map@in_max+3
   624     07A3  3000               	movlw	0
   625     07A4  00B8               	movwf	map@in_max+2
   626     07A5  3003               	movlw	3
   627     07A6  00B7               	movwf	map@in_max+1
   628     07A7  30FF               	movlw	255
   629     07A8  00B6               	movwf	map@in_max
   630     07A9  3000               	movlw	0
   631     07AA  00BD               	movwf	map@out_min+3
   632     07AB  3000               	movlw	0
   633     07AC  00BC               	movwf	map@out_min+2
   634     07AD  3000               	movlw	0
   635     07AE  00BB               	movwf	map@out_min+1
   636     07AF  3000               	movlw	0
   637     07B0  00BA               	movwf	map@out_min
   638     07B1  3000               	movlw	0
   639     07B2  00C1               	movwf	map@out_max+3
   640     07B3  3000               	movlw	0
   641     07B4  00C0               	movwf	map@out_max+2
   642     07B5  3000               	movlw	0
   643     07B6  00BF               	movwf	map@out_max+1
   644     07B7  3030               	movlw	48
   645     07B8  00BE               	movwf	map@out_max
   646     07B9  120A  118A  261B  120A  118A  	fcall	_map
   647     07BE  1283               	bcf	3,5	;RP0=0, select bank0
   648     07BF  1303               	bcf	3,6	;RP1=0, select bank0
   649     07C0  082F               	movf	?_map+1,w
   650     07C1  00E0               	movwf	_calibratedValue+1
   651     07C2  082E               	movf	?_map,w
   652     07C3  00DF               	movwf	_calibratedValue
   653     07C4                     l979:
   654                           
   655                           ;main.c: 43:         LcdCommand(0x8A);
   656     07C4  308A               	movlw	138
   657     07C5  120A  118A  2479  120A  118A  	fcall	_LcdCommand
   658                           
   659                           ;main.c: 44:         if(calibratedValue >= 47) calibratedValue = 48;
   660     07CA  3000               	movlw	0
   661     07CB  1283               	bcf	3,5	;RP0=0, select bank0
   662     07CC  1303               	bcf	3,6	;RP1=0, select bank0
   663     07CD  0260               	subwf	_calibratedValue+1,w
   664     07CE  302F               	movlw	47
   665     07CF  1903               	skipnz
   666     07D0  025F               	subwf	_calibratedValue,w
   667     07D1  1C03               	skipc
   668     07D2  2FD4               	goto	u701
   669     07D3  2FD5               	goto	u700
   670     07D4                     u701:
   671     07D4  2FD9               	goto	l983
   672     07D5                     u700:
   673     07D5                     l981:
   674     07D5  3030               	movlw	48
   675     07D6  00DF               	movwf	_calibratedValue
   676     07D7  3000               	movlw	0
   677     07D8  00E0               	movwf	_calibratedValue+1
   678     07D9                     l983:
   679                           
   680                           ;main.c: 45:         LcdOutput(calibratedValue);
   681     07D9  0860               	movf	_calibratedValue+1,w
   682     07DA  00FD               	movwf	LcdOutput@i+1
   683     07DB  085F               	movf	_calibratedValue,w
   684     07DC  00FC               	movwf	LcdOutput@i
   685     07DD  120A  118A  254F  120A  118A  	fcall	_LcdOutput
   686     07E2  2F71               	goto	l45
   687     07E3  120A  118A  2800   	ljmp	start
   688     07E6                     __end_of_main:
   689                           
   690                           	psect	text1
   691     061B                     __ptext1:	
   692 ;; *************** function _map *****************
   693 ;; Defined at:
   694 ;;		line 79 in file "main.c"
   695 ;; Parameters:    Size  Location     Type
   696 ;;  x               4   14[BANK0 ] long 
   697 ;;  in_min          4   18[BANK0 ] long 
   698 ;;  in_max          4   22[BANK0 ] long 
   699 ;;  out_min         4   26[BANK0 ] long 
   700 ;;  out_max         4   30[BANK0 ] long 
   701 ;; Auto vars:     Size  Location     Type
   702 ;;		None
   703 ;; Return value:  Size  Location     Type
   704 ;;                  2   14[BANK0 ] unsigned short 
   705 ;; Registers used:
   706 ;;		wreg, status,2, status,0, pclath, cstack
   707 ;; Tracked objects:
   708 ;;		On entry : 0/0
   709 ;;		On exit  : 0/0
   710 ;;		Unchanged: 0/0
   711 ;; Data sizes:     COMMON   BANK0   BANK1   BANK3   BANK2
   712 ;;      Params:         0      20       0       0       0
   713 ;;      Locals:         0       0       0       0       0
   714 ;;      Temps:          0      12       0       0       0
   715 ;;      Totals:         0      32       0       0       0
   716 ;;Total ram usage:       32 bytes
   717 ;; Hardware stack levels used: 1
   718 ;; Hardware stack levels required when called: 1
   719 ;; This function calls:
   720 ;;		___aldiv
   721 ;;		___lmul
   722 ;; This function is called by:
   723 ;;		_main
   724 ;; This function uses a non-reentrant model
   725 ;;
   726                           
   727     061B                     _map:	
   728                           ;psect for function _map
   729                           
   730     061B                     l949:	
   731                           ;incstack = 0
   732                           ; Regs used in _map: [wreg+status,2+status,0+pclath+cstack]
   733                           
   734                           
   735                           ;main.c: 80:   return (x - in_min) * (out_max - out_min) / (in_max - in_min) + out_min;
   736     061B  1283               	bcf	3,5	;RP0=0, select bank0
   737     061C  1303               	bcf	3,6	;RP1=0, select bank0
   738     061D  0836               	movf	map@in_max,w
   739     061E  00C2               	movwf	??_map
   740     061F  0837               	movf	map@in_max+1,w
   741     0620  00C3               	movwf	??_map+1
   742     0621  0838               	movf	map@in_max+2,w
   743     0622  00C4               	movwf	??_map+2
   744     0623  0839               	movf	map@in_max+3,w
   745     0624  00C5               	movwf	??_map+3
   746     0625  0832               	movf	map@in_min,w
   747     0626  02C2               	subwf	??_map,f
   748     0627  0833               	movf	map@in_min+1,w
   749     0628  1C03               	skipc
   750     0629  0F33               	incfsz	map@in_min+1,w
   751     062A  2E2C               	goto	u641
   752     062B  2E2D               	goto	u642
   753     062C                     u641:
   754     062C  02C3               	subwf	??_map+1,f
   755     062D                     u642:
   756     062D  0834               	movf	map@in_min+2,w
   757     062E  1C03               	skipc
   758     062F  0F34               	incfsz	map@in_min+2,w
   759     0630  2E32               	goto	u643
   760     0631  2E33               	goto	u644
   761     0632                     u643:
   762     0632  02C4               	subwf	??_map+2,f
   763     0633                     u644:
   764     0633  0835               	movf	map@in_min+3,w
   765     0634  1C03               	skipc
   766     0635  0F35               	incfsz	map@in_min+3,w
   767     0636  2E38               	goto	u645
   768     0637  2E39               	goto	u646
   769     0638                     u645:
   770     0638  02C5               	subwf	??_map+3,f
   771     0639                     u646:
   772     0639  0845               	movf	??_map+3,w
   773     063A  00A3               	movwf	___aldiv@divisor+3
   774     063B  0844               	movf	??_map+2,w
   775     063C  00A2               	movwf	___aldiv@divisor+2
   776     063D  0843               	movf	??_map+1,w
   777     063E  00A1               	movwf	___aldiv@divisor+1
   778     063F  0842               	movf	??_map,w
   779     0640  00A0               	movwf	___aldiv@divisor
   780     0641  082E               	movf	map@x,w
   781     0642  00C6               	movwf	??_map+4
   782     0643  082F               	movf	map@x+1,w
   783     0644  00C7               	movwf	??_map+5
   784     0645  0830               	movf	map@x+2,w
   785     0646  00C8               	movwf	??_map+6
   786     0647  0831               	movf	map@x+3,w
   787     0648  00C9               	movwf	??_map+7
   788     0649  0832               	movf	map@in_min,w
   789     064A  02C6               	subwf	??_map+4,f
   790     064B  0833               	movf	map@in_min+1,w
   791     064C  1C03               	skipc
   792     064D  0F33               	incfsz	map@in_min+1,w
   793     064E  2E50               	goto	u651
   794     064F  2E51               	goto	u652
   795     0650                     u651:
   796     0650  02C7               	subwf	??_map+5,f
   797     0651                     u652:
   798     0651  0834               	movf	map@in_min+2,w
   799     0652  1C03               	skipc
   800     0653  0F34               	incfsz	map@in_min+2,w
   801     0654  2E56               	goto	u653
   802     0655  2E57               	goto	u654
   803     0656                     u653:
   804     0656  02C8               	subwf	??_map+6,f
   805     0657                     u654:
   806     0657  0835               	movf	map@in_min+3,w
   807     0658  1C03               	skipc
   808     0659  0F35               	incfsz	map@in_min+3,w
   809     065A  2E5C               	goto	u655
   810     065B  2E5D               	goto	u656
   811     065C                     u655:
   812     065C  02C9               	subwf	??_map+7,f
   813     065D                     u656:
   814     065D  0849               	movf	??_map+7,w
   815     065E  00F3               	movwf	___lmul@multiplier+3
   816     065F  0848               	movf	??_map+6,w
   817     0660  00F2               	movwf	___lmul@multiplier+2
   818     0661  0847               	movf	??_map+5,w
   819     0662  00F1               	movwf	___lmul@multiplier+1
   820     0663  0846               	movf	??_map+4,w
   821     0664  00F0               	movwf	___lmul@multiplier
   822     0665  083E               	movf	map@out_max,w
   823     0666  00CA               	movwf	??_map+8
   824     0667  083F               	movf	map@out_max+1,w
   825     0668  00CB               	movwf	??_map+9
   826     0669  0840               	movf	map@out_max+2,w
   827     066A  00CC               	movwf	??_map+10
   828     066B  0841               	movf	map@out_max+3,w
   829     066C  00CD               	movwf	??_map+11
   830     066D  083A               	movf	map@out_min,w
   831     066E  02CA               	subwf	??_map+8,f
   832     066F  083B               	movf	map@out_min+1,w
   833     0670  1C03               	skipc
   834     0671  0F3B               	incfsz	map@out_min+1,w
   835     0672  2E74               	goto	u661
   836     0673  2E75               	goto	u662
   837     0674                     u661:
   838     0674  02CB               	subwf	??_map+9,f
   839     0675                     u662:
   840     0675  083C               	movf	map@out_min+2,w
   841     0676  1C03               	skipc
   842     0677  0F3C               	incfsz	map@out_min+2,w
   843     0678  2E7A               	goto	u663
   844     0679  2E7B               	goto	u664
   845     067A                     u663:
   846     067A  02CC               	subwf	??_map+10,f
   847     067B                     u664:
   848     067B  083D               	movf	map@out_min+3,w
   849     067C  1C03               	skipc
   850     067D  0F3D               	incfsz	map@out_min+3,w
   851     067E  2E80               	goto	u665
   852     067F  2E81               	goto	u666
   853     0680                     u665:
   854     0680  02CD               	subwf	??_map+11,f
   855     0681                     u666:
   856     0681  084D               	movf	??_map+11,w
   857     0682  00F7               	movwf	___lmul@multiplicand+3
   858     0683  084C               	movf	??_map+10,w
   859     0684  00F6               	movwf	___lmul@multiplicand+2
   860     0685  084B               	movf	??_map+9,w
   861     0686  00F5               	movwf	___lmul@multiplicand+1
   862     0687  084A               	movf	??_map+8,w
   863     0688  00F4               	movwf	___lmul@multiplicand
   864     0689  120A  118A  2509  120A  118A  	fcall	___lmul
   865     068E  0873               	movf	?___lmul+3,w
   866     068F  1283               	bcf	3,5	;RP0=0, select bank0
   867     0690  1303               	bcf	3,6	;RP1=0, select bank0
   868     0691  00A7               	movwf	___aldiv@dividend+3
   869     0692  0872               	movf	?___lmul+2,w
   870     0693  00A6               	movwf	___aldiv@dividend+2
   871     0694  0871               	movf	?___lmul+1,w
   872     0695  00A5               	movwf	___aldiv@dividend+1
   873     0696  0870               	movf	?___lmul,w
   874     0697  00A4               	movwf	___aldiv@dividend
   875     0698  120A  118A  26A8  120A  118A  	fcall	___aldiv
   876     069D  1283               	bcf	3,5	;RP0=0, select bank0
   877     069E  1303               	bcf	3,6	;RP1=0, select bank0
   878     069F  083A               	movf	map@out_min,w
   879     06A0  0720               	addwf	?___aldiv,w
   880     06A1  00AE               	movwf	?_map
   881     06A2  083B               	movf	map@out_min+1,w
   882     06A3  1803               	skipnc
   883     06A4  0A3B               	incf	map@out_min+1,w
   884     06A5  0721               	addwf	?___aldiv+1,w
   885     06A6  00AF               	movwf	?_map+1
   886     06A7                     l58:
   887     06A7  0008               	return
   888     06A8                     __end_of_map:
   889                           
   890                           	psect	text2
   891     0509                     __ptext2:	
   892 ;; *************** function ___lmul *****************
   893 ;; Defined at:
   894 ;;		line 15 in file "D:\Program Files\Microchip\xc8\v3.00\pic\sources\c99\common\Umul32.c"
   895 ;; Parameters:    Size  Location     Type
   896 ;;  multiplier      4    0[COMMON] unsigned long 
   897 ;;  multiplicand    4    4[COMMON] unsigned long 
   898 ;; Auto vars:     Size  Location     Type
   899 ;;  product         4    9[COMMON] unsigned long 
   900 ;; Return value:  Size  Location     Type
   901 ;;                  4    0[COMMON] unsigned long 
   902 ;; Registers used:
   903 ;;		wreg, status,2, status,0
   904 ;; Tracked objects:
   905 ;;		On entry : 0/0
   906 ;;		On exit  : 0/0
   907 ;;		Unchanged: 0/0
   908 ;; Data sizes:     COMMON   BANK0   BANK1   BANK3   BANK2
   909 ;;      Params:         8       0       0       0       0
   910 ;;      Locals:         4       0       0       0       0
   911 ;;      Temps:          1       0       0       0       0
   912 ;;      Totals:        13       0       0       0       0
   913 ;;Total ram usage:       13 bytes
   914 ;; Hardware stack levels used: 1
   915 ;; This function calls:
   916 ;;		Nothing
   917 ;; This function is called by:
   918 ;;		_map
   919 ;; This function uses a non-reentrant model
   920 ;;
   921                           
   922     0509                     ___lmul:	
   923                           ;psect for function ___lmul
   924                           
   925     0509                     l815:	
   926                           ;incstack = 0
   927                           ; Regs used in ___lmul: [wreg+status,2+status,0]
   928                           
   929     0509  3000               	movlw	0
   930     050A  00FC               	movwf	___lmul@product+3
   931     050B  3000               	movlw	0
   932     050C  00FB               	movwf	___lmul@product+2
   933     050D  3000               	movlw	0
   934     050E  00FA               	movwf	___lmul@product+1
   935     050F  3000               	movlw	0
   936     0510  00F9               	movwf	___lmul@product
   937     0511                     l817:
   938     0511  1C70               	btfss	___lmul@multiplier,0
   939     0512  2D14               	goto	u361
   940     0513  2D15               	goto	u360
   941     0514                     u361:
   942     0514  2D2C               	goto	l821
   943     0515                     u360:
   944     0515                     l819:
   945     0515  0874               	movf	___lmul@multiplicand,w
   946     0516  07F9               	addwf	___lmul@product,f
   947     0517  0875               	movf	___lmul@multiplicand+1,w
   948     0518  1103               	clrz
   949     0519  1803               	skipnc
   950     051A  3E01               	addlw	1
   951     051B  1903               	skipnz
   952     051C  2D1E               	goto	u371
   953     051D  07FA               	addwf	___lmul@product+1,f
   954     051E                     u371:
   955     051E  0876               	movf	___lmul@multiplicand+2,w
   956     051F  1103               	clrz
   957     0520  1803               	skipnc
   958     0521  3E01               	addlw	1
   959     0522  1903               	skipnz
   960     0523  2D25               	goto	u372
   961     0524  07FB               	addwf	___lmul@product+2,f
   962     0525                     u372:
   963     0525  0877               	movf	___lmul@multiplicand+3,w
   964     0526  1103               	clrz
   965     0527  1803               	skipnc
   966     0528  3E01               	addlw	1
   967     0529  1903               	skipnz
   968     052A  2D2C               	goto	u373
   969     052B  07FC               	addwf	___lmul@product+3,f
   970     052C                     u373:
   971     052C                     l821:
   972     052C  3001               	movlw	1
   973     052D  00F8               	movwf	??___lmul
   974     052E                     u385:
   975     052E  1003               	clrc
   976     052F  0DF4               	rlf	___lmul@multiplicand,f
   977     0530  0DF5               	rlf	___lmul@multiplicand+1,f
   978     0531  0DF6               	rlf	___lmul@multiplicand+2,f
   979     0532  0DF7               	rlf	___lmul@multiplicand+3,f
   980     0533  0BF8               	decfsz	??___lmul,f
   981     0534  2D2E               	goto	u385
   982     0535                     l823:
   983     0535  3001               	movlw	1
   984     0536                     u395:
   985     0536  1003               	clrc
   986     0537  0CF3               	rrf	___lmul@multiplier+3,f
   987     0538  0CF2               	rrf	___lmul@multiplier+2,f
   988     0539  0CF1               	rrf	___lmul@multiplier+1,f
   989     053A  0CF0               	rrf	___lmul@multiplier,f
   990     053B  3EFF               	addlw	-1
   991     053C  1D03               	skipz
   992     053D  2D36               	goto	u395
   993     053E  0873               	movf	___lmul@multiplier+3,w
   994     053F  0472               	iorwf	___lmul@multiplier+2,w
   995     0540  0471               	iorwf	___lmul@multiplier+1,w
   996     0541  0470               	iorwf	___lmul@multiplier,w
   997     0542  1D03               	skipz
   998     0543  2D45               	goto	u401
   999     0544  2D46               	goto	u400
  1000     0545                     u401:
  1001     0545  2D11               	goto	l817
  1002     0546                     u400:
  1003     0546                     l825:
  1004     0546  087C               	movf	___lmul@product+3,w
  1005     0547  00F3               	movwf	?___lmul+3
  1006     0548  087B               	movf	___lmul@product+2,w
  1007     0549  00F2               	movwf	?___lmul+2
  1008     054A  087A               	movf	___lmul@product+1,w
  1009     054B  00F1               	movwf	?___lmul+1
  1010     054C  0879               	movf	___lmul@product,w
  1011     054D  00F0               	movwf	?___lmul
  1012     054E                     l169:
  1013     054E  0008               	return
  1014     054F                     __end_of___lmul:
  1015                           
  1016                           	psect	text3
  1017     06A8                     __ptext3:	
  1018 ;; *************** function ___aldiv *****************
  1019 ;; Defined at:
  1020 ;;		line 5 in file "D:\Program Files\Microchip\xc8\v3.00\pic\sources\c99\common\aldiv.c"
  1021 ;; Parameters:    Size  Location     Type
  1022 ;;  divisor         4    0[BANK0 ] long 
  1023 ;;  dividend        4    4[BANK0 ] long 
  1024 ;; Auto vars:     Size  Location     Type
  1025 ;;  quotient        4   10[BANK0 ] long 
  1026 ;;  sign            1    9[BANK0 ] unsigned char 
  1027 ;;  counter         1    8[BANK0 ] unsigned char 
  1028 ;; Return value:  Size  Location     Type
  1029 ;;                  4    0[BANK0 ] long 
  1030 ;; Registers used:
  1031 ;;		wreg, status,2, status,0
  1032 ;; Tracked objects:
  1033 ;;		On entry : 0/0
  1034 ;;		On exit  : 0/0
  1035 ;;		Unchanged: 0/0
  1036 ;; Data sizes:     COMMON   BANK0   BANK1   BANK3   BANK2
  1037 ;;      Params:         0       8       0       0       0
  1038 ;;      Locals:         0       6       0       0       0
  1039 ;;      Temps:          1       0       0       0       0
  1040 ;;      Totals:         1      14       0       0       0
  1041 ;;Total ram usage:       15 bytes
  1042 ;; Hardware stack levels used: 1
  1043 ;; This function calls:
  1044 ;;		Nothing
  1045 ;; This function is called by:
  1046 ;;		_map
  1047 ;; This function uses a non-reentrant model
  1048 ;;
  1049                           
  1050     06A8                     ___aldiv:	
  1051                           ;psect for function ___aldiv
  1052                           
  1053     06A8                     l829:	
  1054                           ;incstack = 0
  1055                           ; Regs used in ___aldiv: [wreg+status,2+status,0]
  1056                           
  1057     06A8  1283               	bcf	3,5	;RP0=0, select bank0
  1058     06A9  1303               	bcf	3,6	;RP1=0, select bank0
  1059     06AA  01A9               	clrf	___aldiv@sign
  1060     06AB                     l831:
  1061     06AB  1FA3               	btfss	___aldiv@divisor+3,7
  1062     06AC  2EAE               	goto	u411
  1063     06AD  2EAF               	goto	u410
  1064     06AE                     u411:
  1065     06AE  2EBC               	goto	l220
  1066     06AF                     u410:
  1067     06AF                     l833:
  1068     06AF  09A0               	comf	___aldiv@divisor,f
  1069     06B0  09A1               	comf	___aldiv@divisor+1,f
  1070     06B1  09A2               	comf	___aldiv@divisor+2,f
  1071     06B2  09A3               	comf	___aldiv@divisor+3,f
  1072     06B3  0AA0               	incf	___aldiv@divisor,f
  1073     06B4  1903               	skipnz
  1074     06B5  0AA1               	incf	___aldiv@divisor+1,f
  1075     06B6  1903               	skipnz
  1076     06B7  0AA2               	incf	___aldiv@divisor+2,f
  1077     06B8  1903               	skipnz
  1078     06B9  0AA3               	incf	___aldiv@divisor+3,f
  1079     06BA  3001               	movlw	1
  1080     06BB  00A9               	movwf	___aldiv@sign
  1081     06BC                     l220:
  1082     06BC  1FA7               	btfss	___aldiv@dividend+3,7
  1083     06BD  2EBF               	goto	u421
  1084     06BE  2EC0               	goto	u420
  1085     06BF                     u421:
  1086     06BF  2ECD               	goto	l839
  1087     06C0                     u420:
  1088     06C0                     l835:
  1089     06C0  09A4               	comf	___aldiv@dividend,f
  1090     06C1  09A5               	comf	___aldiv@dividend+1,f
  1091     06C2  09A6               	comf	___aldiv@dividend+2,f
  1092     06C3  09A7               	comf	___aldiv@dividend+3,f
  1093     06C4  0AA4               	incf	___aldiv@dividend,f
  1094     06C5  1903               	skipnz
  1095     06C6  0AA5               	incf	___aldiv@dividend+1,f
  1096     06C7  1903               	skipnz
  1097     06C8  0AA6               	incf	___aldiv@dividend+2,f
  1098     06C9  1903               	skipnz
  1099     06CA  0AA7               	incf	___aldiv@dividend+3,f
  1100     06CB                     l837:
  1101     06CB  3001               	movlw	1
  1102     06CC  06A9               	xorwf	___aldiv@sign,f
  1103     06CD                     l839:
  1104     06CD  3000               	movlw	0
  1105     06CE  00AD               	movwf	___aldiv@quotient+3
  1106     06CF  3000               	movlw	0
  1107     06D0  00AC               	movwf	___aldiv@quotient+2
  1108     06D1  3000               	movlw	0
  1109     06D2  00AB               	movwf	___aldiv@quotient+1
  1110     06D3  3000               	movlw	0
  1111     06D4  00AA               	movwf	___aldiv@quotient
  1112     06D5                     l841:
  1113     06D5  0823               	movf	___aldiv@divisor+3,w
  1114     06D6  0422               	iorwf	___aldiv@divisor+2,w
  1115     06D7  0421               	iorwf	___aldiv@divisor+1,w
  1116     06D8  0420               	iorwf	___aldiv@divisor,w
  1117     06D9  1903               	skipnz
  1118     06DA  2EDC               	goto	u431
  1119     06DB  2EDD               	goto	u430
  1120     06DC                     u431:
  1121     06DC  2F28               	goto	l861
  1122     06DD                     u430:
  1123     06DD                     l843:
  1124     06DD  3001               	movlw	1
  1125     06DE  00A8               	movwf	___aldiv@counter
  1126     06DF  2EEB               	goto	l847
  1127     06E0                     l845:
  1128     06E0  3001               	movlw	1
  1129     06E1  00FD               	movwf	??___aldiv
  1130     06E2                     u445:
  1131     06E2  1003               	clrc
  1132     06E3  0DA0               	rlf	___aldiv@divisor,f
  1133     06E4  0DA1               	rlf	___aldiv@divisor+1,f
  1134     06E5  0DA2               	rlf	___aldiv@divisor+2,f
  1135     06E6  0DA3               	rlf	___aldiv@divisor+3,f
  1136     06E7  0BFD               	decfsz	??___aldiv,f
  1137     06E8  2EE2               	goto	u445
  1138     06E9  3001               	movlw	1
  1139     06EA  07A8               	addwf	___aldiv@counter,f
  1140     06EB                     l847:
  1141     06EB  1FA3               	btfss	___aldiv@divisor+3,7
  1142     06EC  2EEE               	goto	u451
  1143     06ED  2EEF               	goto	u450
  1144     06EE                     u451:
  1145     06EE  2EE0               	goto	l845
  1146     06EF                     u450:
  1147     06EF                     l849:
  1148     06EF  3001               	movlw	1
  1149     06F0  00FD               	movwf	??___aldiv
  1150     06F1                     u465:
  1151     06F1  1003               	clrc
  1152     06F2  0DAA               	rlf	___aldiv@quotient,f
  1153     06F3  0DAB               	rlf	___aldiv@quotient+1,f
  1154     06F4  0DAC               	rlf	___aldiv@quotient+2,f
  1155     06F5  0DAD               	rlf	___aldiv@quotient+3,f
  1156     06F6  0BFD               	decfsz	??___aldiv,f
  1157     06F7  2EF1               	goto	u465
  1158     06F8                     l851:
  1159     06F8  0823               	movf	___aldiv@divisor+3,w
  1160     06F9  0227               	subwf	___aldiv@dividend+3,w
  1161     06FA  1D03               	skipz
  1162     06FB  2F06               	goto	u475
  1163     06FC  0822               	movf	___aldiv@divisor+2,w
  1164     06FD  0226               	subwf	___aldiv@dividend+2,w
  1165     06FE  1D03               	skipz
  1166     06FF  2F06               	goto	u475
  1167     0700  0821               	movf	___aldiv@divisor+1,w
  1168     0701  0225               	subwf	___aldiv@dividend+1,w
  1169     0702  1D03               	skipz
  1170     0703  2F06               	goto	u475
  1171     0704  0820               	movf	___aldiv@divisor,w
  1172     0705  0224               	subwf	___aldiv@dividend,w
  1173     0706                     u475:
  1174     0706  1C03               	skipc
  1175     0707  2F09               	goto	u471
  1176     0708  2F0A               	goto	u470
  1177     0709                     u471:
  1178     0709  2F19               	goto	l857
  1179     070A                     u470:
  1180     070A                     l853:
  1181     070A  0820               	movf	___aldiv@divisor,w
  1182     070B  02A4               	subwf	___aldiv@dividend,f
  1183     070C  0821               	movf	___aldiv@divisor+1,w
  1184     070D  1C03               	skipc
  1185     070E  0F21               	incfsz	___aldiv@divisor+1,w
  1186     070F  02A5               	subwf	___aldiv@dividend+1,f
  1187     0710  0822               	movf	___aldiv@divisor+2,w
  1188     0711  1C03               	skipc
  1189     0712  0F22               	incfsz	___aldiv@divisor+2,w
  1190     0713  02A6               	subwf	___aldiv@dividend+2,f
  1191     0714  0823               	movf	___aldiv@divisor+3,w
  1192     0715  1C03               	skipc
  1193     0716  0F23               	incfsz	___aldiv@divisor+3,w
  1194     0717  02A7               	subwf	___aldiv@dividend+3,f
  1195     0718                     l855:
  1196     0718  142A               	bsf	___aldiv@quotient,0
  1197     0719                     l857:
  1198     0719  3001               	movlw	1
  1199     071A                     u485:
  1200     071A  1003               	clrc
  1201     071B  0CA3               	rrf	___aldiv@divisor+3,f
  1202     071C  0CA2               	rrf	___aldiv@divisor+2,f
  1203     071D  0CA1               	rrf	___aldiv@divisor+1,f
  1204     071E  0CA0               	rrf	___aldiv@divisor,f
  1205     071F  3EFF               	addlw	-1
  1206     0720  1D03               	skipz
  1207     0721  2F1A               	goto	u485
  1208     0722                     l859:
  1209     0722  3001               	movlw	1
  1210     0723  02A8               	subwf	___aldiv@counter,f
  1211     0724  1D03               	btfss	3,2
  1212     0725  2F27               	goto	u491
  1213     0726  2F28               	goto	u490
  1214     0727                     u491:
  1215     0727  2EEF               	goto	l849
  1216     0728                     u490:
  1217     0728                     l861:
  1218     0728  0829               	movf	___aldiv@sign,w
  1219     0729  1903               	btfsc	3,2
  1220     072A  2F2C               	goto	u501
  1221     072B  2F2D               	goto	u500
  1222     072C                     u501:
  1223     072C  2F38               	goto	l865
  1224     072D                     u500:
  1225     072D                     l863:
  1226     072D  09AA               	comf	___aldiv@quotient,f
  1227     072E  09AB               	comf	___aldiv@quotient+1,f
  1228     072F  09AC               	comf	___aldiv@quotient+2,f
  1229     0730  09AD               	comf	___aldiv@quotient+3,f
  1230     0731  0AAA               	incf	___aldiv@quotient,f
  1231     0732  1903               	skipnz
  1232     0733  0AAB               	incf	___aldiv@quotient+1,f
  1233     0734  1903               	skipnz
  1234     0735  0AAC               	incf	___aldiv@quotient+2,f
  1235     0736  1903               	skipnz
  1236     0737  0AAD               	incf	___aldiv@quotient+3,f
  1237     0738                     l865:
  1238     0738  082D               	movf	___aldiv@quotient+3,w
  1239     0739  00A3               	movwf	?___aldiv+3
  1240     073A  082C               	movf	___aldiv@quotient+2,w
  1241     073B  00A2               	movwf	?___aldiv+2
  1242     073C  082B               	movf	___aldiv@quotient+1,w
  1243     073D  00A1               	movwf	?___aldiv+1
  1244     073E  082A               	movf	___aldiv@quotient,w
  1245     073F  00A0               	movwf	?___aldiv
  1246     0740                     l230:
  1247     0740  0008               	return
  1248     0741                     __end_of___aldiv:
  1249                           
  1250                           	psect	text4
  1251     05A8                     __ptext4:	
  1252 ;; *************** function _adcLcdInit *****************
  1253 ;; Defined at:
  1254 ;;		line 51 in file "main.c"
  1255 ;; Parameters:    Size  Location     Type
  1256 ;;		None
  1257 ;; Auto vars:     Size  Location     Type
  1258 ;;		None
  1259 ;; Return value:  Size  Location     Type
  1260 ;;                  1    wreg      void 
  1261 ;; Registers used:
  1262 ;;		wreg, status,2, status,0, pclath, cstack
  1263 ;; Tracked objects:
  1264 ;;		On entry : 0/0
  1265 ;;		On exit  : 0/0
  1266 ;;		Unchanged: 0/0
  1267 ;; Data sizes:     COMMON   BANK0   BANK1   BANK3   BANK2
  1268 ;;      Params:         0       0       0       0       0
  1269 ;;      Locals:         0       0       0       0       0
  1270 ;;      Temps:          2       0       0       0       0
  1271 ;;      Totals:         2       0       0       0       0
  1272 ;;Total ram usage:        2 bytes
  1273 ;; Hardware stack levels used: 1
  1274 ;; Hardware stack levels required when called: 1
  1275 ;; This function calls:
  1276 ;;		_LcdCommand
  1277 ;; This function is called by:
  1278 ;;		_main
  1279 ;; This function uses a non-reentrant model
  1280 ;;
  1281                           
  1282     05A8                     _adcLcdInit:	
  1283                           ;psect for function _adcLcdInit
  1284                           
  1285     05A8                     l917:	
  1286                           ;incstack = 0
  1287                           ; Regs used in _adcLcdInit: [wreg+status,2+status,0+pclath+cstack]
  1288                           
  1289                           
  1290                           ;main.c: 53:     TRISC = 0x00;
  1291     05A8  1683               	bsf	3,5	;RP0=1, select bank1
  1292     05A9  1303               	bcf	3,6	;RP1=0, select bank1
  1293     05AA  0187               	clrf	7	;volatile
  1294                           
  1295                           ;main.c: 54:     TRISD = 0x00;
  1296     05AB  0188               	clrf	8	;volatile
  1297                           
  1298                           ;main.c: 55:     PORTC = 0x00;
  1299     05AC  1283               	bcf	3,5	;RP0=0, select bank0
  1300     05AD  1303               	bcf	3,6	;RP1=0, select bank0
  1301     05AE  0187               	clrf	7	;volatile
  1302                           
  1303                           ;main.c: 56:     PORTD = 0x00;
  1304     05AF  0188               	clrf	8	;volatile
  1305     05B0                     l919:
  1306                           
  1307                           ;main.c: 59:     LcdCommand(0x30);
  1308     05B0  3030               	movlw	48
  1309     05B1  120A  118A  2479  120A  118A  	fcall	_LcdCommand
  1310     05B6                     l921:
  1311                           
  1312                           ;main.c: 60:     _delay((unsigned long)((100)*(2000000/4000.0)));
  1313     05B6  3041               	movlw	65
  1314     05B7  00F4               	movwf	??_adcLcdInit+1
  1315     05B8  30EE               	movlw	238
  1316     05B9  00F3               	movwf	??_adcLcdInit
  1317     05BA                     u717:
  1318     05BA  0BF3               	decfsz	??_adcLcdInit,f
  1319     05BB  2DBA               	goto	u717
  1320     05BC  0BF4               	decfsz	??_adcLcdInit+1,f
  1321     05BD  2DBA               	goto	u717
  1322     05BE  0000               	nop
  1323     05BF                     l923:
  1324                           
  1325                           ;main.c: 61:     LcdCommand(0x30);
  1326     05BF  3030               	movlw	48
  1327     05C0  120A  118A  2479  120A  118A  	fcall	_LcdCommand
  1328     05C5                     l925:
  1329                           
  1330                           ;main.c: 62:     _delay((unsigned long)((100)*(2000000/4000.0)));
  1331     05C5  3041               	movlw	65
  1332     05C6  00F4               	movwf	??_adcLcdInit+1
  1333     05C7  30EE               	movlw	238
  1334     05C8  00F3               	movwf	??_adcLcdInit
  1335     05C9                     u727:
  1336     05C9  0BF3               	decfsz	??_adcLcdInit,f
  1337     05CA  2DC9               	goto	u727
  1338     05CB  0BF4               	decfsz	??_adcLcdInit+1,f
  1339     05CC  2DC9               	goto	u727
  1340     05CD  0000               	nop
  1341     05CE                     l927:
  1342                           
  1343                           ;main.c: 63:     LcdCommand(0x30);
  1344     05CE  3030               	movlw	48
  1345     05CF  120A  118A  2479  120A  118A  	fcall	_LcdCommand
  1346     05D4                     l929:
  1347                           
  1348                           ;main.c: 64:     _delay((unsigned long)((100)*(2000000/4000.0)));
  1349     05D4  3041               	movlw	65
  1350     05D5  00F4               	movwf	??_adcLcdInit+1
  1351     05D6  30EE               	movlw	238
  1352     05D7  00F3               	movwf	??_adcLcdInit
  1353     05D8                     u737:
  1354     05D8  0BF3               	decfsz	??_adcLcdInit,f
  1355     05D9  2DD8               	goto	u737
  1356     05DA  0BF4               	decfsz	??_adcLcdInit+1,f
  1357     05DB  2DD8               	goto	u737
  1358     05DC  0000               	nop
  1359     05DD                     l931:
  1360                           
  1361                           ;main.c: 65:     LcdCommand(0x38);
  1362     05DD  3038               	movlw	56
  1363     05DE  120A  118A  2479  120A  118A  	fcall	_LcdCommand
  1364     05E3                     l933:
  1365                           
  1366                           ;main.c: 66:     _delay((unsigned long)((100)*(2000000/4000.0)));
  1367     05E3  3041               	movlw	65
  1368     05E4  00F4               	movwf	??_adcLcdInit+1
  1369     05E5  30EE               	movlw	238
  1370     05E6  00F3               	movwf	??_adcLcdInit
  1371     05E7                     u747:
  1372     05E7  0BF3               	decfsz	??_adcLcdInit,f
  1373     05E8  2DE7               	goto	u747
  1374     05E9  0BF4               	decfsz	??_adcLcdInit+1,f
  1375     05EA  2DE7               	goto	u747
  1376     05EB  0000               	nop
  1377     05EC                     l935:
  1378                           
  1379                           ;main.c: 67:     LcdCommand(0x0C);
  1380     05EC  300C               	movlw	12
  1381     05ED  120A  118A  2479  120A  118A  	fcall	_LcdCommand
  1382     05F2                     l937:
  1383                           
  1384                           ;main.c: 68:     _delay((unsigned long)((100)*(2000000/4000.0)));
  1385     05F2  3041               	movlw	65
  1386     05F3  00F4               	movwf	??_adcLcdInit+1
  1387     05F4  30EE               	movlw	238
  1388     05F5  00F3               	movwf	??_adcLcdInit
  1389     05F6                     u757:
  1390     05F6  0BF3               	decfsz	??_adcLcdInit,f
  1391     05F7  2DF6               	goto	u757
  1392     05F8  0BF4               	decfsz	??_adcLcdInit+1,f
  1393     05F9  2DF6               	goto	u757
  1394     05FA  0000               	nop
  1395     05FB                     l939:
  1396                           
  1397                           ;main.c: 69:     LcdCommand(0x01);
  1398     05FB  3001               	movlw	1
  1399     05FC  120A  118A  2479  120A  118A  	fcall	_LcdCommand
  1400     0601                     l941:
  1401                           
  1402                           ;main.c: 70:     _delay((unsigned long)((100)*(2000000/4000.0)));
  1403     0601  3041               	movlw	65
  1404     0602  00F4               	movwf	??_adcLcdInit+1
  1405     0603  30EE               	movlw	238
  1406     0604  00F3               	movwf	??_adcLcdInit
  1407     0605                     u767:
  1408     0605  0BF3               	decfsz	??_adcLcdInit,f
  1409     0606  2E05               	goto	u767
  1410     0607  0BF4               	decfsz	??_adcLcdInit+1,f
  1411     0608  2E05               	goto	u767
  1412     0609  0000               	nop
  1413     060A                     l943:
  1414                           
  1415                           ;main.c: 73:     ADCON1 = 0x8E;
  1416     060A  308E               	movlw	142
  1417     060B  1683               	bsf	3,5	;RP0=1, select bank1
  1418     060C  1303               	bcf	3,6	;RP1=0, select bank1
  1419     060D  009F               	movwf	31	;volatile
  1420     060E                     l945:
  1421                           
  1422                           ;main.c: 74:     ADCON0 = 0x81;
  1423     060E  3081               	movlw	129
  1424     060F  1283               	bcf	3,5	;RP0=0, select bank0
  1425     0610  1303               	bcf	3,6	;RP1=0, select bank0
  1426     0611  009F               	movwf	31	;volatile
  1427     0612                     l947:
  1428                           
  1429                           ;main.c: 75:     _delay((unsigned long)((10)*(2000000/4000.0)));
  1430     0612  3007               	movlw	7
  1431     0613  00F4               	movwf	??_adcLcdInit+1
  1432     0614  307D               	movlw	125
  1433     0615  00F3               	movwf	??_adcLcdInit
  1434     0616                     u777:
  1435     0616  0BF3               	decfsz	??_adcLcdInit,f
  1436     0617  2E16               	goto	u777
  1437     0618  0BF4               	decfsz	??_adcLcdInit+1,f
  1438     0619  2E16               	goto	u777
  1439     061A                     l55:
  1440     061A  0008               	return
  1441     061B                     __end_of_adcLcdInit:
  1442                           
  1443                           	psect	text5
  1444     0479                     __ptext5:	
  1445 ;; *************** function _LcdCommand *****************
  1446 ;; Defined at:
  1447 ;;		line 109 in file "main.c"
  1448 ;; Parameters:    Size  Location     Type
  1449 ;;  i               1    wreg     unsigned char 
  1450 ;; Auto vars:     Size  Location     Type
  1451 ;;  i               1    2[COMMON] unsigned char 
  1452 ;; Return value:  Size  Location     Type
  1453 ;;                  1    wreg      void 
  1454 ;; Registers used:
  1455 ;;		wreg, status,2, status,0
  1456 ;; Tracked objects:
  1457 ;;		On entry : 0/0
  1458 ;;		On exit  : 0/0
  1459 ;;		Unchanged: 0/0
  1460 ;; Data sizes:     COMMON   BANK0   BANK1   BANK3   BANK2
  1461 ;;      Params:         0       0       0       0       0
  1462 ;;      Locals:         1       0       0       0       0
  1463 ;;      Temps:          2       0       0       0       0
  1464 ;;      Totals:         3       0       0       0       0
  1465 ;;Total ram usage:        3 bytes
  1466 ;; Hardware stack levels used: 1
  1467 ;; This function calls:
  1468 ;;		Nothing
  1469 ;; This function is called by:
  1470 ;;		_main
  1471 ;;		_adcLcdInit
  1472 ;; This function uses a non-reentrant model
  1473 ;;
  1474                           
  1475     0479                     _LcdCommand:	
  1476                           ;psect for function _LcdCommand
  1477                           
  1478                           
  1479                           ;incstack = 0
  1480                           ; Regs used in _LcdCommand: [wreg+status,2+status,0]
  1481                           ;LcdCommand@i stored from wreg
  1482     0479  00F2               	movwf	LcdCommand@i
  1483     047A                     l799:
  1484                           
  1485                           ;main.c: 110:     PORTC &= ~(0x1 << 3);
  1486     047A  30F7               	movlw	247
  1487     047B  1283               	bcf	3,5	;RP0=0, select bank0
  1488     047C  1303               	bcf	3,6	;RP1=0, select bank0
  1489     047D  0587               	andwf	7,f	;volatile
  1490     047E                     l801:
  1491                           
  1492                           ;main.c: 111:     PORTD = i;
  1493     047E  0872               	movf	LcdCommand@i,w
  1494     047F  0088               	movwf	8	;volatile
  1495     0480                     l803:
  1496                           
  1497                           ;main.c: 112:     PORTC |= (0x1 << 0);
  1498     0480  1407               	bsf	7,0	;volatile
  1499     0481                     l805:
  1500                           
  1501                           ;main.c: 113:     _delay((unsigned long)((100)*(2000000/4000.0)));
  1502     0481  3041               	movlw	65
  1503     0482  00F1               	movwf	??_LcdCommand+1
  1504     0483  30EE               	movlw	238
  1505     0484  00F0               	movwf	??_LcdCommand
  1506     0485                     u787:
  1507     0485  0BF0               	decfsz	??_LcdCommand,f
  1508     0486  2C85               	goto	u787
  1509     0487  0BF1               	decfsz	??_LcdCommand+1,f
  1510     0488  2C85               	goto	u787
  1511     0489  0000               	nop
  1512                           
  1513                           ;main.c: 114:     PORTC &= ~(0x1 << 0);
  1514     048A  30FE               	movlw	254
  1515     048B  1283               	bcf	3,5	;RP0=0, select bank0
  1516     048C  1303               	bcf	3,6	;RP1=0, select bank0
  1517     048D  0587               	andwf	7,f	;volatile
  1518     048E                     l69:
  1519     048E  0008               	return
  1520     048F                     __end_of_LcdCommand:
  1521                           
  1522                           	psect	text6
  1523     054F                     __ptext6:	
  1524 ;; *************** function _LcdOutput *****************
  1525 ;; Defined at:
  1526 ;;		line 84 in file "main.c"
  1527 ;; Parameters:    Size  Location     Type
  1528 ;;  i               2   12[COMMON] unsigned short 
  1529 ;; Auto vars:     Size  Location     Type
  1530 ;;  d_0             1    1[BANK0 ] unsigned char 
  1531 ;;  d_1             1    0[BANK0 ] unsigned char 
  1532 ;; Return value:  Size  Location     Type
  1533 ;;                  1    wreg      void 
  1534 ;; Registers used:
  1535 ;;		wreg, status,2, status,0, pclath, cstack
  1536 ;; Tracked objects:
  1537 ;;		On entry : 0/0
  1538 ;;		On exit  : 0/0
  1539 ;;		Unchanged: 0/0
  1540 ;; Data sizes:     COMMON   BANK0   BANK1   BANK3   BANK2
  1541 ;;      Params:         2       0       0       0       0
  1542 ;;      Locals:         0       2       0       0       0
  1543 ;;      Temps:          0       0       0       0       0
  1544 ;;      Totals:         2       2       0       0       0
  1545 ;;Total ram usage:        4 bytes
  1546 ;; Hardware stack levels used: 1
  1547 ;; Hardware stack levels required when called: 1
  1548 ;; This function calls:
  1549 ;;		_LcdData
  1550 ;;		___lwdiv
  1551 ;;		___lwmod
  1552 ;; This function is called by:
  1553 ;;		_main
  1554 ;; This function uses a non-reentrant model
  1555 ;;
  1556                           
  1557     054F                     _LcdOutput:	
  1558                           ;psect for function _LcdOutput
  1559                           
  1560     054F                     l953:	
  1561                           ;incstack = 0
  1562                           ; Regs used in _LcdOutput: [wreg+status,2+status,0+pclath+cstack]
  1563                           
  1564                           
  1565                           ;main.c: 84: void LcdOutput(uint16_t i);main.c: 85: {;main.c: 86:     uint8_t d_0, d_1;;
      +                          main.c: 87:     d_0 = i % 10;
  1566     054F  300A               	movlw	10
  1567     0550  00F7               	movwf	___lwmod@divisor
  1568     0551  3000               	movlw	0
  1569     0552  00F8               	movwf	___lwmod@divisor+1
  1570     0553  087D               	movf	LcdOutput@i+1,w
  1571     0554  00FA               	movwf	___lwmod@dividend+1
  1572     0555  087C               	movf	LcdOutput@i,w
  1573     0556  00F9               	movwf	___lwmod@dividend
  1574     0557  120A  118A  248F  120A  118A  	fcall	___lwmod
  1575     055C  0877               	movf	?___lwmod,w
  1576     055D  1283               	bcf	3,5	;RP0=0, select bank0
  1577     055E  1303               	bcf	3,6	;RP1=0, select bank0
  1578     055F  00A1               	movwf	LcdOutput@d_0
  1579                           
  1580                           ;main.c: 88:     d_1 = (i/10)%10;
  1581     0560  300A               	movlw	10
  1582     0561  00F7               	movwf	___lwmod@divisor
  1583     0562  3000               	movlw	0
  1584     0563  00F8               	movwf	___lwmod@divisor+1
  1585     0564  300A               	movlw	10
  1586     0565  00F0               	movwf	___lwdiv@divisor
  1587     0566  3000               	movlw	0
  1588     0567  00F1               	movwf	___lwdiv@divisor+1
  1589     0568  087D               	movf	LcdOutput@i+1,w
  1590     0569  00F3               	movwf	___lwdiv@dividend+1
  1591     056A  087C               	movf	LcdOutput@i,w
  1592     056B  00F2               	movwf	___lwdiv@dividend
  1593     056C  120A  118A  24C7  120A  118A  	fcall	___lwdiv
  1594     0571  0871               	movf	?___lwdiv+1,w
  1595     0572  00FA               	movwf	___lwmod@dividend+1
  1596     0573  0870               	movf	?___lwdiv,w
  1597     0574  00F9               	movwf	___lwmod@dividend
  1598     0575  120A  118A  248F  120A  118A  	fcall	___lwmod
  1599     057A  0877               	movf	?___lwmod,w
  1600     057B  1283               	bcf	3,5	;RP0=0, select bank0
  1601     057C  1303               	bcf	3,6	;RP1=0, select bank0
  1602     057D  00A0               	movwf	LcdOutput@d_1
  1603     057E                     l955:
  1604                           
  1605                           ;main.c: 90:     if(i < 10){
  1606     057E  3000               	movlw	0
  1607     057F  027D               	subwf	LcdOutput@i+1,w
  1608     0580  300A               	movlw	10
  1609     0581  1903               	skipnz
  1610     0582  027C               	subwf	LcdOutput@i,w
  1611     0583  1803               	skipnc
  1612     0584  2D86               	goto	u671
  1613     0585  2D87               	goto	u670
  1614     0586                     u671:
  1615     0586  2D97               	goto	l959
  1616     0587                     u670:
  1617     0587                     l957:
  1618                           
  1619                           ;main.c: 91:         LcdData(0x20);
  1620     0587  3020               	movlw	32
  1621     0588  120A  118A  2464  120A  118A  	fcall	_LcdData
  1622                           
  1623                           ;main.c: 92:         LcdData(0x30 + d_0);
  1624     058D  1283               	bcf	3,5	;RP0=0, select bank0
  1625     058E  1303               	bcf	3,6	;RP1=0, select bank0
  1626     058F  0821               	movf	LcdOutput@d_0,w
  1627     0590  3E30               	addlw	48
  1628     0591  120A  118A  2464  120A  118A  	fcall	_LcdData
  1629                           
  1630                           ;main.c: 93:     }else{
  1631     0596  2DA7               	goto	l63
  1632     0597                     l959:
  1633                           
  1634                           ;main.c: 94:         LcdData(0x30 + d_1);
  1635     0597  0820               	movf	LcdOutput@d_1,w
  1636     0598  3E30               	addlw	48
  1637     0599  120A  118A  2464  120A  118A  	fcall	_LcdData
  1638                           
  1639                           ;main.c: 95:         LcdData(0x30 + d_0);
  1640     059E  1283               	bcf	3,5	;RP0=0, select bank0
  1641     059F  1303               	bcf	3,6	;RP1=0, select bank0
  1642     05A0  0821               	movf	LcdOutput@d_0,w
  1643     05A1  3E30               	addlw	48
  1644     05A2  120A  118A  2464  120A  118A  	fcall	_LcdData
  1645     05A7                     l63:
  1646     05A7  0008               	return
  1647     05A8                     __end_of_LcdOutput:
  1648                           
  1649                           	psect	text7
  1650     048F                     __ptext7:	
  1651 ;; *************** function ___lwmod *****************
  1652 ;; Defined at:
  1653 ;;		line 5 in file "D:\Program Files\Microchip\xc8\v3.00\pic\sources\c99\common\lwmod.c"
  1654 ;; Parameters:    Size  Location     Type
  1655 ;;  divisor         2    7[COMMON] unsigned int 
  1656 ;;  dividend        2    9[COMMON] unsigned int 
  1657 ;; Auto vars:     Size  Location     Type
  1658 ;;  counter         1   11[COMMON] unsigned char 
  1659 ;; Return value:  Size  Location     Type
  1660 ;;                  2    7[COMMON] unsigned int 
  1661 ;; Registers used:
  1662 ;;		wreg, status,2, status,0
  1663 ;; Tracked objects:
  1664 ;;		On entry : 0/0
  1665 ;;		On exit  : 0/0
  1666 ;;		Unchanged: 0/0
  1667 ;; Data sizes:     COMMON   BANK0   BANK1   BANK3   BANK2
  1668 ;;      Params:         4       0       0       0       0
  1669 ;;      Locals:         1       0       0       0       0
  1670 ;;      Temps:          0       0       0       0       0
  1671 ;;      Totals:         5       0       0       0       0
  1672 ;;Total ram usage:        5 bytes
  1673 ;; Hardware stack levels used: 1
  1674 ;; This function calls:
  1675 ;;		Nothing
  1676 ;; This function is called by:
  1677 ;;		_LcdOutput
  1678 ;; This function uses a non-reentrant model
  1679 ;;
  1680                           
  1681     048F                     ___lwmod:	
  1682                           ;psect for function ___lwmod
  1683                           
  1684     048F                     l895:	
  1685                           ;incstack = 0
  1686                           ; Regs used in ___lwmod: [wreg+status,2+status,0]
  1687                           
  1688     048F  0877               	movf	___lwmod@divisor,w
  1689     0490  0478               	iorwf	___lwmod@divisor+1,w
  1690     0491  1903               	btfsc	3,2
  1691     0492  2C94               	goto	u581
  1692     0493  2C95               	goto	u580
  1693     0494                     u581:
  1694     0494  2CC2               	goto	l913
  1695     0495                     u580:
  1696     0495                     l897:
  1697     0495  3001               	movlw	1
  1698     0496  00FB               	movwf	___lwmod@counter
  1699     0497  2CA1               	goto	l903
  1700     0498                     l899:
  1701     0498  3001               	movlw	1
  1702     0499                     u595:
  1703     0499  1003               	clrc
  1704     049A  0DF7               	rlf	___lwmod@divisor,f
  1705     049B  0DF8               	rlf	___lwmod@divisor+1,f
  1706     049C  3EFF               	addlw	-1
  1707     049D  1D03               	skipz
  1708     049E  2C99               	goto	u595
  1709     049F                     l901:
  1710     049F  3001               	movlw	1
  1711     04A0  07FB               	addwf	___lwmod@counter,f
  1712     04A1                     l903:
  1713     04A1  1FF8               	btfss	___lwmod@divisor+1,7
  1714     04A2  2CA4               	goto	u601
  1715     04A3  2CA5               	goto	u600
  1716     04A4                     u601:
  1717     04A4  2C98               	goto	l899
  1718     04A5                     u600:
  1719     04A5                     l905:
  1720     04A5  0878               	movf	___lwmod@divisor+1,w
  1721     04A6  027A               	subwf	___lwmod@dividend+1,w
  1722     04A7  1D03               	skipz
  1723     04A8  2CAB               	goto	u615
  1724     04A9  0877               	movf	___lwmod@divisor,w
  1725     04AA  0279               	subwf	___lwmod@dividend,w
  1726     04AB                     u615:
  1727     04AB  1C03               	skipc
  1728     04AC  2CAE               	goto	u611
  1729     04AD  2CAF               	goto	u610
  1730     04AE                     u611:
  1731     04AE  2CB5               	goto	l909
  1732     04AF                     u610:
  1733     04AF                     l907:
  1734     04AF  0877               	movf	___lwmod@divisor,w
  1735     04B0  02F9               	subwf	___lwmod@dividend,f
  1736     04B1  0878               	movf	___lwmod@divisor+1,w
  1737     04B2  1C03               	skipc
  1738     04B3  03FA               	decf	___lwmod@dividend+1,f
  1739     04B4  02FA               	subwf	___lwmod@dividend+1,f
  1740     04B5                     l909:
  1741     04B5  3001               	movlw	1
  1742     04B6                     u625:
  1743     04B6  1003               	clrc
  1744     04B7  0CF8               	rrf	___lwmod@divisor+1,f
  1745     04B8  0CF7               	rrf	___lwmod@divisor,f
  1746     04B9  3EFF               	addlw	-1
  1747     04BA  1D03               	skipz
  1748     04BB  2CB6               	goto	u625
  1749     04BC                     l911:
  1750     04BC  3001               	movlw	1
  1751     04BD  02FB               	subwf	___lwmod@counter,f
  1752     04BE  1D03               	btfss	3,2
  1753     04BF  2CC1               	goto	u631
  1754     04C0  2CC2               	goto	u630
  1755     04C1                     u631:
  1756     04C1  2CA5               	goto	l905
  1757     04C2                     u630:
  1758     04C2                     l913:
  1759     04C2  087A               	movf	___lwmod@dividend+1,w
  1760     04C3  00F8               	movwf	?___lwmod+1
  1761     04C4  0879               	movf	___lwmod@dividend,w
  1762     04C5  00F7               	movwf	?___lwmod
  1763     04C6                     l445:
  1764     04C6  0008               	return
  1765     04C7                     __end_of___lwmod:
  1766                           
  1767                           	psect	text8
  1768     04C7                     __ptext8:	
  1769 ;; *************** function ___lwdiv *****************
  1770 ;; Defined at:
  1771 ;;		line 5 in file "D:\Program Files\Microchip\xc8\v3.00\pic\sources\c99\common\lwdiv.c"
  1772 ;; Parameters:    Size  Location     Type
  1773 ;;  divisor         2    0[COMMON] unsigned int 
  1774 ;;  dividend        2    2[COMMON] unsigned int 
  1775 ;; Auto vars:     Size  Location     Type
  1776 ;;  quotient        2    4[COMMON] unsigned int 
  1777 ;;  counter         1    6[COMMON] unsigned char 
  1778 ;; Return value:  Size  Location     Type
  1779 ;;                  2    0[COMMON] unsigned int 
  1780 ;; Registers used:
  1781 ;;		wreg, status,2, status,0
  1782 ;; Tracked objects:
  1783 ;;		On entry : 0/0
  1784 ;;		On exit  : 0/0
  1785 ;;		Unchanged: 0/0
  1786 ;; Data sizes:     COMMON   BANK0   BANK1   BANK3   BANK2
  1787 ;;      Params:         4       0       0       0       0
  1788 ;;      Locals:         3       0       0       0       0
  1789 ;;      Temps:          0       0       0       0       0
  1790 ;;      Totals:         7       0       0       0       0
  1791 ;;Total ram usage:        7 bytes
  1792 ;; Hardware stack levels used: 1
  1793 ;; This function calls:
  1794 ;;		Nothing
  1795 ;; This function is called by:
  1796 ;;		_LcdOutput
  1797 ;; This function uses a non-reentrant model
  1798 ;;
  1799                           
  1800     04C7                     ___lwdiv:	
  1801                           ;psect for function ___lwdiv
  1802                           
  1803     04C7                     l869:	
  1804                           ;incstack = 0
  1805                           ; Regs used in ___lwdiv: [wreg+status,2+status,0]
  1806                           
  1807     04C7  01F4               	clrf	___lwdiv@quotient
  1808     04C8  01F5               	clrf	___lwdiv@quotient+1
  1809     04C9                     l871:
  1810     04C9  0870               	movf	___lwdiv@divisor,w
  1811     04CA  0471               	iorwf	___lwdiv@divisor+1,w
  1812     04CB  1903               	btfsc	3,2
  1813     04CC  2CCE               	goto	u511
  1814     04CD  2CCF               	goto	u510
  1815     04CE                     u511:
  1816     04CE  2D04               	goto	l891
  1817     04CF                     u510:
  1818     04CF                     l873:
  1819     04CF  3001               	movlw	1
  1820     04D0  00F6               	movwf	___lwdiv@counter
  1821     04D1  2CDB               	goto	l879
  1822     04D2                     l875:
  1823     04D2  3001               	movlw	1
  1824     04D3                     u525:
  1825     04D3  1003               	clrc
  1826     04D4  0DF0               	rlf	___lwdiv@divisor,f
  1827     04D5  0DF1               	rlf	___lwdiv@divisor+1,f
  1828     04D6  3EFF               	addlw	-1
  1829     04D7  1D03               	skipz
  1830     04D8  2CD3               	goto	u525
  1831     04D9                     l877:
  1832     04D9  3001               	movlw	1
  1833     04DA  07F6               	addwf	___lwdiv@counter,f
  1834     04DB                     l879:
  1835     04DB  1FF1               	btfss	___lwdiv@divisor+1,7
  1836     04DC  2CDE               	goto	u531
  1837     04DD  2CDF               	goto	u530
  1838     04DE                     u531:
  1839     04DE  2CD2               	goto	l875
  1840     04DF                     u530:
  1841     04DF                     l881:
  1842     04DF  3001               	movlw	1
  1843     04E0                     u545:
  1844     04E0  1003               	clrc
  1845     04E1  0DF4               	rlf	___lwdiv@quotient,f
  1846     04E2  0DF5               	rlf	___lwdiv@quotient+1,f
  1847     04E3  3EFF               	addlw	-1
  1848     04E4  1D03               	skipz
  1849     04E5  2CE0               	goto	u545
  1850     04E6  0871               	movf	___lwdiv@divisor+1,w
  1851     04E7  0273               	subwf	___lwdiv@dividend+1,w
  1852     04E8  1D03               	skipz
  1853     04E9  2CEC               	goto	u555
  1854     04EA  0870               	movf	___lwdiv@divisor,w
  1855     04EB  0272               	subwf	___lwdiv@dividend,w
  1856     04EC                     u555:
  1857     04EC  1C03               	skipc
  1858     04ED  2CEF               	goto	u551
  1859     04EE  2CF0               	goto	u550
  1860     04EF                     u551:
  1861     04EF  2CF7               	goto	l887
  1862     04F0                     u550:
  1863     04F0                     l883:
  1864     04F0  0870               	movf	___lwdiv@divisor,w
  1865     04F1  02F2               	subwf	___lwdiv@dividend,f
  1866     04F2  0871               	movf	___lwdiv@divisor+1,w
  1867     04F3  1C03               	skipc
  1868     04F4  03F3               	decf	___lwdiv@dividend+1,f
  1869     04F5  02F3               	subwf	___lwdiv@dividend+1,f
  1870     04F6                     l885:
  1871     04F6  1474               	bsf	___lwdiv@quotient,0
  1872     04F7                     l887:
  1873     04F7  3001               	movlw	1
  1874     04F8                     u565:
  1875     04F8  1003               	clrc
  1876     04F9  0CF1               	rrf	___lwdiv@divisor+1,f
  1877     04FA  0CF0               	rrf	___lwdiv@divisor,f
  1878     04FB  3EFF               	addlw	-1
  1879     04FC  1D03               	skipz
  1880     04FD  2CF8               	goto	u565
  1881     04FE                     l889:
  1882     04FE  3001               	movlw	1
  1883     04FF  02F6               	subwf	___lwdiv@counter,f
  1884     0500  1D03               	btfss	3,2
  1885     0501  2D03               	goto	u571
  1886     0502  2D04               	goto	u570
  1887     0503                     u571:
  1888     0503  2CDF               	goto	l881
  1889     0504                     u570:
  1890     0504                     l891:
  1891     0504  0875               	movf	___lwdiv@quotient+1,w
  1892     0505  00F1               	movwf	?___lwdiv+1
  1893     0506  0874               	movf	___lwdiv@quotient,w
  1894     0507  00F0               	movwf	?___lwdiv
  1895     0508                     l435:
  1896     0508  0008               	return
  1897     0509                     __end_of___lwdiv:
  1898                           
  1899                           	psect	text9
  1900     0464                     __ptext9:	
  1901 ;; *************** function _LcdData *****************
  1902 ;; Defined at:
  1903 ;;		line 100 in file "main.c"
  1904 ;; Parameters:    Size  Location     Type
  1905 ;;  i               1    wreg     unsigned char 
  1906 ;; Auto vars:     Size  Location     Type
  1907 ;;  i               1    2[COMMON] unsigned char 
  1908 ;; Return value:  Size  Location     Type
  1909 ;;                  1    wreg      void 
  1910 ;; Registers used:
  1911 ;;		wreg, status,2, status,0
  1912 ;; Tracked objects:
  1913 ;;		On entry : 0/0
  1914 ;;		On exit  : 0/0
  1915 ;;		Unchanged: 0/0
  1916 ;; Data sizes:     COMMON   BANK0   BANK1   BANK3   BANK2
  1917 ;;      Params:         0       0       0       0       0
  1918 ;;      Locals:         1       0       0       0       0
  1919 ;;      Temps:          2       0       0       0       0
  1920 ;;      Totals:         3       0       0       0       0
  1921 ;;Total ram usage:        3 bytes
  1922 ;; Hardware stack levels used: 1
  1923 ;; This function calls:
  1924 ;;		Nothing
  1925 ;; This function is called by:
  1926 ;;		_main
  1927 ;;		_LcdOutput
  1928 ;; This function uses a non-reentrant model
  1929 ;;
  1930                           
  1931     0464                     _LcdData:	
  1932                           ;psect for function _LcdData
  1933                           
  1934                           
  1935                           ;incstack = 0
  1936                           ; Regs used in _LcdData: [wreg+status,2+status,0]
  1937                           ;LcdData@i stored from wreg
  1938     0464  00F2               	movwf	LcdData@i
  1939     0465                     l807:
  1940                           
  1941                           ;main.c: 101:     PORTC |= (0x1 << 3);
  1942     0465  1283               	bcf	3,5	;RP0=0, select bank0
  1943     0466  1303               	bcf	3,6	;RP1=0, select bank0
  1944     0467  1587               	bsf	7,3	;volatile
  1945     0468                     l809:
  1946                           
  1947                           ;main.c: 102:     PORTD = i;
  1948     0468  0872               	movf	LcdData@i,w
  1949     0469  0088               	movwf	8	;volatile
  1950     046A                     l811:
  1951                           
  1952                           ;main.c: 103:     PORTC |= (0x1 << 0);
  1953     046A  1407               	bsf	7,0	;volatile
  1954                           
  1955                           ;main.c: 104:     _delay((unsigned long)((100)*(2000000/4000.0)));
  1956     046B  3041               	movlw	65
  1957     046C  00F1               	movwf	??_LcdData+1
  1958     046D  30EE               	movlw	238
  1959     046E  00F0               	movwf	??_LcdData
  1960     046F                     u797:
  1961     046F  0BF0               	decfsz	??_LcdData,f
  1962     0470  2C6F               	goto	u797
  1963     0471  0BF1               	decfsz	??_LcdData+1,f
  1964     0472  2C6F               	goto	u797
  1965     0473  0000               	nop
  1966     0474                     l813:
  1967                           
  1968                           ;main.c: 105:     PORTC &= ~(0x1 << 0);
  1969     0474  30FE               	movlw	254
  1970     0475  1283               	bcf	3,5	;RP0=0, select bank0
  1971     0476  1303               	bcf	3,6	;RP1=0, select bank0
  1972     0477  0587               	andwf	7,f	;volatile
  1973     0478                     l66:
  1974     0478  0008               	return
  1975     0479                     __end_of_LcdData:
  1976     0002                     ___latbits      equ	2
  1977     007E                     btemp           set	126	;btemp
  1978     007E                     wtemp0          set	126

Data Sizes:
    Strings     0
    Constant    0
    Data        11
    BSS         8
    Persistent  0
    Stack       0

Auto Spaces:
    Space          Size  Autos    Used
    COMMON           14     14      14
    BANK0            80     50      69
    BANK1            80      0       0
    BANK3            96      0       0
    BANK2            96      0       0

Pointer List with Targets:

    None.

Critical Paths under _main in COMMON

    _main->_LcdOutput
    _map->___aldiv
    ___aldiv->___lmul
    _adcLcdInit->_LcdCommand
    _LcdOutput->___lwmod
    ___lwmod->___lwdiv

Critical Paths under _main in BANK0

    _main->_map
    _map->___aldiv

Critical Paths under _main in BANK1

    None.

Critical Paths under _main in BANK3

    None.

Critical Paths under _main in BANK2

    None.

Call Graph Tables:

 ---------------------------------------------------------------------------------
 (Depth) Function   	        Calls       Base Space   Used Autos Params    Refs
 ---------------------------------------------------------------------------------
 (0) _main                                                 4     4      0    1201
                                             46 BANK0      4     4      0
                         _LcdCommand
                            _LcdData
                          _LcdOutput
                         _adcLcdInit
                                _map
 ---------------------------------------------------------------------------------
 (1) _map                                                 32    12     20     555
                                             14 BANK0     32    12     20
                            ___aldiv
                             ___lmul
 ---------------------------------------------------------------------------------
 (2) ___lmul                                              13     5      8      94
                                              0 COMMON    13     5      8
 ---------------------------------------------------------------------------------
 (2) ___aldiv                                             15     7      8     302
                                             13 COMMON     1     1      0
                                              0 BANK0     14     6      8
                             ___lmul (ARG)
 ---------------------------------------------------------------------------------
 (1) _adcLcdInit                                           2     2      0      29
                                              3 COMMON     2     2      0
                         _LcdCommand
 ---------------------------------------------------------------------------------
 (2) _LcdCommand                                           3     3      0      29
                                              0 COMMON     3     3      0
 ---------------------------------------------------------------------------------
 (1) _LcdOutput                                            4     2      2     491
                                             12 COMMON     2     0      2
                                              0 BANK0      2     2      0
                            _LcdData
                            ___lwdiv
                            ___lwmod
 ---------------------------------------------------------------------------------
 (2) ___lwmod                                              5     1      4     163
                                              7 COMMON     5     1      4
                            ___lwdiv (ARG)
 ---------------------------------------------------------------------------------
 (2) ___lwdiv                                              7     3      4     164
                                              0 COMMON     7     3      4
 ---------------------------------------------------------------------------------
 (2) _LcdData                                              3     3      0      29
                                              0 COMMON     3     3      0
 ---------------------------------------------------------------------------------
 Estimated maximum stack depth 2
 ---------------------------------------------------------------------------------

 Call Graph Graphs:

 _main (ROOT)
   _LcdCommand
   _LcdData
   _LcdOutput
     _LcdData
     ___lwdiv
     ___lwmod
       ___lwdiv (ARG)
   _adcLcdInit
     _LcdCommand
   _map
     ___aldiv
       ___lmul (ARG)
     ___lmul

Address spaces:
Name               Size   Autos  Total    Usage
BANK3               96      0       0      0.0%
BITBANK3            96      0       0      0.0%
BANK2               96      0       0      0.0%
BITBANK2            96      0       0      0.0%
BANK1               80      0       0      0.0%
BITBANK1            80      0       0      0.0%
BANK0               80     50      69     86.2%
BITBANK0            80      0       0      0.0%
COMMON              14     14      14    100.0%
BITCOMMON           14      0       0      0.0%
DATA                 0      0      83      0.0%
STACK                0      0       0      0.0%


Microchip Technology PIC Macro Assembler V3.00 build 20241204225717 
Symbol Table                                                                                   Thu May 01 21:19:12 2025

                      pc 0002                       l45 0771                       l46 0774  
                     l63 05A7                       l55 061A                       l66 0478  
                     l58 06A7                       l69 048E                       fsr 0004  
                    l220 06BC                      l230 0740                      l169 054E  
                    l435 0508                      l445 04C6                      l801 047E  
                    l811 046A                      l803 0480                      l813 0474  
                    l901 049F                      l805 0481                      l821 052C  
                    l807 0465                      l911 04BC                      l903 04A1  
                    l831 06AB                      l823 0535                      l815 0509  
                    l809 0468                      l905 04A5                      l913 04C2  
                    l921 05B6                      l841 06D5                      l833 06AF  
                    l825 0546                      l817 0511                      l907 04AF  
                    l931 05DD                      l923 05BF                      l851 06F8  
                    l843 06DD                      l835 06C0                      l819 0515  
                    l909 04B5                      l941 0601                      l933 05E3  
                    l925 05C5                      l917 05A8                      l853 070A  
                    l845 06E0                      l861 0728                      l837 06CB  
                    l829 06A8                      l871 04C9                      l943 060A  
                    l935 05EC                      l927 05CE                      l919 05B0  
                    l863 072D                      l855 0718                      l847 06EB  
                    l839 06CD                      l881 04DF                      l873 04CF  
                    l953 054F                      l945 060E                      l937 05F2  
                    l929 05D4                      l865 0738                      l857 0719  
                    l849 06EF                      l961 0741                      l883 04F0  
                    l875 04D2                      l891 0504                      l955 057E  
                    l947 0612                      l939 05FB                      l859 0722  
                    l971 075C                      l963 074C                      l885 04F6  
                    l877 04D9                      l869 04C7                      l957 0587  
                    l949 061B                      l981 07D5                      l973 0764  
                    l887 04F7                      l879 04DB                      l895 048F  
                    l959 0597                      l799 047A                      l983 07D9  
                    l975 0778                      l889 04FE                      l897 0495  
                    l977 0793                      l969 0750                      l899 0498  
                    l979 07C4                      u400 0546                      u401 0545  
                    u410 06AF                      u411 06AE                      u500 072D  
                    u420 06C0                      u501 072C                      u421 06BF  
                    u510 04CF                      u430 06DD                      u511 04CE  
                    u431 06DC                      u600 04A5                      u360 0515  
                    u601 04A4                      u361 0514                      u530 04DF  
                    u610 04AF                      u450 06EF                      u531 04DE  
                    u611 04AE                      u451 06EE                      u371 051E  
                    u372 0525                      u700 07D5                      u525 04D3  
                    u445 06E2                      u373 052C                      u701 07D4  
                    u550 04F0                      u630 04C2                      u470 070A  
                    u551 04EF                      u631 04C1                      u615 04AB  
                    u471 0709                      u545 04E0                      u625 04B6  
                    u465 06F1                      u385 052E                      u641 062C  
                    u570 0504                      u490 0728                      u642 062D  
                    u571 0503                      u555 04EC                      u491 0727  
                    u475 0706                      u395 0536                      u651 0650  
                    u643 0632                      u580 0495                      u652 0651  
                    u644 0633                      u565 04F8                      u581 0494  
                    u717 05BA                      u485 071A                      u661 0674  
                    u653 0656                      u645 0638                      u670 0587  
                    u662 0675                      u654 0657                      u646 0639  
                    u671 0586                      u727 05C9                      u663 067A  
                    u655 065C                      u664 067B                      u656 065D  
                    u680 0771                      u737 05D8                      u665 0680  
                    u681 0770                      u666 0681                      u690 0778  
                    u595 0499                      u747 05E7                      u691 0777  
                    u757 05F6                      u685 076D                      u767 0605  
                    u777 0616                      u787 0485                      u797 046F  
                    _map 061B                      fsr0 0004                      indf 0000  
                   ?_map 002E                     _main 0741                     map@x 002E  
                   btemp 007E                     start 0000          __end_of_LcdData 0479  
             _LcdCommand 0479                    ??_map 0042          __end_of___aldiv 0741  
                  ?_main 0070          __end_of___lwdiv 0509          __end_of___lwmod 04C7  
                  _PORTC 0007                    _PORTD 0008                    _TRISC 0087  
                  _TRISD 0088      ___lmul@multiplicand 0074                    main@i 0050  
                  pclath 000A                    status 0003                    wtemp0 007E  
        __initialization 07E6             __end_of_main 07E6                   ??_main 004E  
                 _ADCON0 001F                   _ADCON1 009F                   _ADRESH 001E  
                 _ADRESL 009E                ??_LcdData 0070              ?_LcdCommand 0070  
                 _adcLow 0061                   ___lmul 0509                ??___aldiv 007D  
              ??___lwdiv 0074                ??___lwmod 007B               _adcLcdInit 05A8  
__end_of__initialization 07FC        __end_of_LcdOutput 05A8           __pcstackCOMMON 0070  
           __pidataBANK0 0446               __pbssBANK0 005D               __pmaintext 0741  
                ?___lmul 0070           ___lmul@product 0079              ?_adcLcdInit 0070  
                _LcdData 0464                  ___aldiv 06A8                  _adcHigh 0063  
                _adcVolt 005D                  ___lwdiv 04C7                  ___lwmod 048F  
                __ptext1 061B                  __ptext2 0509                  __ptext3 06A8  
                __ptext4 05A8                  __ptext5 0479                  __ptext6 054F  
                __ptext7 048F                  __ptext8 04C7                  __ptext9 0464  
       ___aldiv@dividend 0024     end_of_initialization 07FC             ??_LcdCommand 0070  
       ___aldiv@quotient 002A       __end_of_LcdCommand 048F               map@out_max 003E  
             map@out_min 003A                _LcdOutput 054F           __end_of___lmul 054F  
    start_initialization 07E6              __end_of_map 06A8                 ??___lmul 0078  
             init_fetch0 0451               ?_LcdOutput 007C              __pdataBANK0 0052  
              ___latbits 0002            __pcstackBANK0 0020             ??_adcLcdInit 0073  
               ?_LcdData 0070         ___lwdiv@dividend 0072                 ?___aldiv 0020  
               ?___lwdiv 0070                 ?___lwmod 0077       __end_of_adcLcdInit 061B  
       ___lwdiv@quotient 0074          ___aldiv@divisor 0020          ___aldiv@counter 0028  
               LcdData@i 0072              ??_LcdOutput 007E                map@in_max 0036  
              map@in_min 0032          _calibratedValue 005F        ___lmul@multiplier 0070  
           LcdOutput@d_0 0021             LcdOutput@d_1 0020          ___lwdiv@divisor 0070  
        ___lwdiv@counter 0076              LcdCommand@i 0072           _calibratedVolt 0052  
               init_ram0 0455         ___lwmod@dividend 0079               LcdOutput@i 007C  
        ___lwmod@divisor 0077          ___lwmod@counter 007B             ___aldiv@sign 0029  
