

Microchip Technology PIC LITE Macro Assembler V2.00 build -1524193055 
                                                                                               Sun Sep 29 18:10:45 2019

Microchip Technology Omniscient Code Generator v2.00 (Free mode) build 20180527130849
     1  0000                     
      + 0000                     
     2                           ; Version 2.00
     3                           ; Generated 27/05/2018 GMT
     4                           
     5                           ; 
     6                           ; Copyright © 2018, Microchip Technology Inc. and its subsidiaries ("Microchip")
     7                           ; All rights reserved.
     8                           ; 
     9                           ; This software is developed by Microchip Technology Inc. and its subsidiaries ("Microch
                                 ip").
    10                           ; 
    11                           ; Redistribution and use in source and binary forms, with or without modification, are
    12                           ; permitted provided that the following conditions are met:
    13                           ; 
    14                           ;     1. Redistributions of source code must retain the above copyright notice, this lis
                                 t of
    15                           ;        conditions and the following disclaimer.
    16                           ; 
    17                           ;     2. Redistributions in binary form must reproduce the above copyright notice, this 
                                 list
    18                           ;        of conditions and the following disclaimer in the documentation and/or other
    19                           ;        materials provided with the distribution.
    20                           ; 
    21                           ;     3. Microchip's name may not be used to endorse or promote products derived from th
                                 is
    22                           ;        software without specific prior written permission.
    23                           ; 
    24                           ; THIS SOFTWARE IS PROVIDED BY MICROCHIP "AS IS" AND ANY EXPRESS OR IMPLIED WARRANTIES,

    25                           ; INCLUDING, BUT NOT LIMITED TO, THE IMPLIED WARRANTIES OF MERCHANTABILITY AND FITNESS F
                                 OR
    26                           ; PURPOSE ARE DISCLAIMED.  IN NO EVENT SHALL MICROCHIP BE LIABLE FOR ANY DIRECT, INDIREC
                                 T,
    27                           ; INCIDENTAL, SPECIAL, EXEMPLARY, OR CONSEQUENTIAL DAMAGES (INCLUDING BUT NOT LIMITED TO
                                 
    28                           ; PROCUREMENT OF SUBSTITUTE GOODS OR SERVICES; LOSS OF USE, DATA OR PROFITS; OR BUSINESS
                                 
    29                           ; INTERRUPTION) HOWSOEVER CAUSED AND ON ANY THEORY OF LIABILITY, WHETHER IN CONTRACT, ST
                                 RICT
    30                           ; LIABILITY, OR TORT (INCLUDING NEGLIGENCE OR OTHERWISE) ARISING IN ANY WAY OUT OF THE U
                                 SE OF
    31                           ; THIS SOFTWARE, EVEN IF ADVISED OF THE POSSIBILITY OF SUCH DAMAGE.
    32                           ; 
    33                           
    34                           
    35                           ; 
    36                           ; Code-generator required, PIC16F877A Definitions
    37                           ; 
    38  0004                     fsr0 equ 04h
    39  0004                     indf equ 00h
    40  0000                     indf0 equ 00h
    41  0000                     pc equ 02h
    42  0002                     pcl equ 02h
    43  0002                     pclath equ 0Ah
    44  000A                     status equ 03h
    45  0003                     
     2                           opt pagewidth 120
     3  0000                     byte0	macro	val
     4                           	(getbyte(val,0))
     5                           endm
     6  0000                     byte1	macro	val
     7                           	(getbyte(val,1))
     8                           endm
     9  0000                     byte2	macro	val
    10                           	(getbyte(val,2))
    11                           endm
    12  0000                     byte3	macro	val
    13                           	(getbyte(val,3))
    14                           endm
    15  0000                     byte4	macro	val
    16                           	(getbyte(val,4))
    17                           endm
    18  0000                     byte5	macro	val
    19                           	(getbyte(val,5))
    20                           endm
    21  0000                     byte6	macro	val
    22                           	(getbyte(val,6))
    23                           endm
    24  0000                     byte7	macro	val
    25                           	(getbyte(val,7))
    26                           endm
    27  0000                     getword	macro	val,pos
    28                           	(((val) >> (8 * pos)) and 0xffff)
    29                           endm
    30  0000                     word0	macro	val
    31                           	(getword(val,0))
    32                           endm
    33  0000                     word1	macro	val
    34                           	(getword(val,2))
    35                           endm
    36  0000                     word2	macro	val
    37                           	(getword(val,4))
    38                           endm
    39  0000                     word3	macro	val
    40                           	(getword(val,6))
    41                           endm
    42  0000                     gettword	macro	val,pos
    43                           	(((val) >> (8 * pos)) and 0xffffff)
    44                           endm
    45  0000                     tword0	macro	val
    46                           	(gettword(val,0))
    47                           endm
    48  0000                     tword1	macro	val
    49                           	(gettword(val,3))
    50                           endm
    51  0000                     tword2	macro	val
    52                           	(gettword(val,6))
    53                           endm
    54  0000                     getdword	macro	val,pos
    55                           	(((val) >> (8 * pos)) and 0xffffffff)
    56                           endm
    57  0000                     dword0	macro	val
    58                           	(getdword(val,0))
    59                           endm
    60  0000                     dword1	macro	val
    61                           	(getdword(val,4))
    62                           endm
    63  0000                     clrc	macro
    64                           	bcf	3,0
    65                           	endm
    66  0000                     clrz	macro
    67                           	bcf	3,2
    68                           	endm
    69  0000                     setc	macro
    70                           	bsf	3,0
    71                           	endm
    72  0000                     setz	macro
    73                           	bsf	3,2
    74                           	endm
    75  0000                     skipc	macro
    76                           	btfss	3,0
    77                           	endm
    78  0000                     skipz	macro
    79                           	btfss	3,2
    80                           	endm
    81  0000                     skipnc	macro
    82                           	btfsc	3,0
    83                           	endm
    84  0000                     skipnz	macro
    85                           	btfsc	3,2
    86                           	endm
    87  0000                     # 54 "C:\Program Files (x86)\Microchip\xc8\v2.00\pic\include\pic16f877a.h"
    88                           INDF equ 00h ;# 
    89  0000                     # 61 "C:\Program Files (x86)\Microchip\xc8\v2.00\pic\include\pic16f877a.h"
    90                           TMR0 equ 01h ;# 
    91  0001                     # 68 "C:\Program Files (x86)\Microchip\xc8\v2.00\pic\include\pic16f877a.h"
    92                           PCL equ 02h ;# 
    93  0002                     # 75 "C:\Program Files (x86)\Microchip\xc8\v2.00\pic\include\pic16f877a.h"
    94                           STATUS equ 03h ;# 
    95  0003                     # 161 "C:\Program Files (x86)\Microchip\xc8\v2.00\pic\include\pic16f877a.h"
    96                           FSR equ 04h ;# 
    97  0004                     # 168 "C:\Program Files (x86)\Microchip\xc8\v2.00\pic\include\pic16f877a.h"
    98                           PORTA equ 05h ;# 
    99  0005                     # 218 "C:\Program Files (x86)\Microchip\xc8\v2.00\pic\include\pic16f877a.h"
   100                           PORTB equ 06h ;# 
   101  0006                     # 280 "C:\Program Files (x86)\Microchip\xc8\v2.00\pic\include\pic16f877a.h"
   102                           PORTC equ 07h ;# 
   103  0007                     # 342 "C:\Program Files (x86)\Microchip\xc8\v2.00\pic\include\pic16f877a.h"
   104                           PORTD equ 08h ;# 
   105  0008                     # 404 "C:\Program Files (x86)\Microchip\xc8\v2.00\pic\include\pic16f877a.h"
   106                           PORTE equ 09h ;# 
   107  0009                     # 436 "C:\Program Files (x86)\Microchip\xc8\v2.00\pic\include\pic16f877a.h"
   108                           PCLATH equ 0Ah ;# 
   109  000A                     # 456 "C:\Program Files (x86)\Microchip\xc8\v2.00\pic\include\pic16f877a.h"
   110                           INTCON equ 0Bh ;# 
   111  000B                     # 534 "C:\Program Files (x86)\Microchip\xc8\v2.00\pic\include\pic16f877a.h"
   112                           PIR1 equ 0Ch ;# 
   113  000C                     # 596 "C:\Program Files (x86)\Microchip\xc8\v2.00\pic\include\pic16f877a.h"
   114                           PIR2 equ 0Dh ;# 
   115  000D                     # 636 "C:\Program Files (x86)\Microchip\xc8\v2.00\pic\include\pic16f877a.h"
   116                           TMR1 equ 0Eh ;# 
   117  000E                     # 643 "C:\Program Files (x86)\Microchip\xc8\v2.00\pic\include\pic16f877a.h"
   118                           TMR1L equ 0Eh ;# 
   119  000E                     # 650 "C:\Program Files (x86)\Microchip\xc8\v2.00\pic\include\pic16f877a.h"
   120                           TMR1H equ 0Fh ;# 
   121  000F                     # 657 "C:\Program Files (x86)\Microchip\xc8\v2.00\pic\include\pic16f877a.h"
   122                           T1CON equ 010h ;# 
   123  0010                     # 732 "C:\Program Files (x86)\Microchip\xc8\v2.00\pic\include\pic16f877a.h"
   124                           TMR2 equ 011h ;# 
   125  0011                     # 739 "C:\Program Files (x86)\Microchip\xc8\v2.00\pic\include\pic16f877a.h"
   126                           T2CON equ 012h ;# 
   127  0012                     # 810 "C:\Program Files (x86)\Microchip\xc8\v2.00\pic\include\pic16f877a.h"
   128                           SSPBUF equ 013h ;# 
   129  0013                     # 817 "C:\Program Files (x86)\Microchip\xc8\v2.00\pic\include\pic16f877a.h"
   130                           SSPCON equ 014h ;# 
   131  0014                     # 887 "C:\Program Files (x86)\Microchip\xc8\v2.00\pic\include\pic16f877a.h"
   132                           CCPR1 equ 015h ;# 
   133  0015                     # 894 "C:\Program Files (x86)\Microchip\xc8\v2.00\pic\include\pic16f877a.h"
   134                           CCPR1L equ 015h ;# 
   135  0015                     # 901 "C:\Program Files (x86)\Microchip\xc8\v2.00\pic\include\pic16f877a.h"
   136                           CCPR1H equ 016h ;# 
   137  0016                     # 908 "C:\Program Files (x86)\Microchip\xc8\v2.00\pic\include\pic16f877a.h"
   138                           CCP1CON equ 017h ;# 
   139  0017                     # 966 "C:\Program Files (x86)\Microchip\xc8\v2.00\pic\include\pic16f877a.h"
   140                           RCSTA equ 018h ;# 
   141  0018                     # 1061 "C:\Program Files (x86)\Microchip\xc8\v2.00\pic\include\pic16f877a.h"
   142                           TXREG equ 019h ;# 
   143  0019                     # 1068 "C:\Program Files (x86)\Microchip\xc8\v2.00\pic\include\pic16f877a.h"
   144                           RCREG equ 01Ah ;# 
   145  001A                     # 1075 "C:\Program Files (x86)\Microchip\xc8\v2.00\pic\include\pic16f877a.h"
   146                           CCPR2 equ 01Bh ;# 
   147  001B                     # 1082 "C:\Program Files (x86)\Microchip\xc8\v2.00\pic\include\pic16f877a.h"
   148                           CCPR2L equ 01Bh ;# 
   149  001B                     # 1089 "C:\Program Files (x86)\Microchip\xc8\v2.00\pic\include\pic16f877a.h"
   150                           CCPR2H equ 01Ch ;# 
   151  001C                     # 1096 "C:\Program Files (x86)\Microchip\xc8\v2.00\pic\include\pic16f877a.h"
   152                           CCP2CON equ 01Dh ;# 
   153  001D                     # 1154 "C:\Program Files (x86)\Microchip\xc8\v2.00\pic\include\pic16f877a.h"
   154                           ADRESH equ 01Eh ;# 
   155  001E                     # 1161 "C:\Program Files (x86)\Microchip\xc8\v2.00\pic\include\pic16f877a.h"
   156                           ADCON0 equ 01Fh ;# 
   157  001F                     # 1257 "C:\Program Files (x86)\Microchip\xc8\v2.00\pic\include\pic16f877a.h"
   158                           OPTION_REG equ 081h ;# 
   159  0081                     # 1327 "C:\Program Files (x86)\Microchip\xc8\v2.00\pic\include\pic16f877a.h"
   160                           TRISA equ 085h ;# 
   161  0085                     # 1377 "C:\Program Files (x86)\Microchip\xc8\v2.00\pic\include\pic16f877a.h"
   162                           TRISB equ 086h ;# 
   163  0086                     # 1439 "C:\Program Files (x86)\Microchip\xc8\v2.00\pic\include\pic16f877a.h"
   164                           TRISC equ 087h ;# 
   165  0087                     # 1501 "C:\Program Files (x86)\Microchip\xc8\v2.00\pic\include\pic16f877a.h"
   166                           TRISD equ 088h ;# 
   167  0088                     # 1563 "C:\Program Files (x86)\Microchip\xc8\v2.00\pic\include\pic16f877a.h"
   168                           TRISE equ 089h ;# 
   169  0089                     # 1620 "C:\Program Files (x86)\Microchip\xc8\v2.00\pic\include\pic16f877a.h"
   170                           PIE1 equ 08Ch ;# 
   171  008C                     # 1682 "C:\Program Files (x86)\Microchip\xc8\v2.00\pic\include\pic16f877a.h"
   172                           PIE2 equ 08Dh ;# 
   173  008D                     # 1722 "C:\Program Files (x86)\Microchip\xc8\v2.00\pic\include\pic16f877a.h"
   174                           PCON equ 08Eh ;# 
   175  008E                     # 1756 "C:\Program Files (x86)\Microchip\xc8\v2.00\pic\include\pic16f877a.h"
   176                           SSPCON2 equ 091h ;# 
   177  0091                     # 1818 "C:\Program Files (x86)\Microchip\xc8\v2.00\pic\include\pic16f877a.h"
   178                           PR2 equ 092h ;# 
   179  0092                     # 1825 "C:\Program Files (x86)\Microchip\xc8\v2.00\pic\include\pic16f877a.h"
   180                           SSPADD equ 093h ;# 
   181  0093                     # 1832 "C:\Program Files (x86)\Microchip\xc8\v2.00\pic\include\pic16f877a.h"
   182                           SSPSTAT equ 094h ;# 
   183  0094                     # 2001 "C:\Program Files (x86)\Microchip\xc8\v2.00\pic\include\pic16f877a.h"
   184                           TXSTA equ 098h ;# 
   185  0098                     # 2082 "C:\Program Files (x86)\Microchip\xc8\v2.00\pic\include\pic16f877a.h"
   186                           SPBRG equ 099h ;# 
   187  0099                     # 2089 "C:\Program Files (x86)\Microchip\xc8\v2.00\pic\include\pic16f877a.h"
   188                           CMCON equ 09Ch ;# 
   189  009C                     # 2159 "C:\Program Files (x86)\Microchip\xc8\v2.00\pic\include\pic16f877a.h"
   190                           CVRCON equ 09Dh ;# 
   191  009D                     # 2224 "C:\Program Files (x86)\Microchip\xc8\v2.00\pic\include\pic16f877a.h"
   192                           ADRESL equ 09Eh ;# 
   193  009E                     # 2231 "C:\Program Files (x86)\Microchip\xc8\v2.00\pic\include\pic16f877a.h"
   194                           ADCON1 equ 09Fh ;# 
   195  009F                     # 2290 "C:\Program Files (x86)\Microchip\xc8\v2.00\pic\include\pic16f877a.h"
   196                           EEDATA equ 010Ch ;# 
   197  010C                     # 2297 "C:\Program Files (x86)\Microchip\xc8\v2.00\pic\include\pic16f877a.h"
   198                           EEADR equ 010Dh ;# 
   199  010D                     # 2304 "C:\Program Files (x86)\Microchip\xc8\v2.00\pic\include\pic16f877a.h"
   200                           EEDATH equ 010Eh ;# 
   201  010E                     # 2311 "C:\Program Files (x86)\Microchip\xc8\v2.00\pic\include\pic16f877a.h"
   202                           EEADRH equ 010Fh ;# 
   203  010F                     # 2318 "C:\Program Files (x86)\Microchip\xc8\v2.00\pic\include\pic16f877a.h"
   204                           EECON1 equ 018Ch ;# 
   205  018C                     # 2363 "C:\Program Files (x86)\Microchip\xc8\v2.00\pic\include\pic16f877a.h"
   206                           EECON2 equ 018Dh ;# 
   207  018D                     # 54 "C:\Program Files (x86)\Microchip\xc8\v2.00\pic\include\pic16f877a.h"
   208                           INDF equ 00h ;# 
   209  0000                     # 61 "C:\Program Files (x86)\Microchip\xc8\v2.00\pic\include\pic16f877a.h"
   210                           TMR0 equ 01h ;# 
   211  0001                     # 68 "C:\Program Files (x86)\Microchip\xc8\v2.00\pic\include\pic16f877a.h"
   212                           PCL equ 02h ;# 
   213  0002                     # 75 "C:\Program Files (x86)\Microchip\xc8\v2.00\pic\include\pic16f877a.h"
   214                           STATUS equ 03h ;# 
   215  0003                     # 161 "C:\Program Files (x86)\Microchip\xc8\v2.00\pic\include\pic16f877a.h"
   216                           FSR equ 04h ;# 
   217  0004                     # 168 "C:\Program Files (x86)\Microchip\xc8\v2.00\pic\include\pic16f877a.h"
   218                           PORTA equ 05h ;# 
   219  0005                     # 218 "C:\Program Files (x86)\Microchip\xc8\v2.00\pic\include\pic16f877a.h"
   220                           PORTB equ 06h ;# 
   221  0006                     # 280 "C:\Program Files (x86)\Microchip\xc8\v2.00\pic\include\pic16f877a.h"
   222                           PORTC equ 07h ;# 
   223  0007                     # 342 "C:\Program Files (x86)\Microchip\xc8\v2.00\pic\include\pic16f877a.h"
   224                           PORTD equ 08h ;# 
   225  0008                     # 404 "C:\Program Files (x86)\Microchip\xc8\v2.00\pic\include\pic16f877a.h"
   226                           PORTE equ 09h ;# 
   227  0009                     # 436 "C:\Program Files (x86)\Microchip\xc8\v2.00\pic\include\pic16f877a.h"
   228                           PCLATH equ 0Ah ;# 
   229  000A                     # 456 "C:\Program Files (x86)\Microchip\xc8\v2.00\pic\include\pic16f877a.h"
   230                           INTCON equ 0Bh ;# 
   231  000B                     # 534 "C:\Program Files (x86)\Microchip\xc8\v2.00\pic\include\pic16f877a.h"
   232                           PIR1 equ 0Ch ;# 
   233  000C                     # 596 "C:\Program Files (x86)\Microchip\xc8\v2.00\pic\include\pic16f877a.h"
   234                           PIR2 equ 0Dh ;# 
   235  000D                     # 636 "C:\Program Files (x86)\Microchip\xc8\v2.00\pic\include\pic16f877a.h"
   236                           TMR1 equ 0Eh ;# 
   237  000E                     # 643 "C:\Program Files (x86)\Microchip\xc8\v2.00\pic\include\pic16f877a.h"
   238                           TMR1L equ 0Eh ;# 
   239  000E                     # 650 "C:\Program Files (x86)\Microchip\xc8\v2.00\pic\include\pic16f877a.h"
   240                           TMR1H equ 0Fh ;# 
   241  000F                     # 657 "C:\Program Files (x86)\Microchip\xc8\v2.00\pic\include\pic16f877a.h"
   242                           T1CON equ 010h ;# 
   243  0010                     # 732 "C:\Program Files (x86)\Microchip\xc8\v2.00\pic\include\pic16f877a.h"
   244                           TMR2 equ 011h ;# 
   245  0011                     # 739 "C:\Program Files (x86)\Microchip\xc8\v2.00\pic\include\pic16f877a.h"
   246                           T2CON equ 012h ;# 
   247  0012                     # 810 "C:\Program Files (x86)\Microchip\xc8\v2.00\pic\include\pic16f877a.h"
   248                           SSPBUF equ 013h ;# 
   249  0013                     # 817 "C:\Program Files (x86)\Microchip\xc8\v2.00\pic\include\pic16f877a.h"
   250                           SSPCON equ 014h ;# 
   251  0014                     # 887 "C:\Program Files (x86)\Microchip\xc8\v2.00\pic\include\pic16f877a.h"
   252                           CCPR1 equ 015h ;# 
   253  0015                     # 894 "C:\Program Files (x86)\Microchip\xc8\v2.00\pic\include\pic16f877a.h"
   254                           CCPR1L equ 015h ;# 
   255  0015                     # 901 "C:\Program Files (x86)\Microchip\xc8\v2.00\pic\include\pic16f877a.h"
   256                           CCPR1H equ 016h ;# 
   257  0016                     # 908 "C:\Program Files (x86)\Microchip\xc8\v2.00\pic\include\pic16f877a.h"
   258                           CCP1CON equ 017h ;# 
   259  0017                     # 966 "C:\Program Files (x86)\Microchip\xc8\v2.00\pic\include\pic16f877a.h"
   260                           RCSTA equ 018h ;# 
   261  0018                     # 1061 "C:\Program Files (x86)\Microchip\xc8\v2.00\pic\include\pic16f877a.h"
   262                           TXREG equ 019h ;# 
   263  0019                     # 1068 "C:\Program Files (x86)\Microchip\xc8\v2.00\pic\include\pic16f877a.h"
   264                           RCREG equ 01Ah ;# 
   265  001A                     # 1075 "C:\Program Files (x86)\Microchip\xc8\v2.00\pic\include\pic16f877a.h"
   266                           CCPR2 equ 01Bh ;# 
   267  001B                     # 1082 "C:\Program Files (x86)\Microchip\xc8\v2.00\pic\include\pic16f877a.h"
   268                           CCPR2L equ 01Bh ;# 
   269  001B                     # 1089 "C:\Program Files (x86)\Microchip\xc8\v2.00\pic\include\pic16f877a.h"
   270                           CCPR2H equ 01Ch ;# 
   271  001C                     # 1096 "C:\Program Files (x86)\Microchip\xc8\v2.00\pic\include\pic16f877a.h"
   272                           CCP2CON equ 01Dh ;# 
   273  001D                     # 1154 "C:\Program Files (x86)\Microchip\xc8\v2.00\pic\include\pic16f877a.h"
   274                           ADRESH equ 01Eh ;# 
   275  001E                     # 1161 "C:\Program Files (x86)\Microchip\xc8\v2.00\pic\include\pic16f877a.h"
   276                           ADCON0 equ 01Fh ;# 
   277  001F                     # 1257 "C:\Program Files (x86)\Microchip\xc8\v2.00\pic\include\pic16f877a.h"
   278                           OPTION_REG equ 081h ;# 
   279  0081                     # 1327 "C:\Program Files (x86)\Microchip\xc8\v2.00\pic\include\pic16f877a.h"
   280                           TRISA equ 085h ;# 
   281  0085                     # 1377 "C:\Program Files (x86)\Microchip\xc8\v2.00\pic\include\pic16f877a.h"
   282                           TRISB equ 086h ;# 
   283  0086                     # 1439 "C:\Program Files (x86)\Microchip\xc8\v2.00\pic\include\pic16f877a.h"
   284                           TRISC equ 087h ;# 
   285  0087                     # 1501 "C:\Program Files (x86)\Microchip\xc8\v2.00\pic\include\pic16f877a.h"
   286                           TRISD equ 088h ;# 
   287  0088                     # 1563 "C:\Program Files (x86)\Microchip\xc8\v2.00\pic\include\pic16f877a.h"
   288                           TRISE equ 089h ;# 
   289  0089                     # 1620 "C:\Program Files (x86)\Microchip\xc8\v2.00\pic\include\pic16f877a.h"
   290                           PIE1 equ 08Ch ;# 
   291  008C                     # 1682 "C:\Program Files (x86)\Microchip\xc8\v2.00\pic\include\pic16f877a.h"
   292                           PIE2 equ 08Dh ;# 
   293  008D                     # 1722 "C:\Program Files (x86)\Microchip\xc8\v2.00\pic\include\pic16f877a.h"
   294                           PCON equ 08Eh ;# 
   295  008E                     # 1756 "C:\Program Files (x86)\Microchip\xc8\v2.00\pic\include\pic16f877a.h"
   296                           SSPCON2 equ 091h ;# 
   297  0091                     # 1818 "C:\Program Files (x86)\Microchip\xc8\v2.00\pic\include\pic16f877a.h"
   298                           PR2 equ 092h ;# 
   299  0092                     # 1825 "C:\Program Files (x86)\Microchip\xc8\v2.00\pic\include\pic16f877a.h"
   300                           SSPADD equ 093h ;# 
   301  0093                     # 1832 "C:\Program Files (x86)\Microchip\xc8\v2.00\pic\include\pic16f877a.h"
   302                           SSPSTAT equ 094h ;# 
   303  0094                     # 2001 "C:\Program Files (x86)\Microchip\xc8\v2.00\pic\include\pic16f877a.h"
   304                           TXSTA equ 098h ;# 
   305  0098                     # 2082 "C:\Program Files (x86)\Microchip\xc8\v2.00\pic\include\pic16f877a.h"
   306                           SPBRG equ 099h ;# 
   307  0099                     # 2089 "C:\Program Files (x86)\Microchip\xc8\v2.00\pic\include\pic16f877a.h"
   308                           CMCON equ 09Ch ;# 
   309  009C                     # 2159 "C:\Program Files (x86)\Microchip\xc8\v2.00\pic\include\pic16f877a.h"
   310                           CVRCON equ 09Dh ;# 
   311  009D                     # 2224 "C:\Program Files (x86)\Microchip\xc8\v2.00\pic\include\pic16f877a.h"
   312                           ADRESL equ 09Eh ;# 
   313  009E                     # 2231 "C:\Program Files (x86)\Microchip\xc8\v2.00\pic\include\pic16f877a.h"
   314                           ADCON1 equ 09Fh ;# 
   315  009F                     # 2290 "C:\Program Files (x86)\Microchip\xc8\v2.00\pic\include\pic16f877a.h"
   316                           EEDATA equ 010Ch ;# 
   317  010C                     # 2297 "C:\Program Files (x86)\Microchip\xc8\v2.00\pic\include\pic16f877a.h"
   318                           EEADR equ 010Dh ;# 
   319  010D                     # 2304 "C:\Program Files (x86)\Microchip\xc8\v2.00\pic\include\pic16f877a.h"
   320                           EEDATH equ 010Eh ;# 
   321  010E                     # 2311 "C:\Program Files (x86)\Microchip\xc8\v2.00\pic\include\pic16f877a.h"
   322                           EEADRH equ 010Fh ;# 
   323  010F                     # 2318 "C:\Program Files (x86)\Microchip\xc8\v2.00\pic\include\pic16f877a.h"
   324                           EECON1 equ 018Ch ;# 
   325  018C                     # 2363 "C:\Program Files (x86)\Microchip\xc8\v2.00\pic\include\pic16f877a.h"
   326                           EECON2 equ 018Dh ;# 
   327  018D                     # 54 "C:\Program Files (x86)\Microchip\xc8\v2.00\pic\include\pic16f877a.h"
   328                           INDF equ 00h ;# 
   329  0000                     # 61 "C:\Program Files (x86)\Microchip\xc8\v2.00\pic\include\pic16f877a.h"
   330                           TMR0 equ 01h ;# 
   331  0001                     # 68 "C:\Program Files (x86)\Microchip\xc8\v2.00\pic\include\pic16f877a.h"
   332                           PCL equ 02h ;# 
   333  0002                     # 75 "C:\Program Files (x86)\Microchip\xc8\v2.00\pic\include\pic16f877a.h"
   334                           STATUS equ 03h ;# 
   335  0003                     # 161 "C:\Program Files (x86)\Microchip\xc8\v2.00\pic\include\pic16f877a.h"
   336                           FSR equ 04h ;# 
   337  0004                     # 168 "C:\Program Files (x86)\Microchip\xc8\v2.00\pic\include\pic16f877a.h"
   338                           PORTA equ 05h ;# 
   339  0005                     # 218 "C:\Program Files (x86)\Microchip\xc8\v2.00\pic\include\pic16f877a.h"
   340                           PORTB equ 06h ;# 
   341  0006                     # 280 "C:\Program Files (x86)\Microchip\xc8\v2.00\pic\include\pic16f877a.h"
   342                           PORTC equ 07h ;# 
   343  0007                     # 342 "C:\Program Files (x86)\Microchip\xc8\v2.00\pic\include\pic16f877a.h"
   344                           PORTD equ 08h ;# 
   345  0008                     # 404 "C:\Program Files (x86)\Microchip\xc8\v2.00\pic\include\pic16f877a.h"
   346                           PORTE equ 09h ;# 
   347  0009                     # 436 "C:\Program Files (x86)\Microchip\xc8\v2.00\pic\include\pic16f877a.h"
   348                           PCLATH equ 0Ah ;# 
   349  000A                     # 456 "C:\Program Files (x86)\Microchip\xc8\v2.00\pic\include\pic16f877a.h"
   350                           INTCON equ 0Bh ;# 
   351  000B                     # 534 "C:\Program Files (x86)\Microchip\xc8\v2.00\pic\include\pic16f877a.h"
   352                           PIR1 equ 0Ch ;# 
   353  000C                     # 596 "C:\Program Files (x86)\Microchip\xc8\v2.00\pic\include\pic16f877a.h"
   354                           PIR2 equ 0Dh ;# 
   355  000D                     # 636 "C:\Program Files (x86)\Microchip\xc8\v2.00\pic\include\pic16f877a.h"
   356                           TMR1 equ 0Eh ;# 
   357  000E                     # 643 "C:\Program Files (x86)\Microchip\xc8\v2.00\pic\include\pic16f877a.h"
   358                           TMR1L equ 0Eh ;# 
   359  000E                     # 650 "C:\Program Files (x86)\Microchip\xc8\v2.00\pic\include\pic16f877a.h"
   360                           TMR1H equ 0Fh ;# 
   361  000F                     # 657 "C:\Program Files (x86)\Microchip\xc8\v2.00\pic\include\pic16f877a.h"
   362                           T1CON equ 010h ;# 
   363  0010                     # 732 "C:\Program Files (x86)\Microchip\xc8\v2.00\pic\include\pic16f877a.h"
   364                           TMR2 equ 011h ;# 
   365  0011                     # 739 "C:\Program Files (x86)\Microchip\xc8\v2.00\pic\include\pic16f877a.h"
   366                           T2CON equ 012h ;# 
   367  0012                     # 810 "C:\Program Files (x86)\Microchip\xc8\v2.00\pic\include\pic16f877a.h"
   368                           SSPBUF equ 013h ;# 
   369  0013                     # 817 "C:\Program Files (x86)\Microchip\xc8\v2.00\pic\include\pic16f877a.h"
   370                           SSPCON equ 014h ;# 
   371  0014                     # 887 "C:\Program Files (x86)\Microchip\xc8\v2.00\pic\include\pic16f877a.h"
   372                           CCPR1 equ 015h ;# 
   373  0015                     # 894 "C:\Program Files (x86)\Microchip\xc8\v2.00\pic\include\pic16f877a.h"
   374                           CCPR1L equ 015h ;# 
   375  0015                     # 901 "C:\Program Files (x86)\Microchip\xc8\v2.00\pic\include\pic16f877a.h"
   376                           CCPR1H equ 016h ;# 
   377  0016                     # 908 "C:\Program Files (x86)\Microchip\xc8\v2.00\pic\include\pic16f877a.h"
   378                           CCP1CON equ 017h ;# 
   379  0017                     # 966 "C:\Program Files (x86)\Microchip\xc8\v2.00\pic\include\pic16f877a.h"
   380                           RCSTA equ 018h ;# 
   381  0018                     # 1061 "C:\Program Files (x86)\Microchip\xc8\v2.00\pic\include\pic16f877a.h"
   382                           TXREG equ 019h ;# 
   383  0019                     # 1068 "C:\Program Files (x86)\Microchip\xc8\v2.00\pic\include\pic16f877a.h"
   384                           RCREG equ 01Ah ;# 
   385  001A                     # 1075 "C:\Program Files (x86)\Microchip\xc8\v2.00\pic\include\pic16f877a.h"
   386                           CCPR2 equ 01Bh ;# 
   387  001B                     # 1082 "C:\Program Files (x86)\Microchip\xc8\v2.00\pic\include\pic16f877a.h"
   388                           CCPR2L equ 01Bh ;# 
   389  001B                     # 1089 "C:\Program Files (x86)\Microchip\xc8\v2.00\pic\include\pic16f877a.h"
   390                           CCPR2H equ 01Ch ;# 
   391  001C                     # 1096 "C:\Program Files (x86)\Microchip\xc8\v2.00\pic\include\pic16f877a.h"
   392                           CCP2CON equ 01Dh ;# 
   393  001D                     # 1154 "C:\Program Files (x86)\Microchip\xc8\v2.00\pic\include\pic16f877a.h"
   394                           ADRESH equ 01Eh ;# 
   395  001E                     # 1161 "C:\Program Files (x86)\Microchip\xc8\v2.00\pic\include\pic16f877a.h"
   396                           ADCON0 equ 01Fh ;# 
   397  001F                     # 1257 "C:\Program Files (x86)\Microchip\xc8\v2.00\pic\include\pic16f877a.h"
   398                           OPTION_REG equ 081h ;# 
   399  0081                     # 1327 "C:\Program Files (x86)\Microchip\xc8\v2.00\pic\include\pic16f877a.h"
   400                           TRISA equ 085h ;# 
   401  0085                     # 1377 "C:\Program Files (x86)\Microchip\xc8\v2.00\pic\include\pic16f877a.h"
   402                           TRISB equ 086h ;# 
   403  0086                     # 1439 "C:\Program Files (x86)\Microchip\xc8\v2.00\pic\include\pic16f877a.h"
   404                           TRISC equ 087h ;# 
   405  0087                     # 1501 "C:\Program Files (x86)\Microchip\xc8\v2.00\pic\include\pic16f877a.h"
   406                           TRISD equ 088h ;# 
   407  0088                     # 1563 "C:\Program Files (x86)\Microchip\xc8\v2.00\pic\include\pic16f877a.h"
   408                           TRISE equ 089h ;# 
   409  0089                     # 1620 "C:\Program Files (x86)\Microchip\xc8\v2.00\pic\include\pic16f877a.h"
   410                           PIE1 equ 08Ch ;# 
   411  008C                     # 1682 "C:\Program Files (x86)\Microchip\xc8\v2.00\pic\include\pic16f877a.h"
   412                           PIE2 equ 08Dh ;# 
   413  008D                     # 1722 "C:\Program Files (x86)\Microchip\xc8\v2.00\pic\include\pic16f877a.h"
   414                           PCON equ 08Eh ;# 
   415  008E                     # 1756 "C:\Program Files (x86)\Microchip\xc8\v2.00\pic\include\pic16f877a.h"
   416                           SSPCON2 equ 091h ;# 
   417  0091                     # 1818 "C:\Program Files (x86)\Microchip\xc8\v2.00\pic\include\pic16f877a.h"
   418                           PR2 equ 092h ;# 
   419  0092                     # 1825 "C:\Program Files (x86)\Microchip\xc8\v2.00\pic\include\pic16f877a.h"
   420                           SSPADD equ 093h ;# 
   421  0093                     # 1832 "C:\Program Files (x86)\Microchip\xc8\v2.00\pic\include\pic16f877a.h"
   422                           SSPSTAT equ 094h ;# 
   423  0094                     # 2001 "C:\Program Files (x86)\Microchip\xc8\v2.00\pic\include\pic16f877a.h"
   424                           TXSTA equ 098h ;# 
   425  0098                     # 2082 "C:\Program Files (x86)\Microchip\xc8\v2.00\pic\include\pic16f877a.h"
   426                           SPBRG equ 099h ;# 
   427  0099                     # 2089 "C:\Program Files (x86)\Microchip\xc8\v2.00\pic\include\pic16f877a.h"
   428                           CMCON equ 09Ch ;# 
   429  009C                     # 2159 "C:\Program Files (x86)\Microchip\xc8\v2.00\pic\include\pic16f877a.h"
   430                           CVRCON equ 09Dh ;# 
   431  009D                     # 2224 "C:\Program Files (x86)\Microchip\xc8\v2.00\pic\include\pic16f877a.h"
   432                           ADRESL equ 09Eh ;# 
   433  009E                     # 2231 "C:\Program Files (x86)\Microchip\xc8\v2.00\pic\include\pic16f877a.h"
   434                           ADCON1 equ 09Fh ;# 
   435  009F                     # 2290 "C:\Program Files (x86)\Microchip\xc8\v2.00\pic\include\pic16f877a.h"
   436                           EEDATA equ 010Ch ;# 
   437  010C                     # 2297 "C:\Program Files (x86)\Microchip\xc8\v2.00\pic\include\pic16f877a.h"
   438                           EEADR equ 010Dh ;# 
   439  010D                     # 2304 "C:\Program Files (x86)\Microchip\xc8\v2.00\pic\include\pic16f877a.h"
   440                           EEDATH equ 010Eh ;# 
   441  010E                     # 2311 "C:\Program Files (x86)\Microchip\xc8\v2.00\pic\include\pic16f877a.h"
   442                           EEADRH equ 010Fh ;# 
   443  010F                     # 2318 "C:\Program Files (x86)\Microchip\xc8\v2.00\pic\include\pic16f877a.h"
   444                           EECON1 equ 018Ch ;# 
   445  018C                     # 2363 "C:\Program Files (x86)\Microchip\xc8\v2.00\pic\include\pic16f877a.h"
   446                           EECON2 equ 018Dh ;# 
   447  018D                     	FNCALL	_main,_EEPROM_Read_Page
   448                           	FNCALL	_main,_EEPROM_Write_Page
   449                           	FNCALL	_main,_I2C_Master_Init
   450                           	FNCALL	_I2C_Master_Init,___lldiv
   451                           	FNCALL	_EEPROM_Write_Page,_I2C_Master_RepeatedStart
   452                           	FNCALL	_EEPROM_Write_Page,_I2C_Master_Start
   453                           	FNCALL	_EEPROM_Write_Page,_I2C_Master_Stop
   454                           	FNCALL	_EEPROM_Write_Page,_I2C_Master_Write
   455                           	FNCALL	_EEPROM_Read_Page,_I2C_ACK
   456                           	FNCALL	_EEPROM_Read_Page,_I2C_Master_RepeatedStart
   457                           	FNCALL	_EEPROM_Read_Page,_I2C_Master_Start
   458                           	FNCALL	_EEPROM_Read_Page,_I2C_Master_Stop
   459                           	FNCALL	_EEPROM_Read_Page,_I2C_Master_Write
   460                           	FNCALL	_EEPROM_Read_Page,_I2C_Read_Byte
   461                           	FNCALL	_I2C_Read_Byte,_I2C_Master_Wait
   462                           	FNCALL	_I2C_Master_Write,_I2C_Master_Wait
   463                           	FNCALL	_I2C_Master_Stop,_I2C_Master_Wait
   464                           	FNCALL	_I2C_Master_Start,_I2C_Master_Wait
   465                           	FNCALL	_I2C_Master_RepeatedStart,_I2C_Master_Wait
   466                           	FNCALL	_I2C_ACK,_I2C_Master_Wait
   467                           	FNROOT	_main
   468                           	global	main@F876
   469                           psect	idataBANK0,class=CODE,space=0,delta=2,noexec
   470                           global __pidataBANK0
   471                           __pidataBANK0:
   472  058A                     	file	"main.c"
   473                           	line	15
   474                           
   475                           ;initializer for main@F876
   476                           	retlw	05h
   477  058A  3405               	retlw	06h
   478  058B  3406               	retlw	07h
   479  058C  3407               	retlw	08h
   480  058D  3408               	retlw	09h
   481  058E  3409               	global	_SSPBUF
   482                           _SSPBUF	set	0x13
   483  0013                     	global	_SSPCON
   484                           _SSPCON	set	0x14
   485  0014                     	global	_PORTD
   486                           _PORTD	set	0x8
   487  0008                     	global	_SSPIF
   488                           _SSPIF	set	0x63
   489  0063                     	global	_SSPSTAT
   490                           _SSPSTAT	set	0x94
   491  0094                     	global	_SSPADD
   492                           _SSPADD	set	0x93
   493  0093                     	global	_SSPCON2
   494                           _SSPCON2	set	0x91
   495  0091                     	global	_TRISD
   496                           _TRISD	set	0x88
   497  0088                     	global	_ACKEN
   498                           _ACKEN	set	0x48C
   499  048C                     	global	_ACKDT
   500                           _ACKDT	set	0x48D
   501  048D                     	global	_RCEN
   502                           _RCEN	set	0x48B
   503  048B                     	global	_ACKSTAT
   504                           _ACKSTAT	set	0x48E
   505  048E                     	global	_PEN
   506                           _PEN	set	0x48A
   507  048A                     	global	_RSEN
   508                           _RSEN	set	0x489
   509  0489                     	global	_SEN
   510                           _SEN	set	0x488
   511  0488                     	global	_TRISC4
   512                           _TRISC4	set	0x43C
   513  043C                     	global	_TRISC3
   514                           _TRISC3	set	0x43B
   515  043B                     ; #config settings
   516                           global __CFG_FOSC$HS
   517                           __CFG_FOSC$HS equ 0x0
   518  0000                     global __CFG_WDTE$OFF
   519                           __CFG_WDTE$OFF equ 0x0
   520  0000                     global __CFG_PWRTE$OFF
   521                           __CFG_PWRTE$OFF equ 0x0
   522  0000                     global __CFG_BOREN$OFF
   523                           __CFG_BOREN$OFF equ 0x0
   524  0000                     global __CFG_LVP$OFF
   525                           __CFG_LVP$OFF equ 0x0
   526  0000                     global __CFG_CPD$OFF
   527                           __CFG_CPD$OFF equ 0x0
   528  0000                     global __CFG_WRT$OFF
   529                           __CFG_WRT$OFF equ 0x0
   530  0000                     global __CFG_CP$OFF
   531                           __CFG_CP$OFF equ 0x0
   532  0000                     	file	"C:\Users\KHALED~1\AppData\Local\Temp\s6d0."
   533                           	line	#
   534                           psect cinit,class=CODE,delta=2
   535                           global start_initialization
   536                           start_initialization:
   537  07DE                     
   538                           global __initialization
   539                           __initialization:
   540  07DE                     psect	dataBANK0,class=BANK0,space=1,noexec
   541                           global __pdataBANK0
   542                           __pdataBANK0:
   543  0039                     	file	"main.c"
   544                           	line	15
   545                           main@F876:
   546  0039                            ds      5
   547  0039                     
   548                           	file	"C:\Users\KHALED~1\AppData\Local\Temp\s6d0."
   549                           	line	#
   550                           ; Initialize objects allocated to BANK0
   551                           	global __pidataBANK0
   552                           psect cinit,class=CODE,delta=2,merge=1
   553                           	fcall	__pidataBANK0+0		;fetch initializer
   554  07DE  120A  118A  258A  120A  118A  	movwf	__pdataBANK0+0&07fh		
   555  07E3  00B9               	fcall	__pidataBANK0+1		;fetch initializer
   556  07E4  120A  118A  258B  120A  118A  	movwf	__pdataBANK0+1&07fh		
   557  07E9  00BA               	fcall	__pidataBANK0+2		;fetch initializer
   558  07EA  120A  118A  258C  120A  118A  	movwf	__pdataBANK0+2&07fh		
   559  07EF  00BB               	fcall	__pidataBANK0+3		;fetch initializer
   560  07F0  120A  118A  258D  120A  118A  	movwf	__pdataBANK0+3&07fh		
   561  07F5  00BC               	fcall	__pidataBANK0+4		;fetch initializer
   562  07F6  120A  118A  258E  120A  118A  	movwf	__pdataBANK0+4&07fh		
   563  07FB  00BD               psect cinit,class=CODE,delta=2,merge=1
   564                           global end_of_initialization,__end_of__initialization
   565                           
   566                           ;End of C runtime variable initialization code
   567                           
   568                           end_of_initialization:
   569  07FC                     __end_of__initialization:
   570  07FC                     clrf status
   571  07FC  0183               ljmp _main	;jump to C main() function
   572  07FD  120A  118A  2F43   psect	cstackCOMMON,class=COMMON,space=1,noexec
   573                           global __pcstackCOMMON
   574                           __pcstackCOMMON:
   575  0070                     ?_main:	; 1 bytes @ 0x0
   576  0070                     ?_I2C_Master_Wait:	; 1 bytes @ 0x0
   577  0070                     ??_I2C_Master_Wait:	; 1 bytes @ 0x0
   578  0070                     ?_I2C_Master_Start:	; 1 bytes @ 0x0
   579  0070                     ??_I2C_Master_Start:	; 1 bytes @ 0x0
   580  0070                     ?_I2C_Master_RepeatedStart:	; 1 bytes @ 0x0
   581  0070                     ??_I2C_Master_RepeatedStart:	; 1 bytes @ 0x0
   582  0070                     ?_I2C_Master_Stop:	; 1 bytes @ 0x0
   583  0070                     ??_I2C_Master_Stop:	; 1 bytes @ 0x0
   584  0070                     ?_I2C_Master_Write:	; 1 bytes @ 0x0
   585  0070                     ??_I2C_Master_Write:	; 1 bytes @ 0x0
   586  0070                     ?_I2C_Read_Byte:	; 1 bytes @ 0x0
   587  0070                     ??_I2C_Read_Byte:	; 1 bytes @ 0x0
   588  0070                     ?_I2C_ACK:	; 1 bytes @ 0x0
   589  0070                     ??_I2C_ACK:	; 1 bytes @ 0x0
   590  0070                     	global	?___lldiv
   591                           ?___lldiv:	; 4 bytes @ 0x0
   592  0070                     	global	I2C_Master_Write@data
   593                           I2C_Master_Write@data:	; 1 bytes @ 0x0
   594  0070                     	global	___lldiv@divisor
   595                           ___lldiv@divisor:	; 4 bytes @ 0x0
   596  0070                     	ds	1
   597  0070                     ?_EEPROM_Write_Page:	; 1 bytes @ 0x1
   598  0071                     ?_EEPROM_Read_Page:	; 1 bytes @ 0x1
   599  0071                     	global	EEPROM_Write_Page@add
   600                           EEPROM_Write_Page@add:	; 2 bytes @ 0x1
   601  0071                     	global	EEPROM_Read_Page@add
   602                           EEPROM_Read_Page@add:	; 2 bytes @ 0x1
   603  0071                     	ds	2
   604  0071                     	global	EEPROM_Write_Page@data
   605                           EEPROM_Write_Page@data:	; 1 bytes @ 0x3
   606  0073                     	global	EEPROM_Read_Page@data
   607                           EEPROM_Read_Page@data:	; 1 bytes @ 0x3
   608  0073                     	ds	1
   609  0073                     	global	EEPROM_Write_Page@len
   610                           EEPROM_Write_Page@len:	; 1 bytes @ 0x4
   611  0074                     	global	EEPROM_Read_Page@len
   612                           EEPROM_Read_Page@len:	; 2 bytes @ 0x4
   613  0074                     	global	___lldiv@dividend
   614                           ___lldiv@dividend:	; 4 bytes @ 0x4
   615  0074                     	ds	1
   616  0074                     ??_EEPROM_Write_Page:	; 1 bytes @ 0x5
   617  0075                     	ds	1
   618  0075                     ??_EEPROM_Read_Page:	; 1 bytes @ 0x6
   619  0076                     	ds	1
   620  0076                     	global	EEPROM_Write_Page@i
   621                           EEPROM_Write_Page@i:	; 2 bytes @ 0x7
   622  0077                     	ds	1
   623  0077                     ??___lldiv:	; 1 bytes @ 0x8
   624  0078                     	global	EEPROM_Read_Page@i
   625                           EEPROM_Read_Page@i:	; 2 bytes @ 0x8
   626  0078                     	ds	1
   627  0078                     	global	___lldiv@quotient
   628                           ___lldiv@quotient:	; 4 bytes @ 0x9
   629  0079                     	ds	4
   630  0079                     	global	___lldiv@counter
   631                           ___lldiv@counter:	; 1 bytes @ 0xD
   632  007D                     	ds	1
   633  007D                     psect	cstackBANK0,class=BANK0,space=1,noexec
   634                           global __pcstackBANK0
   635                           __pcstackBANK0:
   636  0020                     ?_I2C_Master_Init:	; 1 bytes @ 0x0
   637  0020                     	global	I2C_Master_Init@baud
   638                           I2C_Master_Init@baud:	; 4 bytes @ 0x0
   639  0020                     	ds	4
   640  0020                     ??_I2C_Master_Init:	; 1 bytes @ 0x4
   641  0024                     	ds	4
   642  0024                     ??_main:	; 1 bytes @ 0x8
   643  0028                     	ds	3
   644  0028                     	global	main@Buffer
   645                           main@Buffer:	; 5 bytes @ 0xB
   646  002B                     	ds	5
   647  002B                     	global	main@ReadBuffer
   648                           main@ReadBuffer:	; 5 bytes @ 0x10
   649  0030                     	ds	5
   650  0030                     	global	main@Address
   651                           main@Address:	; 2 bytes @ 0x15
   652  0035                     	ds	2
   653  0035                     	global	main@i
   654                           main@i:	; 2 bytes @ 0x17
   655  0037                     	ds	2
   656  0037                     ;!
   657                           ;!Data Sizes:
   658                           ;!    Strings     0
   659                           ;!    Constant    0
   660                           ;!    Data        5
   661                           ;!    BSS         0
   662                           ;!    Persistent  0
   663                           ;!    Stack       0
   664                           ;!
   665                           ;!Auto Spaces:
   666                           ;!    Space          Size  Autos    Used
   667                           ;!    COMMON           14     14      14
   668                           ;!    BANK0            80     25      30
   669                           ;!    BANK1            80      0       0
   670                           ;!    BANK3            96      0       0
   671                           ;!    BANK2            96      0       0
   672                           
   673                           ;!
   674                           ;!Pointer List with Targets:
   675                           ;!
   676                           ;!    EEPROM_Read_Page@data	PTR unsigned char  size(1) Largest target is 5
   677                           ;!		 -> main@ReadBuffer(BANK0[5]), 
   678                           ;!
   679                           ;!    EEPROM_Write_Page@data	PTR unsigned char  size(1) Largest target is 5
   680                           ;!		 -> main@Buffer(BANK0[5]), 
   681                           ;!
   682                           
   683                           
   684                           ;!
   685                           ;!Critical Paths under _main in COMMON
   686                           ;!
   687                           ;!    _I2C_Master_Init->___lldiv
   688                           ;!    _EEPROM_Write_Page->_I2C_Master_Write
   689                           ;!    _EEPROM_Read_Page->_I2C_Master_Write
   690                           ;!
   691                           ;!Critical Paths under _main in BANK0
   692                           ;!
   693                           ;!    _main->_I2C_Master_Init
   694                           ;!
   695                           ;!Critical Paths under _main in BANK1
   696                           ;!
   697                           ;!    None.
   698                           ;!
   699                           ;!Critical Paths under _main in BANK3
   700                           ;!
   701                           ;!    None.
   702                           ;!
   703                           ;!Critical Paths under _main in BANK2
   704                           ;!
   705                           ;!    None.
   706                           
   707 ;;
   708 ;;Main: autosize = 0, tempsize = 3, incstack = 0, save=0
   709 ;;
   710                           
   711                           ;!
   712                           ;!Call Graph Tables:
   713                           ;!
   714                           ;! ---------------------------------------------------------------------------------
   715                           ;! (Depth) Function   	        Calls       Base Space   Used Autos Params    Refs
   716                           ;! ---------------------------------------------------------------------------------
   717                           ;! (0) _main                                                17    17      0    1364
   718                           ;!                                              8 BANK0     17    17      0
   719                           ;!                   _EEPROM_Read_Page
   720                           ;!                  _EEPROM_Write_Page
   721                           ;!                    _I2C_Master_Init
   722                           ;! ---------------------------------------------------------------------------------
   723                           ;! (1) _I2C_Master_Init                                      8     4      4     412
   724                           ;!                                              0 BANK0      8     4      4
   725                           ;!                            ___lldiv
   726                           ;! ---------------------------------------------------------------------------------
   727                           ;! (2) ___lldiv                                             14     6      8     314
   728                           ;!                                              0 COMMON    14     6      8
   729                           ;! ---------------------------------------------------------------------------------
   730                           ;! (1) _EEPROM_Write_Page                                    8     4      4     384
   731                           ;!                                              1 COMMON     8     4      4
   732                           ;!           _I2C_Master_RepeatedStart
   733                           ;!                   _I2C_Master_Start
   734                           ;!                    _I2C_Master_Stop
   735                           ;!                   _I2C_Master_Write
   736                           ;! ---------------------------------------------------------------------------------
   737                           ;! (1) _EEPROM_Read_Page                                     9     4      5     384
   738                           ;!                                              1 COMMON     9     4      5
   739                           ;!                            _I2C_ACK
   740                           ;!           _I2C_Master_RepeatedStart
   741                           ;!                   _I2C_Master_Start
   742                           ;!                    _I2C_Master_Stop
   743                           ;!                   _I2C_Master_Write
   744                           ;!                      _I2C_Read_Byte
   745                           ;! ---------------------------------------------------------------------------------
   746                           ;! (2) _I2C_Read_Byte                                        0     0      0       0
   747                           ;!                    _I2C_Master_Wait
   748                           ;! ---------------------------------------------------------------------------------
   749                           ;! (2) _I2C_Master_Write                                     1     1      0      22
   750                           ;!                                              0 COMMON     1     1      0
   751                           ;!                    _I2C_Master_Wait
   752                           ;! ---------------------------------------------------------------------------------
   753                           ;! (2) _I2C_Master_Stop                                      0     0      0       0
   754                           ;!                    _I2C_Master_Wait
   755                           ;! ---------------------------------------------------------------------------------
   756                           ;! (2) _I2C_Master_Start                                     0     0      0       0
   757                           ;!                    _I2C_Master_Wait
   758                           ;! ---------------------------------------------------------------------------------
   759                           ;! (2) _I2C_Master_RepeatedStart                             0     0      0       0
   760                           ;!                    _I2C_Master_Wait
   761                           ;! ---------------------------------------------------------------------------------
   762                           ;! (2) _I2C_ACK                                              0     0      0       0
   763                           ;!                    _I2C_Master_Wait
   764                           ;! ---------------------------------------------------------------------------------
   765                           ;! (3) _I2C_Master_Wait                                      0     0      0       0
   766                           ;! ---------------------------------------------------------------------------------
   767                           ;! Estimated maximum stack depth 3
   768                           ;! ---------------------------------------------------------------------------------
   769                           ;!
   770                           ;! Call Graph Graphs:
   771                           ;!
   772                           ;! _main (ROOT)
   773                           ;!   _EEPROM_Read_Page
   774                           ;!     _I2C_ACK
   775                           ;!       _I2C_Master_Wait
   776                           ;!     _I2C_Master_RepeatedStart
   777                           ;!       _I2C_Master_Wait
   778                           ;!     _I2C_Master_Start
   779                           ;!       _I2C_Master_Wait
   780                           ;!     _I2C_Master_Stop
   781                           ;!       _I2C_Master_Wait
   782                           ;!     _I2C_Master_Write
   783                           ;!       _I2C_Master_Wait
   784                           ;!     _I2C_Read_Byte
   785                           ;!       _I2C_Master_Wait
   786                           ;!   _EEPROM_Write_Page
   787                           ;!     _I2C_Master_RepeatedStart
   788                           ;!       _I2C_Master_Wait
   789                           ;!     _I2C_Master_Start
   790                           ;!       _I2C_Master_Wait
   791                           ;!     _I2C_Master_Stop
   792                           ;!       _I2C_Master_Wait
   793                           ;!     _I2C_Master_Write
   794                           ;!       _I2C_Master_Wait
   795                           ;!   _I2C_Master_Init
   796                           ;!     ___lldiv
   797                           ;!
   798                           
   799                           ;! Address spaces:
   800                           
   801                           ;!Name               Size   Autos  Total    Cost      Usage
   802                           ;!BANK3               60      0       0       9        0.0%
   803                           ;!BITBANK3            60      0       0       8        0.0%
   804                           ;!SFR3                 0      0       0       4        0.0%
   805                           ;!BITSFR3              0      0       0       4        0.0%
   806                           ;!BANK2               60      0       0      11        0.0%
   807                           ;!BITBANK2            60      0       0      10        0.0%
   808                           ;!SFR2                 0      0       0       5        0.0%
   809                           ;!BITSFR2              0      0       0       5        0.0%
   810                           ;!BANK1               50      0       0       7        0.0%
   811                           ;!BITBANK1            50      0       0       6        0.0%
   812                           ;!SFR1                 0      0       0       2        0.0%
   813                           ;!BITSFR1              0      0       0       2        0.0%
   814                           ;!BANK0               50     19      1E       5       37.5%
   815                           ;!BITBANK0            50      0       0       4        0.0%
   816                           ;!SFR0                 0      0       0       1        0.0%
   817                           ;!BITSFR0              0      0       0       1        0.0%
   818                           ;!COMMON               E      E       E       1      100.0%
   819                           ;!BITCOMMON            E      0       0       0        0.0%
   820                           ;!CODE                 0      0       0       0        0.0%
   821                           ;!DATA                 0      0      2C      12        0.0%
   822                           ;!ABS                  0      0      2C       3        0.0%
   823                           ;!NULL                 0      0       0       0        0.0%
   824                           ;!STACK                0      0       0       2        0.0%
   825                           ;!EEDATA             100      0       0       0        0.0%
   826                           
   827                           	global	_main
   828                           
   829 ;; *************** function _main *****************
   830 ;; Defined at:
   831 ;;		line 12 in file "main.c"
   832 ;; Parameters:    Size  Location     Type
   833 ;;		None
   834 ;; Auto vars:     Size  Location     Type
   835 ;;  i               2   23[BANK0 ] int 
   836 ;;  ReadBuffer      5   16[BANK0 ] unsigned char [5]
   837 ;;  Buffer          5   11[BANK0 ] unsigned char [5]
   838 ;;  Address         2   21[BANK0 ] unsigned int 
   839 ;; Return value:  Size  Location     Type
   840 ;;                  1    wreg      void 
   841 ;; Registers used:
   842 ;;		wreg, fsr0l, fsr0h, status,2, status,0, btemp+1, pclath, cstack
   843 ;; Tracked objects:
   844 ;;		On entry : B00/0
   845 ;;		On exit  : 0/0
   846 ;;		Unchanged: 0/0
   847 ;; Data sizes:     COMMON   BANK0   BANK1   BANK3   BANK2
   848 ;;      Params:         0       0       0       0       0
   849 ;;      Locals:         0      14       0       0       0
   850 ;;      Temps:          0       3       0       0       0
   851 ;;      Totals:         0      17       0       0       0
   852 ;;Total ram usage:       17 bytes
   853 ;; Hardware stack levels required when called:    3
   854 ;; This function calls:
   855 ;;		_EEPROM_Read_Page
   856 ;;		_EEPROM_Write_Page
   857 ;;		_I2C_Master_Init
   858 ;; This function is called by:
   859 ;;		Startup code after reset
   860 ;; This function uses a non-reentrant model
   861 ;;
   862                           psect	maintext,global,class=CODE,delta=2,split=1,group=0
   863                           	file	"main.c"
   864                           	line	12
   865                           global __pmaintext
   866                           __pmaintext:	;psect for function _main
   867  0743                     psect	maintext
   868                           	file	"main.c"
   869                           	line	12
   870                           	global	__size_of_main
   871                           	__size_of_main	equ	__end_of_main-_main
   872  009B                     	
   873                           _main:	
   874  0743                     ;incstack = 0
   875                           	opt	stack 5
   876                           ; Regs used in _main: [wreg-fsr0h+status,2+status,0+btemp+1+pclath+cstack]
   877                           	line	14
   878                           	
   879                           l967:	
   880  0743                     ;main.c: 14:     I2C_Master_Init(100000);
   881                           	movlw	0
   882  0743  3000               	bcf	status, 5	;RP0=0, select bank0
   883  0744  1283               	bcf	status, 6	;RP1=0, select bank0
   884  0745  1303               	movwf	(I2C_Master_Init@baud+3)
   885  0746  00A3               	movlw	01h
   886  0747  3001               	movwf	(I2C_Master_Init@baud+2)
   887  0748  00A2               	movlw	086h
   888  0749  3086               	movwf	(I2C_Master_Init@baud+1)
   889  074A  00A1               	movlw	0A0h
   890  074B  30A0               	movwf	(I2C_Master_Init@baud)
   891  074C  00A0               
   892                           	fcall	_I2C_Master_Init
   893  074D  120A  118A  25F5  120A  118A  	line	15
   894                           	
   895                           l969:	
   896  0752                     ;main.c: 15:     unsigned int Address = 0x0020;
   897                           	movlw	020h
   898  0752  3020               	bcf	status, 5	;RP0=0, select bank0
   899  0753  1283               	bcf	status, 6	;RP1=0, select bank0
   900  0754  1303               	movwf	(main@Address)
   901  0755  00B5               	movlw	0
   902  0756  3000               	movwf	((main@Address))+1
   903  0757  00B6               	line	17
   904                           	
   905                           l971:	
   906  0758                     ;main.c: 17:     unsigned char Buffer[5] = {0x05, 0x06, 0x07, 0x08, 0x09};
   907                           	movlw	(main@Buffer)&0ffh
   908  0758  302B               	movwf	fsr0
   909  0759  0084               	movf	(main@F876),w
   910  075A  0839               	bcf	status, 7	;select IRP bank0
   911  075B  1383               	movwf	indf
   912  075C  0080               	incf	fsr0,f
   913  075D  0A84               	movf	(main@F876)+1,w
   914  075E  083A               	movwf	indf
   915  075F  0080               	incf	fsr0,f
   916  0760  0A84               	movf	(main@F876)+2,w
   917  0761  083B               	movwf	indf
   918  0762  0080               	incf	fsr0,f
   919  0763  0A84               	movf	(main@F876)+3,w
   920  0764  083C               	movwf	indf
   921  0765  0080               	incf	fsr0,f
   922  0766  0A84               	movf	(main@F876)+4,w
   923  0767  083D               	movwf	indf
   924  0768  0080               	line	21
   925                           	
   926                           l973:	
   927  0769                     ;main.c: 18:     unsigned char ReadBuffer[5];;main.c: 21:     EEPROM_Write_Page(Address,
                                  Buffer, 5);
   928                           	movf	(main@Address+1),w
   929  0769  0836               	movwf	(EEPROM_Write_Page@add+1)
   930  076A  00F2               	movf	(main@Address),w
   931  076B  0835               	movwf	(EEPROM_Write_Page@add)
   932  076C  00F1               	movlw	(low(main@Buffer|((0x0)<<8)))&0ffh
   933  076D  302B               	movwf	(??_main+0)+0
   934  076E  00A8               	movf	(??_main+0)+0,w
   935  076F  0828               	movwf	(EEPROM_Write_Page@data)
   936  0770  00F3               	movlw	low(05h)
   937  0771  3005               	movwf	(??_main+1)+0
   938  0772  00A9               	movf	(??_main+1)+0,w
   939  0773  0829               	movwf	(EEPROM_Write_Page@len)
   940  0774  00F4               	fcall	_EEPROM_Write_Page
   941  0775  120A  118A  262D  120A  118A  	line	22
   942                           	
   943                           l975:	
   944  077A                     ;main.c: 22:     _delay((unsigned long)((10)*(16000000/4000.0)));
   945                           	opt asmopt_push
   946                           opt asmopt_off
   947                           movlw	52
   948  077A  3034               	bcf	status, 5	;RP0=0, select bank0
   949  077B  1283               	bcf	status, 6	;RP1=0, select bank0
   950  077C  1303               movwf	((??_main+0)+0+1),f
   951  077D  00A9               	movlw	241
   952  077E  30F1               movwf	((??_main+0)+0),f
   953  077F  00A8               	u417:
   954  0780                     decfsz	((??_main+0)+0),f
   955  0780  0BA8               	goto	u417
   956  0781  2F80               	decfsz	((??_main+0)+0+1),f
   957  0782  0BA9               	goto	u417
   958  0783  2F80               opt asmopt_pop
   959                           
   960                           	line	25
   961                           	
   962                           l977:	
   963  0784                     ;main.c: 25:     TRISD = 0x00;
   964                           	bsf	status, 5	;RP0=1, select bank1
   965  0784  1683               	bcf	status, 6	;RP1=0, select bank1
   966  0785  1303               	clrf	(136)^080h	;volatile
   967  0786  0188               	line	26
   968                           	
   969                           l979:	
   970  0787                     ;main.c: 26:     EEPROM_Read_Page(Address, ReadBuffer, 5);
   971                           	bcf	status, 5	;RP0=0, select bank0
   972  0787  1283               	bcf	status, 6	;RP1=0, select bank0
   973  0788  1303               	movf	(main@Address+1),w
   974  0789  0836               	movwf	(EEPROM_Read_Page@add+1)
   975  078A  00F2               	movf	(main@Address),w
   976  078B  0835               	movwf	(EEPROM_Read_Page@add)
   977  078C  00F1               	movlw	(low(main@ReadBuffer|((0x0)<<8)))&0ffh
   978  078D  3030               	movwf	(??_main+0)+0
   979  078E  00A8               	movf	(??_main+0)+0,w
   980  078F  0828               	movwf	(EEPROM_Read_Page@data)
   981  0790  00F3               	movlw	05h
   982  0791  3005               	movwf	(EEPROM_Read_Page@len)
   983  0792  00F4               	movlw	0
   984  0793  3000               	movwf	((EEPROM_Read_Page@len))+1
   985  0794  00F5               	fcall	_EEPROM_Read_Page
   986  0795  120A  118A  267A  120A  118A  	line	27
   987                           	
   988                           l981:	
   989  079A                     ;main.c: 27:     for(int i=0; i<5; i++)
   990                           	bcf	status, 5	;RP0=0, select bank0
   991  079A  1283               	bcf	status, 6	;RP1=0, select bank0
   992  079B  1303               	clrf	(main@i)
   993  079C  01B7               	clrf	(main@i+1)
   994  079D  01B8               	
   995                           l983:	
   996  079E                     	movf	(main@i+1),w
   997  079E  0838               	xorlw	80h
   998  079F  3A80               	movwf	btemp+1
   999  07A0  00FF               	movlw	(0)^80h
  1000  07A1  3080               	subwf	btemp+1,w
  1001  07A2  027F               	skipz
  1002  07A3  1D03               	goto	u375
  1003  07A4  2FA7               	movlw	05h
  1004  07A5  3005               	subwf	(main@i),w
  1005  07A6  0237               u375:
  1006  07A7                     
  1007                           	skipc
  1008  07A7  1C03               	goto	u371
  1009  07A8  2FAA               	goto	u370
  1010  07A9  2FAB               u371:
  1011  07AA                     	goto	l987
  1012  07AA  2FAD               u370:
  1013  07AB                     	goto	l21
  1014  07AB  2FDA               	
  1015                           l985:	
  1016  07AC                     	goto	l21
  1017  07AC  2FDA               	
  1018                           l19:	
  1019  07AD                     	line	29
  1020                           	
  1021                           l987:	
  1022  07AD                     ;main.c: 28:     {;main.c: 29:         PORTD = ReadBuffer[i];
  1023                           	bcf	status, 5	;RP0=0, select bank0
  1024  07AD  1283               	bcf	status, 6	;RP1=0, select bank0
  1025  07AE  1303               	movf	(main@i),w
  1026  07AF  0837               	addlw	low(main@ReadBuffer|((0x0)<<8))&0ffh
  1027  07B0  3E30               	movwf	fsr0
  1028  07B1  0084               	bcf	status, 7	;select IRP bank0
  1029  07B2  1383               	movf	indf,w
  1030  07B3  0800               	movwf	(8)	;volatile
  1031  07B4  0088               	line	30
  1032                           	
  1033                           l989:	
  1034  07B5                     ;main.c: 30:         _delay((unsigned long)((1000)*(16000000/4000.0)));
  1035                           	opt asmopt_push
  1036                           opt asmopt_off
  1037                           movlw  21
  1038  07B5  3015               	bcf	status, 5	;RP0=0, select bank0
  1039  07B6  1283               	bcf	status, 6	;RP1=0, select bank0
  1040  07B7  1303               movwf	((??_main+0)+0+2),f
  1041  07B8  00AA               movlw	75
  1042  07B9  304B               movwf	((??_main+0)+0+1),f
  1043  07BA  00A9               	movlw	189
  1044  07BB  30BD               movwf	((??_main+0)+0),f
  1045  07BC  00A8               	u427:
  1046  07BD                     decfsz	((??_main+0)+0),f
  1047  07BD  0BA8               	goto	u427
  1048  07BE  2FBD               	decfsz	((??_main+0)+0+1),f
  1049  07BF  0BA9               	goto	u427
  1050  07C0  2FBD               	decfsz	((??_main+0)+0+2),f
  1051  07C1  0BAA               	goto	u427
  1052  07C2  2FBD               	nop2
  1053  07C3  2FC4               opt asmopt_pop
  1054                           
  1055                           	line	31
  1056                           	
  1057                           l991:	
  1058  07C4                     ;main.c: 31:     }
  1059                           	movlw	01h
  1060  07C4  3001               	bcf	status, 5	;RP0=0, select bank0
  1061  07C5  1283               	bcf	status, 6	;RP1=0, select bank0
  1062  07C6  1303               	addwf	(main@i),f
  1063  07C7  07B7               	skipnc
  1064  07C8  1803               	incf	(main@i+1),f
  1065  07C9  0AB8               	movlw	0
  1066  07CA  3000               	addwf	(main@i+1),f
  1067  07CB  07B8               	
  1068                           l993:	
  1069  07CC                     	movf	(main@i+1),w
  1070  07CC  0838               	xorlw	80h
  1071  07CD  3A80               	movwf	btemp+1
  1072  07CE  00FF               	movlw	(0)^80h
  1073  07CF  3080               	subwf	btemp+1,w
  1074  07D0  027F               	skipz
  1075  07D1  1D03               	goto	u385
  1076  07D2  2FD5               	movlw	05h
  1077  07D3  3005               	subwf	(main@i),w
  1078  07D4  0237               u385:
  1079  07D5                     
  1080                           	skipc
  1081  07D5  1C03               	goto	u381
  1082  07D6  2FD8               	goto	u380
  1083  07D7  2FD9               u381:
  1084  07D8                     	goto	l987
  1085  07D8  2FAD               u380:
  1086  07D9                     	goto	l21
  1087  07D9  2FDA               	
  1088                           l20:	
  1089  07DA                     	line	33
  1090                           ;main.c: 33:     while(1)
  1091                           	
  1092                           l21:	
  1093  07DA                     	line	36
  1094                           ;main.c: 34:     {;main.c: 36:     }
  1095                           	
  1096                           l22:	
  1097  07DA                     	goto	l21
  1098  07DA  2FDA               	
  1099                           l23:	
  1100  07DB                     	line	38
  1101                           ;main.c: 37:     return;
  1102                           	
  1103                           l24:	
  1104  07DB                     	global	start
  1105                           	ljmp	start
  1106  07DB  120A  118A  2800   	opt stack 0
  1107                           GLOBAL	__end_of_main
  1108                           	__end_of_main:
  1109  07DE                     	signat	_main,89
  1110                           	global	_I2C_Master_Init
  1111                           
  1112 ;; *************** function _I2C_Master_Init *****************
  1113 ;; Defined at:
  1114 ;;		line 9 in file "I2C_EEPROM.c"
  1115 ;; Parameters:    Size  Location     Type
  1116 ;;  baud            4    0[BANK0 ] const unsigned long 
  1117 ;; Auto vars:     Size  Location     Type
  1118 ;;		None
  1119 ;; Return value:  Size  Location     Type
  1120 ;;                  1    wreg      void 
  1121 ;; Registers used:
  1122 ;;		wreg, status,2, status,0, pclath, cstack
  1123 ;; Tracked objects:
  1124 ;;		On entry : 0/0
  1125 ;;		On exit  : 0/0
  1126 ;;		Unchanged: 0/0
  1127 ;; Data sizes:     COMMON   BANK0   BANK1   BANK3   BANK2
  1128 ;;      Params:         0       4       0       0       0
  1129 ;;      Locals:         0       0       0       0       0
  1130 ;;      Temps:          0       4       0       0       0
  1131 ;;      Totals:         0       8       0       0       0
  1132 ;;Total ram usage:        8 bytes
  1133 ;; Hardware stack levels used:    1
  1134 ;; Hardware stack levels required when called:    1
  1135 ;; This function calls:
  1136 ;;		___lldiv
  1137 ;; This function is called by:
  1138 ;;		_main
  1139 ;; This function uses a non-reentrant model
  1140 ;;
  1141                           psect	text1,local,class=CODE,delta=2,merge=1,group=0
  1142                           	file	"I2C_EEPROM.c"
  1143                           	line	9
  1144                           global __ptext1
  1145                           __ptext1:	;psect for function _I2C_Master_Init
  1146  05F5                     psect	text1
  1147                           	file	"I2C_EEPROM.c"
  1148                           	line	9
  1149                           	global	__size_of_I2C_Master_Init
  1150                           	__size_of_I2C_Master_Init	equ	__end_of_I2C_Master_Init-_I2C_Master_Init
  1151  0038                     	
  1152                           _I2C_Master_Init:	
  1153  05F5                     ;incstack = 0
  1154                           	opt	stack 6
  1155                           ; Regs used in _I2C_Master_Init: [wreg+status,2+status,0+pclath+cstack]
  1156                           	line	11
  1157                           	
  1158                           l915:	
  1159  05F5                     ;I2C_EEPROM.c: 9: void I2C_Master_Init(const unsigned long baud);I2C_EEPROM.c: 10: {;I2C
                                 _EEPROM.c: 11:     SSPCON = 0b00101000;
  1160                           	movlw	low(028h)
  1161  05F5  3028               	bcf	status, 5	;RP0=0, select bank0
  1162  05F6  1283               	bcf	status, 6	;RP1=0, select bank0
  1163  05F7  1303               	movwf	(20)	;volatile
  1164  05F8  0094               	line	12
  1165                           	
  1166                           l917:	
  1167  05F9                     ;I2C_EEPROM.c: 12:     SSPCON2 = 0;
  1168                           	bsf	status, 5	;RP0=1, select bank1
  1169  05F9  1683               	bcf	status, 6	;RP1=0, select bank1
  1170  05FA  1303               	clrf	(145)^080h	;volatile
  1171  05FB  0191               	line	13
  1172                           	
  1173                           l919:	
  1174  05FC                     ;I2C_EEPROM.c: 13:     SSPADD = (16000000/(4*baud))-1;
  1175                           	bcf	status, 5	;RP0=0, select bank0
  1176  05FC  1283               	bcf	status, 6	;RP1=0, select bank0
  1177  05FD  1303               	movf	(I2C_Master_Init@baud),w
  1178  05FE  0820               	movwf	(??_I2C_Master_Init+0)+0
  1179  05FF  00A4               	movf	(I2C_Master_Init@baud+1),w
  1180  0600  0821               	movwf	((??_I2C_Master_Init+0)+0+1)
  1181  0601  00A5               	movf	(I2C_Master_Init@baud+2),w
  1182  0602  0822               	movwf	((??_I2C_Master_Init+0)+0+2)
  1183  0603  00A6               	movf	(I2C_Master_Init@baud+3),w
  1184  0604  0823               	movwf	((??_I2C_Master_Init+0)+0+3)
  1185  0605  00A7               	movlw	02h
  1186  0606  3002               u325:
  1187  0607                     	clrc
  1188  0607  1003               	rlf	(??_I2C_Master_Init+0)+0,f
  1189  0608  0DA4               	rlf	(??_I2C_Master_Init+0)+1,f
  1190  0609  0DA5               	rlf	(??_I2C_Master_Init+0)+2,f
  1191  060A  0DA6               	rlf	(??_I2C_Master_Init+0)+3,f
  1192  060B  0DA7               u320:
  1193  060C                     	addlw	-1
  1194  060C  3EFF               	skipz
  1195  060D  1D03               	goto	u325
  1196  060E  2E07               	movf	3+(??_I2C_Master_Init+0)+0,w
  1197  060F  0827               	movwf	(___lldiv@divisor+3)
  1198  0610  00F3               	movf	2+(??_I2C_Master_Init+0)+0,w
  1199  0611  0826               	movwf	(___lldiv@divisor+2)
  1200  0612  00F2               	movf	1+(??_I2C_Master_Init+0)+0,w
  1201  0613  0825               	movwf	(___lldiv@divisor+1)
  1202  0614  00F1               	movf	0+(??_I2C_Master_Init+0)+0,w
  1203  0615  0824               	movwf	(___lldiv@divisor)
  1204  0616  00F0               
  1205                           	movlw	0
  1206  0617  3000               	movwf	(___lldiv@dividend+3)
  1207  0618  00F7               	movlw	0F4h
  1208  0619  30F4               	movwf	(___lldiv@dividend+2)
  1209  061A  00F6               	movlw	024h
  1210  061B  3024               	movwf	(___lldiv@dividend+1)
  1211  061C  00F5               	movlw	0
  1212  061D  3000               	movwf	(___lldiv@dividend)
  1213  061E  00F4               
  1214                           	fcall	___lldiv
  1215  061F  120A  118A  26D6  120A  118A  	movf	(0+(?___lldiv)),w
  1216  0624  0870               	addlw	0FFh
  1217  0625  3EFF               	bsf	status, 5	;RP0=1, select bank1
  1218  0626  1683               	bcf	status, 6	;RP1=0, select bank1
  1219  0627  1303               	movwf	(147)^080h	;volatile
  1220  0628  0093               	line	14
  1221                           	
  1222                           l921:	
  1223  0629                     ;I2C_EEPROM.c: 14:     SSPSTAT = 0;
  1224                           	clrf	(148)^080h	;volatile
  1225  0629  0194               	line	15
  1226                           	
  1227                           l923:	
  1228  062A                     ;I2C_EEPROM.c: 15:     TRISC3 = 1;
  1229                           	bsf	(1083/8)^080h,(1083)&7	;volatile
  1230  062A  1587               	line	16
  1231                           	
  1232                           l925:	
  1233  062B                     ;I2C_EEPROM.c: 16:     TRISC4 = 1;
  1234                           	bsf	(1084/8)^080h,(1084)&7	;volatile
  1235  062B  1607               	line	17
  1236                           	
  1237                           l57:	
  1238  062C                     	return
  1239  062C  0008               	opt stack 0
  1240                           GLOBAL	__end_of_I2C_Master_Init
  1241                           	__end_of_I2C_Master_Init:
  1242  062D                     	signat	_I2C_Master_Init,4217
  1243                           	global	___lldiv
  1244                           
  1245 ;; *************** function ___lldiv *****************
  1246 ;; Defined at:
  1247 ;;		line 5 in file "C:\Program Files (x86)\Microchip\xc8\v2.00\pic\sources\c90\common\__lldiv.c"
  1248 ;; Parameters:    Size  Location     Type
  1249 ;;  divisor         4    0[COMMON] unsigned long 
  1250 ;;  dividend        4    4[COMMON] unsigned long 
  1251 ;; Auto vars:     Size  Location     Type
  1252 ;;  quotient        4    9[COMMON] unsigned long 
  1253 ;;  counter         1   13[COMMON] unsigned char 
  1254 ;; Return value:  Size  Location     Type
  1255 ;;                  4    0[COMMON] unsigned long 
  1256 ;; Registers used:
  1257 ;;		wreg, status,2, status,0
  1258 ;; Tracked objects:
  1259 ;;		On entry : 0/0
  1260 ;;		On exit  : 0/0
  1261 ;;		Unchanged: 0/0
  1262 ;; Data sizes:     COMMON   BANK0   BANK1   BANK3   BANK2
  1263 ;;      Params:         8       0       0       0       0
  1264 ;;      Locals:         5       0       0       0       0
  1265 ;;      Temps:          1       0       0       0       0
  1266 ;;      Totals:        14       0       0       0       0
  1267 ;;Total ram usage:       14 bytes
  1268 ;; Hardware stack levels used:    1
  1269 ;; This function calls:
  1270 ;;		Nothing
  1271 ;; This function is called by:
  1272 ;;		_I2C_Master_Init
  1273 ;; This function uses a non-reentrant model
  1274 ;;
  1275                           psect	text2,local,class=CODE,delta=2,merge=1,group=1
  1276                           	file	"C:\Program Files (x86)\Microchip\xc8\v2.00\pic\sources\c90\common\__lldiv.c"
  1277                           	line	5
  1278                           global __ptext2
  1279                           __ptext2:	;psect for function ___lldiv
  1280  06D6                     psect	text2
  1281                           	file	"C:\Program Files (x86)\Microchip\xc8\v2.00\pic\sources\c90\common\__lldiv.c"
  1282                           	line	5
  1283                           	global	__size_of___lldiv
  1284                           	__size_of___lldiv	equ	__end_of___lldiv-___lldiv
  1285  006D                     	
  1286                           ___lldiv:	
  1287  06D6                     ;incstack = 0
  1288                           	opt	stack 6
  1289                           ; Regs used in ___lldiv: [wreg+status,2+status,0]
  1290                           	line	13
  1291                           	
  1292                           l891:	
  1293  06D6                     	movlw	high highword(0)
  1294  06D6  3000               	movwf	(___lldiv@quotient+3)
  1295  06D7  00FC               	movlw	low highword(0)
  1296  06D8  3000               	movwf	(___lldiv@quotient+2)
  1297  06D9  00FB               	movlw	high(0)
  1298  06DA  3000               	movwf	(___lldiv@quotient+1)
  1299  06DB  00FA               	movlw	low(0)
  1300  06DC  3000               	movwf	(___lldiv@quotient)
  1301  06DD  00F9               
  1302                           	line	14
  1303                           	movf	(___lldiv@divisor+3),w
  1304  06DE  0873               	iorwf	(___lldiv@divisor+2),w
  1305  06DF  0472               	iorwf	(___lldiv@divisor+1),w
  1306  06E0  0471               	iorwf	(___lldiv@divisor),w
  1307  06E1  0470               	skipnz
  1308  06E2  1903               	goto	u251
  1309  06E3  2EE5               	goto	u250
  1310  06E4  2EE6               u251:
  1311  06E5                     	goto	l911
  1312  06E5  2F39               u250:
  1313  06E6                     	line	15
  1314                           	
  1315                           l893:	
  1316  06E6                     	clrf	(___lldiv@counter)
  1317  06E6  01FD               	incf	(___lldiv@counter),f
  1318  06E7  0AFD               	line	16
  1319                           	goto	l897
  1320  06E8  2EF7               	
  1321                           l237:	
  1322  06E9                     	line	17
  1323                           	
  1324                           l895:	
  1325  06E9                     	movlw	01h
  1326  06E9  3001               	movwf	(??___lldiv+0)+0
  1327  06EA  00F8               u265:
  1328  06EB                     	clrc
  1329  06EB  1003               	rlf	(___lldiv@divisor),f
  1330  06EC  0DF0               	rlf	(___lldiv@divisor+1),f
  1331  06ED  0DF1               	rlf	(___lldiv@divisor+2),f
  1332  06EE  0DF2               	rlf	(___lldiv@divisor+3),f
  1333  06EF  0DF3               	decfsz	(??___lldiv+0)+0
  1334  06F0  0BF8               	goto	u265
  1335  06F1  2EEB               	line	18
  1336                           	movlw	low(01h)
  1337  06F2  3001               	movwf	(??___lldiv+0)+0
  1338  06F3  00F8               	movf	(??___lldiv+0)+0,w
  1339  06F4  0878               	addwf	(___lldiv@counter),f
  1340  06F5  07FD               	goto	l897
  1341  06F6  2EF7               	line	19
  1342                           	
  1343                           l236:	
  1344  06F7                     	line	16
  1345                           	
  1346                           l897:	
  1347  06F7                     	btfss	(___lldiv@divisor+3),(31)&7
  1348  06F7  1FF3               	goto	u271
  1349  06F8  2EFA               	goto	u270
  1350  06F9  2EFB               u271:
  1351  06FA                     	goto	l895
  1352  06FA  2EE9               u270:
  1353  06FB                     	goto	l899
  1354  06FB  2EFD               	
  1355                           l238:	
  1356  06FC                     	goto	l899
  1357  06FC  2EFD               	line	20
  1358                           	
  1359                           l239:	
  1360  06FD                     	line	21
  1361                           	
  1362                           l899:	
  1363  06FD                     	movlw	01h
  1364  06FD  3001               	movwf	(??___lldiv+0)+0
  1365  06FE  00F8               u285:
  1366  06FF                     	clrc
  1367  06FF  1003               	rlf	(___lldiv@quotient),f
  1368  0700  0DF9               	rlf	(___lldiv@quotient+1),f
  1369  0701  0DFA               	rlf	(___lldiv@quotient+2),f
  1370  0702  0DFB               	rlf	(___lldiv@quotient+3),f
  1371  0703  0DFC               	decfsz	(??___lldiv+0)+0
  1372  0704  0BF8               	goto	u285
  1373  0705  2EFF               	line	22
  1374                           	
  1375                           l901:	
  1376  0706                     	movf	(___lldiv@divisor+3),w
  1377  0706  0873               	subwf	(___lldiv@dividend+3),w
  1378  0707  0277               	skipz
  1379  0708  1D03               	goto	u295
  1380  0709  2F14               	movf	(___lldiv@divisor+2),w
  1381  070A  0872               	subwf	(___lldiv@dividend+2),w
  1382  070B  0276               	skipz
  1383  070C  1D03               	goto	u295
  1384  070D  2F14               	movf	(___lldiv@divisor+1),w
  1385  070E  0871               	subwf	(___lldiv@dividend+1),w
  1386  070F  0275               	skipz
  1387  0710  1D03               	goto	u295
  1388  0711  2F14               	movf	(___lldiv@divisor),w
  1389  0712  0870               	subwf	(___lldiv@dividend),w
  1390  0713  0274               u295:
  1391  0714                     	skipc
  1392  0714  1C03               	goto	u291
  1393  0715  2F17               	goto	u290
  1394  0716  2F18               u291:
  1395  0717                     	goto	l907
  1396  0717  2F28               u290:
  1397  0718                     	line	23
  1398                           	
  1399                           l903:	
  1400  0718                     	movf	(___lldiv@divisor),w
  1401  0718  0870               	subwf	(___lldiv@dividend),f
  1402  0719  02F4               	movf	(___lldiv@divisor+1),w
  1403  071A  0871               	skipc
  1404  071B  1C03               	incfsz	(___lldiv@divisor+1),w
  1405  071C  0F71               	subwf	(___lldiv@dividend+1),f
  1406  071D  02F5               	movf	(___lldiv@divisor+2),w
  1407  071E  0872               	skipc
  1408  071F  1C03               	incfsz	(___lldiv@divisor+2),w
  1409  0720  0F72               	subwf	(___lldiv@dividend+2),f
  1410  0721  02F6               	movf	(___lldiv@divisor+3),w
  1411  0722  0873               	skipc
  1412  0723  1C03               	incfsz	(___lldiv@divisor+3),w
  1413  0724  0F73               	subwf	(___lldiv@dividend+3),f
  1414  0725  02F7               	line	24
  1415                           	
  1416                           l905:	
  1417  0726                     	bsf	(___lldiv@quotient)+(0/8),(0)&7
  1418  0726  1479               	goto	l907
  1419  0727  2F28               	line	25
  1420                           	
  1421                           l240:	
  1422  0728                     	line	26
  1423                           	
  1424                           l907:	
  1425  0728                     	movlw	01h
  1426  0728  3001               u305:
  1427  0729                     	clrc
  1428  0729  1003               	rrf	(___lldiv@divisor+3),f
  1429  072A  0CF3               	rrf	(___lldiv@divisor+2),f
  1430  072B  0CF2               	rrf	(___lldiv@divisor+1),f
  1431  072C  0CF1               	rrf	(___lldiv@divisor),f
  1432  072D  0CF0               	addlw	-1
  1433  072E  3EFF               	skipz
  1434  072F  1D03               	goto	u305
  1435  0730  2F29               
  1436                           	line	27
  1437                           	
  1438                           l909:	
  1439  0731                     	movlw	01h
  1440  0731  3001               	subwf	(___lldiv@counter),f
  1441  0732  02FD               	btfss	status,2
  1442  0733  1D03               	goto	u311
  1443  0734  2F36               	goto	u310
  1444  0735  2F37               u311:
  1445  0736                     	goto	l899
  1446  0736  2EFD               u310:
  1447  0737                     	goto	l911
  1448  0737  2F39               	
  1449                           l241:	
  1450  0738                     	goto	l911
  1451  0738  2F39               	line	28
  1452                           	
  1453                           l235:	
  1454  0739                     	line	29
  1455                           	
  1456                           l911:	
  1457  0739                     	movf	(___lldiv@quotient+3),w
  1458  0739  087C               	movwf	(?___lldiv+3)
  1459  073A  00F3               	movf	(___lldiv@quotient+2),w
  1460  073B  087B               	movwf	(?___lldiv+2)
  1461  073C  00F2               	movf	(___lldiv@quotient+1),w
  1462  073D  087A               	movwf	(?___lldiv+1)
  1463  073E  00F1               	movf	(___lldiv@quotient),w
  1464  073F  0879               	movwf	(?___lldiv)
  1465  0740  00F0               
  1466                           	goto	l242
  1467  0741  2F42               	
  1468                           l913:	
  1469  0742                     	line	30
  1470                           	
  1471                           l242:	
  1472  0742                     	return
  1473  0742  0008               	opt stack 0
  1474                           GLOBAL	__end_of___lldiv
  1475                           	__end_of___lldiv:
  1476  0743                     	signat	___lldiv,8316
  1477                           	global	_EEPROM_Write_Page
  1478                           
  1479 ;; *************** function _EEPROM_Write_Page *****************
  1480 ;; Defined at:
  1481 ;;		line 87 in file "I2C_EEPROM.c"
  1482 ;; Parameters:    Size  Location     Type
  1483 ;;  add             2    1[COMMON] unsigned int 
  1484 ;;  data            1    3[COMMON] PTR unsigned char 
  1485 ;;		 -> main@Buffer(5), 
  1486 ;;  len             1    4[COMMON] unsigned char 
  1487 ;; Auto vars:     Size  Location     Type
  1488 ;;  i               2    7[COMMON] unsigned int 
  1489 ;; Return value:  Size  Location     Type
  1490 ;;                  1    wreg      void 
  1491 ;; Registers used:
  1492 ;;		wreg, fsr0l, fsr0h, status,2, status,0, pclath, cstack
  1493 ;; Tracked objects:
  1494 ;;		On entry : 0/0
  1495 ;;		On exit  : 0/0
  1496 ;;		Unchanged: 0/0
  1497 ;; Data sizes:     COMMON   BANK0   BANK1   BANK3   BANK2
  1498 ;;      Params:         4       0       0       0       0
  1499 ;;      Locals:         2       0       0       0       0
  1500 ;;      Temps:          2       0       0       0       0
  1501 ;;      Totals:         8       0       0       0       0
  1502 ;;Total ram usage:        8 bytes
  1503 ;; Hardware stack levels used:    1
  1504 ;; Hardware stack levels required when called:    2
  1505 ;; This function calls:
  1506 ;;		_I2C_Master_RepeatedStart
  1507 ;;		_I2C_Master_Start
  1508 ;;		_I2C_Master_Stop
  1509 ;;		_I2C_Master_Write
  1510 ;; This function is called by:
  1511 ;;		_main
  1512 ;; This function uses a non-reentrant model
  1513 ;;
  1514                           psect	text3,local,class=CODE,delta=2,merge=1,group=0
  1515                           	file	"I2C_EEPROM.c"
  1516                           	line	87
  1517                           global __ptext3
  1518                           __ptext3:	;psect for function _EEPROM_Write_Page
  1519  062D                     psect	text3
  1520                           	file	"I2C_EEPROM.c"
  1521                           	line	87
  1522                           	global	__size_of_EEPROM_Write_Page
  1523                           	__size_of_EEPROM_Write_Page	equ	__end_of_EEPROM_Write_Page-_EEPROM_Write_Page
  1524  004D                     	
  1525                           _EEPROM_Write_Page:	
  1526  062D                     ;incstack = 0
  1527                           	opt	stack 5
  1528                           ; Regs used in _EEPROM_Write_Page: [wreg-fsr0h+status,2+status,0+pclath+cstack]
  1529                           	line	89
  1530                           	
  1531                           l927:	
  1532  062D                     ;I2C_EEPROM.c: 87: void EEPROM_Write_Page(unsigned int add, unsigned char* data, unsigne
                                 d char len);I2C_EEPROM.c: 88: {;I2C_EEPROM.c: 89:    I2C_Master_Start();
  1533                           	fcall	_I2C_Master_Start
  1534  062D  120A  118A  2598  120A  118A  	line	92
  1535                           ;I2C_EEPROM.c: 92:    while(I2C_Master_Write(0xA0))
  1536                           	goto	l99
  1537  0632  2E38               	
  1538                           l100:	
  1539  0633                     	line	93
  1540                           	
  1541                           l929:	
  1542  0633                     ;I2C_EEPROM.c: 93:      I2C_Master_RepeatedStart();
  1543                           	fcall	_I2C_Master_RepeatedStart
  1544  0633  120A  118A  258F  120A  118A  	
  1545                           l99:	
  1546  0638                     	line	92
  1547                           ;I2C_EEPROM.c: 92:    while(I2C_Master_Write(0xA0))
  1548                           	movlw	low(0A0h)
  1549  0638  30A0               	fcall	_I2C_Master_Write
  1550  0639  120A  118A  25C5  120A  118A  	xorlw	0
  1551  063E  3A00               	skipz
  1552  063F  1D03               	goto	u331
  1553  0640  2E42               	goto	u330
  1554  0641  2E43               u331:
  1555  0642                     	goto	l929
  1556  0642  2E33               u330:
  1557  0643                     	goto	l931
  1558  0643  2E44               	
  1559                           l101:	
  1560  0644                     	line	95
  1561                           	
  1562                           l931:	
  1563  0644                     ;I2C_EEPROM.c: 95:    I2C_Master_Write(add>>8);
  1564                           	movf	(EEPROM_Write_Page@add+1),w
  1565  0644  0872               	fcall	_I2C_Master_Write
  1566  0645  120A  118A  25C5  120A  118A  	line	96
  1567                           ;I2C_EEPROM.c: 96:    I2C_Master_Write((unsigned char)add);
  1568                           	movf	(EEPROM_Write_Page@add),w
  1569  064A  0871               	fcall	_I2C_Master_Write
  1570  064B  120A  118A  25C5  120A  118A  	line	97
  1571                           	
  1572                           l933:	
  1573  0650                     ;I2C_EEPROM.c: 97:    for(unsigned int i=0; i<len; i++)
  1574                           	clrf	(EEPROM_Write_Page@i)
  1575  0650  01F7               	clrf	(EEPROM_Write_Page@i+1)
  1576  0651  01F8               	goto	l939
  1577  0652  2E66               	
  1578                           l103:	
  1579  0653                     	line	98
  1580                           	
  1581                           l935:	
  1582  0653                     ;I2C_EEPROM.c: 98:        I2C_Master_Write(data[i]);
  1583                           	movf	(EEPROM_Write_Page@i),w
  1584  0653  0877               	addwf	(EEPROM_Write_Page@data),w
  1585  0654  0773               	movwf	(??_EEPROM_Write_Page+0)+0
  1586  0655  00F5               	movf	0+(??_EEPROM_Write_Page+0)+0,w
  1587  0656  0875               	movwf	fsr0
  1588  0657  0084               	bcf	status, 7	;select IRP bank0
  1589  0658  1383               	movf	indf,w
  1590  0659  0800               	fcall	_I2C_Master_Write
  1591  065A  120A  118A  25C5  120A  118A  	
  1592                           l937:	
  1593  065F                     	movlw	01h
  1594  065F  3001               	addwf	(EEPROM_Write_Page@i),f
  1595  0660  07F7               	skipnc
  1596  0661  1803               	incf	(EEPROM_Write_Page@i+1),f
  1597  0662  0AF8               	movlw	0
  1598  0663  3000               	addwf	(EEPROM_Write_Page@i+1),f
  1599  0664  07F8               	goto	l939
  1600  0665  2E66               	
  1601                           l102:	
  1602  0666                     	
  1603                           l939:	
  1604  0666                     	movf	(EEPROM_Write_Page@len),w
  1605  0666  0874               	movwf	(??_EEPROM_Write_Page+0)+0
  1606  0667  00F5               	clrf	(??_EEPROM_Write_Page+0)+0+1
  1607  0668  01F6               	movf	1+(??_EEPROM_Write_Page+0)+0,w
  1608  0669  0876               	subwf	(EEPROM_Write_Page@i+1),w
  1609  066A  0278               	skipz
  1610  066B  1D03               	goto	u345
  1611  066C  2E6F               	movf	0+(??_EEPROM_Write_Page+0)+0,w
  1612  066D  0875               	subwf	(EEPROM_Write_Page@i),w
  1613  066E  0277               u345:
  1614  066F                     	skipc
  1615  066F  1C03               	goto	u341
  1616  0670  2E72               	goto	u340
  1617  0671  2E73               u341:
  1618  0672                     	goto	l935
  1619  0672  2E53               u340:
  1620  0673                     	goto	l941
  1621  0673  2E74               	
  1622                           l104:	
  1623  0674                     	line	99
  1624                           	
  1625                           l941:	
  1626  0674                     ;I2C_EEPROM.c: 99:    I2C_Master_Stop();
  1627                           	fcall	_I2C_Master_Stop
  1628  0674  120A  118A  25A1  120A  118A  	line	100
  1629                           	
  1630                           l105:	
  1631  0679                     	return
  1632  0679  0008               	opt stack 0
  1633                           GLOBAL	__end_of_EEPROM_Write_Page
  1634                           	__end_of_EEPROM_Write_Page:
  1635  067A                     	signat	_EEPROM_Write_Page,12409
  1636                           	global	_EEPROM_Read_Page
  1637                           
  1638 ;; *************** function _EEPROM_Read_Page *****************
  1639 ;; Defined at:
  1640 ;;		line 125 in file "I2C_EEPROM.c"
  1641 ;; Parameters:    Size  Location     Type
  1642 ;;  add             2    1[COMMON] unsigned int 
  1643 ;;  data            1    3[COMMON] PTR unsigned char 
  1644 ;;		 -> main@ReadBuffer(5), 
  1645 ;;  len             2    4[COMMON] unsigned int 
  1646 ;; Auto vars:     Size  Location     Type
  1647 ;;  i               2    8[COMMON] unsigned int 
  1648 ;; Return value:  Size  Location     Type
  1649 ;;                  1    wreg      void 
  1650 ;; Registers used:
  1651 ;;		wreg, fsr0l, fsr0h, status,2, status,0, pclath, cstack
  1652 ;; Tracked objects:
  1653 ;;		On entry : 0/0
  1654 ;;		On exit  : 0/0
  1655 ;;		Unchanged: 0/0
  1656 ;; Data sizes:     COMMON   BANK0   BANK1   BANK3   BANK2
  1657 ;;      Params:         5       0       0       0       0
  1658 ;;      Locals:         2       0       0       0       0
  1659 ;;      Temps:          2       0       0       0       0
  1660 ;;      Totals:         9       0       0       0       0
  1661 ;;Total ram usage:        9 bytes
  1662 ;; Hardware stack levels used:    1
  1663 ;; Hardware stack levels required when called:    2
  1664 ;; This function calls:
  1665 ;;		_I2C_ACK
  1666 ;;		_I2C_Master_RepeatedStart
  1667 ;;		_I2C_Master_Start
  1668 ;;		_I2C_Master_Stop
  1669 ;;		_I2C_Master_Write
  1670 ;;		_I2C_Read_Byte
  1671 ;; This function is called by:
  1672 ;;		_main
  1673 ;; This function uses a non-reentrant model
  1674 ;;
  1675                           psect	text4,local,class=CODE,delta=2,merge=1,group=0
  1676                           	line	125
  1677                           global __ptext4
  1678                           __ptext4:	;psect for function _EEPROM_Read_Page
  1679  067A                     psect	text4
  1680                           	file	"I2C_EEPROM.c"
  1681                           	line	125
  1682                           	global	__size_of_EEPROM_Read_Page
  1683                           	__size_of_EEPROM_Read_Page	equ	__end_of_EEPROM_Read_Page-_EEPROM_Read_Page
  1684  005C                     	
  1685                           _EEPROM_Read_Page:	
  1686  067A                     ;incstack = 0
  1687                           	opt	stack 5
  1688                           ; Regs used in _EEPROM_Read_Page: [wreg-fsr0h+status,2+status,0+pclath+cstack]
  1689                           	line	127
  1690                           	
  1691                           l943:	
  1692  067A                     ;I2C_EEPROM.c: 125: void EEPROM_Read_Page(unsigned int add, unsigned char* data, unsigne
                                 d int len);I2C_EEPROM.c: 126: {;I2C_EEPROM.c: 127:    I2C_Master_Start();
  1693                           	fcall	_I2C_Master_Start
  1694  067A  120A  118A  2598  120A  118A  	line	130
  1695                           ;I2C_EEPROM.c: 130:    while(I2C_Master_Write(0xA0))
  1696                           	goto	l114
  1697  067F  2E85               	
  1698                           l115:	
  1699  0680                     	line	131
  1700                           	
  1701                           l945:	
  1702  0680                     ;I2C_EEPROM.c: 131:      I2C_Master_RepeatedStart();
  1703                           	fcall	_I2C_Master_RepeatedStart
  1704  0680  120A  118A  258F  120A  118A  	
  1705                           l114:	
  1706  0685                     	line	130
  1707                           ;I2C_EEPROM.c: 130:    while(I2C_Master_Write(0xA0))
  1708                           	movlw	low(0A0h)
  1709  0685  30A0               	fcall	_I2C_Master_Write
  1710  0686  120A  118A  25C5  120A  118A  	xorlw	0
  1711  068B  3A00               	skipz
  1712  068C  1D03               	goto	u351
  1713  068D  2E8F               	goto	u350
  1714  068E  2E90               u351:
  1715  068F                     	goto	l945
  1716  068F  2E80               u350:
  1717  0690                     	goto	l947
  1718  0690  2E91               	
  1719                           l116:	
  1720  0691                     	line	133
  1721                           	
  1722                           l947:	
  1723  0691                     ;I2C_EEPROM.c: 133:    I2C_Master_Write(add>>8);
  1724                           	movf	(EEPROM_Read_Page@add+1),w
  1725  0691  0872               	fcall	_I2C_Master_Write
  1726  0692  120A  118A  25C5  120A  118A  	line	134
  1727                           ;I2C_EEPROM.c: 134:    I2C_Master_Write((unsigned char)add);
  1728                           	movf	(EEPROM_Read_Page@add),w
  1729  0697  0871               	fcall	_I2C_Master_Write
  1730  0698  120A  118A  25C5  120A  118A  	line	135
  1731                           ;I2C_EEPROM.c: 135:    I2C_Master_RepeatedStart();
  1732                           	fcall	_I2C_Master_RepeatedStart
  1733  069D  120A  118A  258F  120A  118A  	line	136
  1734                           ;I2C_EEPROM.c: 136:    I2C_Master_Write(0xA1);
  1735                           	movlw	low(0A1h)
  1736  06A2  30A1               	fcall	_I2C_Master_Write
  1737  06A3  120A  118A  25C5  120A  118A  	line	137
  1738                           	
  1739                           l949:	
  1740  06A8                     ;I2C_EEPROM.c: 137:    for(unsigned int i=0; i<len; i++)
  1741                           	clrf	(EEPROM_Read_Page@i)
  1742  06A8  01F8               	clrf	(EEPROM_Read_Page@i+1)
  1743  06A9  01F9               	goto	l957
  1744  06AA  2EC5               	
  1745                           l118:	
  1746  06AB                     	line	139
  1747                           	
  1748                           l951:	
  1749  06AB                     ;I2C_EEPROM.c: 138:    {;I2C_EEPROM.c: 139:        data[i] = I2C_Read_Byte();
  1750                           	fcall	_I2C_Read_Byte
  1751  06AB  120A  118A  25DC  120A  118A  	movwf	(??_EEPROM_Read_Page+0)+0
  1752  06B0  00F6               	movf	(EEPROM_Read_Page@i),w
  1753  06B1  0878               	addwf	(EEPROM_Read_Page@data),w
  1754  06B2  0773               	movwf	(??_EEPROM_Read_Page+1)+0
  1755  06B3  00F7               	movf	0+(??_EEPROM_Read_Page+1)+0,w
  1756  06B4  0877               	movwf	fsr0
  1757  06B5  0084               	movf	(??_EEPROM_Read_Page+0)+0,w
  1758  06B6  0876               	bcf	status, 7	;select IRP bank0
  1759  06B7  1383               	movwf	indf
  1760  06B8  0080               	line	140
  1761                           	
  1762                           l953:	
  1763  06B9                     ;I2C_EEPROM.c: 140:        I2C_ACK();
  1764                           	fcall	_I2C_ACK
  1765  06B9  120A  118A  25AA  120A  118A  	line	141
  1766                           	
  1767                           l955:	
  1768  06BE                     ;I2C_EEPROM.c: 141:    }
  1769                           	movlw	01h
  1770  06BE  3001               	addwf	(EEPROM_Read_Page@i),f
  1771  06BF  07F8               	skipnc
  1772  06C0  1803               	incf	(EEPROM_Read_Page@i+1),f
  1773  06C1  0AF9               	movlw	0
  1774  06C2  3000               	addwf	(EEPROM_Read_Page@i+1),f
  1775  06C3  07F9               	goto	l957
  1776  06C4  2EC5               	
  1777                           l117:	
  1778  06C5                     	
  1779                           l957:	
  1780  06C5                     	movf	(EEPROM_Read_Page@len+1),w
  1781  06C5  0875               	subwf	(EEPROM_Read_Page@i+1),w
  1782  06C6  0279               	skipz
  1783  06C7  1D03               	goto	u365
  1784  06C8  2ECB               	movf	(EEPROM_Read_Page@len),w
  1785  06C9  0874               	subwf	(EEPROM_Read_Page@i),w
  1786  06CA  0278               u365:
  1787  06CB                     	skipc
  1788  06CB  1C03               	goto	u361
  1789  06CC  2ECE               	goto	u360
  1790  06CD  2ECF               u361:
  1791  06CE                     	goto	l951
  1792  06CE  2EAB               u360:
  1793  06CF                     	goto	l959
  1794  06CF  2ED0               	
  1795                           l119:	
  1796  06D0                     	line	142
  1797                           	
  1798                           l959:	
  1799  06D0                     ;I2C_EEPROM.c: 142:    I2C_Master_Stop();
  1800                           	fcall	_I2C_Master_Stop
  1801  06D0  120A  118A  25A1  120A  118A  	line	143
  1802                           	
  1803                           l120:	
  1804  06D5                     	return
  1805  06D5  0008               	opt stack 0
  1806                           GLOBAL	__end_of_EEPROM_Read_Page
  1807                           	__end_of_EEPROM_Read_Page:
  1808  06D6                     	signat	_EEPROM_Read_Page,12409
  1809                           	global	_I2C_Read_Byte
  1810                           
  1811 ;; *************** function _I2C_Read_Byte *****************
  1812 ;; Defined at:
  1813 ;;		line 45 in file "I2C_EEPROM.c"
  1814 ;; Parameters:    Size  Location     Type
  1815 ;;		None
  1816 ;; Auto vars:     Size  Location     Type
  1817 ;;		None
  1818 ;; Return value:  Size  Location     Type
  1819 ;;                  1    wreg      unsigned char 
  1820 ;; Registers used:
  1821 ;;		wreg, status,2, status,0, pclath, cstack
  1822 ;; Tracked objects:
  1823 ;;		On entry : 0/0
  1824 ;;		On exit  : 0/0
  1825 ;;		Unchanged: 0/0
  1826 ;; Data sizes:     COMMON   BANK0   BANK1   BANK3   BANK2
  1827 ;;      Params:         0       0       0       0       0
  1828 ;;      Locals:         0       0       0       0       0
  1829 ;;      Temps:          0       0       0       0       0
  1830 ;;      Totals:         0       0       0       0       0
  1831 ;;Total ram usage:        0 bytes
  1832 ;; Hardware stack levels used:    1
  1833 ;; Hardware stack levels required when called:    1
  1834 ;; This function calls:
  1835 ;;		_I2C_Master_Wait
  1836 ;; This function is called by:
  1837 ;;		_EEPROM_Read_Page
  1838 ;;		_EEPROM_Read
  1839 ;; This function uses a non-reentrant model
  1840 ;;
  1841                           psect	text5,local,class=CODE,delta=2,merge=1,group=0
  1842                           	line	45
  1843                           global __ptext5
  1844                           __ptext5:	;psect for function _I2C_Read_Byte
  1845  05DC                     psect	text5
  1846                           	file	"I2C_EEPROM.c"
  1847                           	line	45
  1848                           	global	__size_of_I2C_Read_Byte
  1849                           	__size_of_I2C_Read_Byte	equ	__end_of_I2C_Read_Byte-_I2C_Read_Byte
  1850  0019                     	
  1851                           _I2C_Read_Byte:	
  1852  05DC                     ;incstack = 0
  1853                           	opt	stack 5
  1854                           ; Regs used in _I2C_Read_Byte: [wreg+status,2+status,0+pclath+cstack]
  1855                           	line	48
  1856                           	
  1857                           l875:	
  1858  05DC                     ;I2C_EEPROM.c: 48:  I2C_Master_Wait();
  1859                           	fcall	_I2C_Master_Wait
  1860  05DC  120A  118A  25B6  120A  118A  	line	49
  1861                           	
  1862                           l877:	
  1863  05E1                     ;I2C_EEPROM.c: 49:     RCEN = 1;
  1864                           	bsf	status, 5	;RP0=1, select bank1
  1865  05E1  1683               	bcf	status, 6	;RP1=0, select bank1
  1866  05E2  1303               	bsf	(1163/8)^080h,(1163)&7	;volatile
  1867  05E3  1591               	line	50
  1868                           ;I2C_EEPROM.c: 50:  while(!SSPIF);
  1869                           	goto	l81
  1870  05E4  2DE5               	
  1871                           l82:	
  1872  05E5                     	
  1873                           l81:	
  1874  05E5                     	bcf	status, 5	;RP0=0, select bank0
  1875  05E5  1283               	btfss	(99/8),(99)&7	;volatile
  1876  05E6  1D8C               	goto	u241
  1877  05E7  2DE9               	goto	u240
  1878  05E8  2DEA               u241:
  1879  05E9                     	goto	l81
  1880  05E9  2DE5               u240:
  1881  05EA                     	
  1882                           l83:	
  1883  05EA                     	line	51
  1884                           ;I2C_EEPROM.c: 51:  SSPIF = 0;
  1885                           	bcf	(99/8),(99)&7	;volatile
  1886  05EA  118C               	line	52
  1887                           	
  1888                           l879:	
  1889  05EB                     ;I2C_EEPROM.c: 52:     I2C_Master_Wait();
  1890                           	fcall	_I2C_Master_Wait
  1891  05EB  120A  118A  25B6  120A  118A  	line	53
  1892                           	
  1893                           l881:	
  1894  05F0                     ;I2C_EEPROM.c: 53:     return SSPBUF;
  1895                           	bcf	status, 5	;RP0=0, select bank0
  1896  05F0  1283               	bcf	status, 6	;RP1=0, select bank0
  1897  05F1  1303               	movf	(19),w	;volatile
  1898  05F2  0813               	goto	l84
  1899  05F3  2DF4               	
  1900                           l883:	
  1901  05F4                     	line	54
  1902                           	
  1903                           l84:	
  1904  05F4                     	return
  1905  05F4  0008               	opt stack 0
  1906                           GLOBAL	__end_of_I2C_Read_Byte
  1907                           	__end_of_I2C_Read_Byte:
  1908  05F5                     	signat	_I2C_Read_Byte,89
  1909                           	global	_I2C_Master_Write
  1910                           
  1911 ;; *************** function _I2C_Master_Write *****************
  1912 ;; Defined at:
  1913 ;;		line 37 in file "I2C_EEPROM.c"
  1914 ;; Parameters:    Size  Location     Type
  1915 ;;  data            1    wreg     unsigned char 
  1916 ;; Auto vars:     Size  Location     Type
  1917 ;;  data            1    0[COMMON] unsigned char 
  1918 ;; Return value:  Size  Location     Type
  1919 ;;                  1    wreg      unsigned char 
  1920 ;; Registers used:
  1921 ;;		wreg, status,2, status,0, pclath, cstack
  1922 ;; Tracked objects:
  1923 ;;		On entry : 0/0
  1924 ;;		On exit  : 0/0
  1925 ;;		Unchanged: 0/0
  1926 ;; Data sizes:     COMMON   BANK0   BANK1   BANK3   BANK2
  1927 ;;      Params:         0       0       0       0       0
  1928 ;;      Locals:         1       0       0       0       0
  1929 ;;      Temps:          0       0       0       0       0
  1930 ;;      Totals:         1       0       0       0       0
  1931 ;;Total ram usage:        1 bytes
  1932 ;; Hardware stack levels used:    1
  1933 ;; Hardware stack levels required when called:    1
  1934 ;; This function calls:
  1935 ;;		_I2C_Master_Wait
  1936 ;; This function is called by:
  1937 ;;		_EEPROM_Write_Page
  1938 ;;		_EEPROM_Read_Page
  1939 ;;		_EEPROM_Write
  1940 ;;		_EEPROM_Read
  1941 ;; This function uses a non-reentrant model
  1942 ;;
  1943                           psect	text6,local,class=CODE,delta=2,merge=1,group=0
  1944                           	line	37
  1945                           global __ptext6
  1946                           __ptext6:	;psect for function _I2C_Master_Write
  1947  05C5                     psect	text6
  1948                           	file	"I2C_EEPROM.c"
  1949                           	line	37
  1950                           	global	__size_of_I2C_Master_Write
  1951                           	__size_of_I2C_Master_Write	equ	__end_of_I2C_Master_Write-_I2C_Master_Write
  1952  0017                     	
  1953                           _I2C_Master_Write:	
  1954  05C5                     ;incstack = 0
  1955                           	opt	stack 5
  1956                           ; Regs used in _I2C_Master_Write: [wreg+status,2+status,0+pclath+cstack]
  1957                           ;I2C_Master_Write@data stored from wreg
  1958                           	movwf	(I2C_Master_Write@data)
  1959  05C5  00F0               	line	39
  1960                           	
  1961                           l867:	
  1962  05C6                     ;I2C_EEPROM.c: 37: unsigned char I2C_Master_Write(unsigned char data);I2C_EEPROM.c: 38: 
                                 {;I2C_EEPROM.c: 39:     I2C_Master_Wait();
  1963                           	fcall	_I2C_Master_Wait
  1964  05C6  120A  118A  25B6  120A  118A  	line	40
  1965                           	
  1966                           l869:	
  1967  05CB                     ;I2C_EEPROM.c: 40:     SSPBUF = data;
  1968                           	movf	(I2C_Master_Write@data),w
  1969  05CB  0870               	bcf	status, 5	;RP0=0, select bank0
  1970  05CC  1283               	bcf	status, 6	;RP1=0, select bank0
  1971  05CD  1303               	movwf	(19)	;volatile
  1972  05CE  0093               	line	41
  1973                           ;I2C_EEPROM.c: 41:     while(!SSPIF);
  1974                           	goto	l75
  1975  05CF  2DD0               	
  1976                           l76:	
  1977  05D0                     	
  1978                           l75:	
  1979  05D0                     	btfss	(99/8),(99)&7	;volatile
  1980  05D0  1D8C               	goto	u231
  1981  05D1  2DD3               	goto	u230
  1982  05D2  2DD4               u231:
  1983  05D3                     	goto	l75
  1984  05D3  2DD0               u230:
  1985  05D4                     	
  1986                           l77:	
  1987  05D4                     	line	42
  1988                           ;I2C_EEPROM.c: 42:  SSPIF = 0;
  1989                           	bcf	(99/8),(99)&7	;volatile
  1990  05D4  118C               	line	43
  1991                           	
  1992                           l871:	
  1993  05D5                     ;I2C_EEPROM.c: 43:     return ACKSTAT;
  1994                           	movlw	0
  1995  05D5  3000               	bsf	status, 5	;RP0=1, select bank1
  1996  05D6  1683               	bcf	status, 6	;RP1=0, select bank1
  1997  05D7  1303               	btfsc	(1166/8)^080h,(1166)&7	;volatile
  1998  05D8  1B11               	movlw	1
  1999  05D9  3001               	goto	l78
  2000  05DA  2DDB               	
  2001                           l873:	
  2002  05DB                     	line	44
  2003                           	
  2004                           l78:	
  2005  05DB                     	return
  2006  05DB  0008               	opt stack 0
  2007                           GLOBAL	__end_of_I2C_Master_Write
  2008                           	__end_of_I2C_Master_Write:
  2009  05DC                     	signat	_I2C_Master_Write,4217
  2010                           	global	_I2C_Master_Stop
  2011                           
  2012 ;; *************** function _I2C_Master_Stop *****************
  2013 ;; Defined at:
  2014 ;;		line 32 in file "I2C_EEPROM.c"
  2015 ;; Parameters:    Size  Location     Type
  2016 ;;		None
  2017 ;; Auto vars:     Size  Location     Type
  2018 ;;		None
  2019 ;; Return value:  Size  Location     Type
  2020 ;;                  1    wreg      void 
  2021 ;; Registers used:
  2022 ;;		wreg, status,2, status,0, pclath, cstack
  2023 ;; Tracked objects:
  2024 ;;		On entry : 0/0
  2025 ;;		On exit  : 0/0
  2026 ;;		Unchanged: 0/0
  2027 ;; Data sizes:     COMMON   BANK0   BANK1   BANK3   BANK2
  2028 ;;      Params:         0       0       0       0       0
  2029 ;;      Locals:         0       0       0       0       0
  2030 ;;      Temps:          0       0       0       0       0
  2031 ;;      Totals:         0       0       0       0       0
  2032 ;;Total ram usage:        0 bytes
  2033 ;; Hardware stack levels used:    1
  2034 ;; Hardware stack levels required when called:    1
  2035 ;; This function calls:
  2036 ;;		_I2C_Master_Wait
  2037 ;; This function is called by:
  2038 ;;		_EEPROM_Write_Page
  2039 ;;		_EEPROM_Read_Page
  2040 ;;		_EEPROM_Write
  2041 ;;		_EEPROM_Read
  2042 ;; This function uses a non-reentrant model
  2043 ;;
  2044                           psect	text7,local,class=CODE,delta=2,merge=1,group=0
  2045                           	line	32
  2046                           global __ptext7
  2047                           __ptext7:	;psect for function _I2C_Master_Stop
  2048  05A1                     psect	text7
  2049                           	file	"I2C_EEPROM.c"
  2050                           	line	32
  2051                           	global	__size_of_I2C_Master_Stop
  2052                           	__size_of_I2C_Master_Stop	equ	__end_of_I2C_Master_Stop-_I2C_Master_Stop
  2053  0009                     	
  2054                           _I2C_Master_Stop:	
  2055  05A1                     ;incstack = 0
  2056                           	opt	stack 5
  2057                           ; Regs used in _I2C_Master_Stop: [wreg+status,2+status,0+pclath+cstack]
  2058                           	line	34
  2059                           	
  2060                           l863:	
  2061  05A1                     ;I2C_EEPROM.c: 34:     I2C_Master_Wait();
  2062                           	fcall	_I2C_Master_Wait
  2063  05A1  120A  118A  25B6  120A  118A  	line	35
  2064                           	
  2065                           l865:	
  2066  05A6                     ;I2C_EEPROM.c: 35:     PEN = 1;
  2067                           	bsf	status, 5	;RP0=1, select bank1
  2068  05A6  1683               	bcf	status, 6	;RP1=0, select bank1
  2069  05A7  1303               	bsf	(1162/8)^080h,(1162)&7	;volatile
  2070  05A8  1511               	line	36
  2071                           	
  2072                           l72:	
  2073  05A9                     	return
  2074  05A9  0008               	opt stack 0
  2075                           GLOBAL	__end_of_I2C_Master_Stop
  2076                           	__end_of_I2C_Master_Stop:
  2077  05AA                     	signat	_I2C_Master_Stop,89
  2078                           	global	_I2C_Master_Start
  2079                           
  2080 ;; *************** function _I2C_Master_Start *****************
  2081 ;; Defined at:
  2082 ;;		line 22 in file "I2C_EEPROM.c"
  2083 ;; Parameters:    Size  Location     Type
  2084 ;;		None
  2085 ;; Auto vars:     Size  Location     Type
  2086 ;;		None
  2087 ;; Return value:  Size  Location     Type
  2088 ;;                  1    wreg      void 
  2089 ;; Registers used:
  2090 ;;		wreg, status,2, status,0, pclath, cstack
  2091 ;; Tracked objects:
  2092 ;;		On entry : 0/0
  2093 ;;		On exit  : 0/0
  2094 ;;		Unchanged: 0/0
  2095 ;; Data sizes:     COMMON   BANK0   BANK1   BANK3   BANK2
  2096 ;;      Params:         0       0       0       0       0
  2097 ;;      Locals:         0       0       0       0       0
  2098 ;;      Temps:          0       0       0       0       0
  2099 ;;      Totals:         0       0       0       0       0
  2100 ;;Total ram usage:        0 bytes
  2101 ;; Hardware stack levels used:    1
  2102 ;; Hardware stack levels required when called:    1
  2103 ;; This function calls:
  2104 ;;		_I2C_Master_Wait
  2105 ;; This function is called by:
  2106 ;;		_EEPROM_Write_Page
  2107 ;;		_EEPROM_Read_Page
  2108 ;;		_EEPROM_Write
  2109 ;;		_EEPROM_Read
  2110 ;; This function uses a non-reentrant model
  2111 ;;
  2112                           psect	text8,local,class=CODE,delta=2,merge=1,group=0
  2113                           	line	22
  2114                           global __ptext8
  2115                           __ptext8:	;psect for function _I2C_Master_Start
  2116  0598                     psect	text8
  2117                           	file	"I2C_EEPROM.c"
  2118                           	line	22
  2119                           	global	__size_of_I2C_Master_Start
  2120                           	__size_of_I2C_Master_Start	equ	__end_of_I2C_Master_Start-_I2C_Master_Start
  2121  0009                     	
  2122                           _I2C_Master_Start:	
  2123  0598                     ;incstack = 0
  2124                           	opt	stack 5
  2125                           ; Regs used in _I2C_Master_Start: [wreg+status,2+status,0+pclath+cstack]
  2126                           	line	24
  2127                           	
  2128                           l855:	
  2129  0598                     ;I2C_EEPROM.c: 24:     I2C_Master_Wait();
  2130                           	fcall	_I2C_Master_Wait
  2131  0598  120A  118A  25B6  120A  118A  	line	25
  2132                           	
  2133                           l857:	
  2134  059D                     ;I2C_EEPROM.c: 25:     SEN = 1;
  2135                           	bsf	status, 5	;RP0=1, select bank1
  2136  059D  1683               	bcf	status, 6	;RP1=0, select bank1
  2137  059E  1303               	bsf	(1160/8)^080h,(1160)&7	;volatile
  2138  059F  1411               	line	26
  2139                           	
  2140                           l66:	
  2141  05A0                     	return
  2142  05A0  0008               	opt stack 0
  2143                           GLOBAL	__end_of_I2C_Master_Start
  2144                           	__end_of_I2C_Master_Start:
  2145  05A1                     	signat	_I2C_Master_Start,89
  2146                           	global	_I2C_Master_RepeatedStart
  2147                           
  2148 ;; *************** function _I2C_Master_RepeatedStart *****************
  2149 ;; Defined at:
  2150 ;;		line 27 in file "I2C_EEPROM.c"
  2151 ;; Parameters:    Size  Location     Type
  2152 ;;		None
  2153 ;; Auto vars:     Size  Location     Type
  2154 ;;		None
  2155 ;; Return value:  Size  Location     Type
  2156 ;;                  1    wreg      void 
  2157 ;; Registers used:
  2158 ;;		wreg, status,2, status,0, pclath, cstack
  2159 ;; Tracked objects:
  2160 ;;		On entry : 0/0
  2161 ;;		On exit  : 0/0
  2162 ;;		Unchanged: 0/0
  2163 ;; Data sizes:     COMMON   BANK0   BANK1   BANK3   BANK2
  2164 ;;      Params:         0       0       0       0       0
  2165 ;;      Locals:         0       0       0       0       0
  2166 ;;      Temps:          0       0       0       0       0
  2167 ;;      Totals:         0       0       0       0       0
  2168 ;;Total ram usage:        0 bytes
  2169 ;; Hardware stack levels used:    1
  2170 ;; Hardware stack levels required when called:    1
  2171 ;; This function calls:
  2172 ;;		_I2C_Master_Wait
  2173 ;; This function is called by:
  2174 ;;		_EEPROM_Write_Page
  2175 ;;		_EEPROM_Read_Page
  2176 ;;		_EEPROM_Write
  2177 ;;		_EEPROM_Read
  2178 ;; This function uses a non-reentrant model
  2179 ;;
  2180                           psect	text9,local,class=CODE,delta=2,merge=1,group=0
  2181                           	line	27
  2182                           global __ptext9
  2183                           __ptext9:	;psect for function _I2C_Master_RepeatedStart
  2184  058F                     psect	text9
  2185                           	file	"I2C_EEPROM.c"
  2186                           	line	27
  2187                           	global	__size_of_I2C_Master_RepeatedStart
  2188                           	__size_of_I2C_Master_RepeatedStart	equ	__end_of_I2C_Master_RepeatedStart-_I2C_Master_Re
                                 peatedStart
  2189  0009                     	
  2190                           _I2C_Master_RepeatedStart:	
  2191  058F                     ;incstack = 0
  2192                           	opt	stack 5
  2193                           ; Regs used in _I2C_Master_RepeatedStart: [wreg+status,2+status,0+pclath+cstack]
  2194                           	line	29
  2195                           	
  2196                           l859:	
  2197  058F                     ;I2C_EEPROM.c: 29:     I2C_Master_Wait();
  2198                           	fcall	_I2C_Master_Wait
  2199  058F  120A  118A  25B6  120A  118A  	line	30
  2200                           	
  2201                           l861:	
  2202  0594                     ;I2C_EEPROM.c: 30:     RSEN = 1;
  2203                           	bsf	status, 5	;RP0=1, select bank1
  2204  0594  1683               	bcf	status, 6	;RP1=0, select bank1
  2205  0595  1303               	bsf	(1161/8)^080h,(1161)&7	;volatile
  2206  0596  1491               	line	31
  2207                           	
  2208                           l69:	
  2209  0597                     	return
  2210  0597  0008               	opt stack 0
  2211                           GLOBAL	__end_of_I2C_Master_RepeatedStart
  2212                           	__end_of_I2C_Master_RepeatedStart:
  2213  0598                     	signat	_I2C_Master_RepeatedStart,89
  2214                           	global	_I2C_ACK
  2215                           
  2216 ;; *************** function _I2C_ACK *****************
  2217 ;; Defined at:
  2218 ;;		line 55 in file "I2C_EEPROM.c"
  2219 ;; Parameters:    Size  Location     Type
  2220 ;;		None
  2221 ;; Auto vars:     Size  Location     Type
  2222 ;;		None
  2223 ;; Return value:  Size  Location     Type
  2224 ;;                  1    wreg      void 
  2225 ;; Registers used:
  2226 ;;		wreg, status,2, status,0, pclath, cstack
  2227 ;; Tracked objects:
  2228 ;;		On entry : 0/0
  2229 ;;		On exit  : 0/0
  2230 ;;		Unchanged: 0/0
  2231 ;; Data sizes:     COMMON   BANK0   BANK1   BANK3   BANK2
  2232 ;;      Params:         0       0       0       0       0
  2233 ;;      Locals:         0       0       0       0       0
  2234 ;;      Temps:          0       0       0       0       0
  2235 ;;      Totals:         0       0       0       0       0
  2236 ;;Total ram usage:        0 bytes
  2237 ;; Hardware stack levels used:    1
  2238 ;; Hardware stack levels required when called:    1
  2239 ;; This function calls:
  2240 ;;		_I2C_Master_Wait
  2241 ;; This function is called by:
  2242 ;;		_EEPROM_Read_Page
  2243 ;; This function uses a non-reentrant model
  2244 ;;
  2245                           psect	text10,local,class=CODE,delta=2,merge=1,group=0
  2246                           	line	55
  2247                           global __ptext10
  2248                           __ptext10:	;psect for function _I2C_ACK
  2249  05AA                     psect	text10
  2250                           	file	"I2C_EEPROM.c"
  2251                           	line	55
  2252                           	global	__size_of_I2C_ACK
  2253                           	__size_of_I2C_ACK	equ	__end_of_I2C_ACK-_I2C_ACK
  2254  000C                     	
  2255                           _I2C_ACK:	
  2256  05AA                     ;incstack = 0
  2257                           	opt	stack 5
  2258                           ; Regs used in _I2C_ACK: [wreg+status,2+status,0+pclath+cstack]
  2259                           	line	57
  2260                           	
  2261                           l885:	
  2262  05AA                     ;I2C_EEPROM.c: 57:  ACKDT = 0;
  2263                           	bsf	status, 5	;RP0=1, select bank1
  2264  05AA  1683               	bcf	status, 6	;RP1=0, select bank1
  2265  05AB  1303               	bcf	(1165/8)^080h,(1165)&7	;volatile
  2266  05AC  1291               	line	58
  2267                           	
  2268                           l887:	
  2269  05AD                     ;I2C_EEPROM.c: 58:  I2C_Master_Wait();
  2270                           	fcall	_I2C_Master_Wait
  2271  05AD  120A  118A  25B6  120A  118A  	line	59
  2272                           	
  2273                           l889:	
  2274  05B2                     ;I2C_EEPROM.c: 59:     ACKEN = 1;
  2275                           	bsf	status, 5	;RP0=1, select bank1
  2276  05B2  1683               	bcf	status, 6	;RP1=0, select bank1
  2277  05B3  1303               	bsf	(1164/8)^080h,(1164)&7	;volatile
  2278  05B4  1611               	line	60
  2279                           	
  2280                           l87:	
  2281  05B5                     	return
  2282  05B5  0008               	opt stack 0
  2283                           GLOBAL	__end_of_I2C_ACK
  2284                           	__end_of_I2C_ACK:
  2285  05B6                     	signat	_I2C_ACK,89
  2286                           	global	_I2C_Master_Wait
  2287                           
  2288 ;; *************** function _I2C_Master_Wait *****************
  2289 ;; Defined at:
  2290 ;;		line 18 in file "I2C_EEPROM.c"
  2291 ;; Parameters:    Size  Location     Type
  2292 ;;		None
  2293 ;; Auto vars:     Size  Location     Type
  2294 ;;		None
  2295 ;; Return value:  Size  Location     Type
  2296 ;;                  1    wreg      void 
  2297 ;; Registers used:
  2298 ;;		wreg, status,2
  2299 ;; Tracked objects:
  2300 ;;		On entry : 0/0
  2301 ;;		On exit  : 0/0
  2302 ;;		Unchanged: 0/0
  2303 ;; Data sizes:     COMMON   BANK0   BANK1   BANK3   BANK2
  2304 ;;      Params:         0       0       0       0       0
  2305 ;;      Locals:         0       0       0       0       0
  2306 ;;      Temps:          0       0       0       0       0
  2307 ;;      Totals:         0       0       0       0       0
  2308 ;;Total ram usage:        0 bytes
  2309 ;; Hardware stack levels used:    1
  2310 ;; This function calls:
  2311 ;;		Nothing
  2312 ;; This function is called by:
  2313 ;;		_I2C_Master_Start
  2314 ;;		_I2C_Master_RepeatedStart
  2315 ;;		_I2C_Master_Stop
  2316 ;;		_I2C_Master_Write
  2317 ;;		_I2C_Read_Byte
  2318 ;;		_I2C_ACK
  2319 ;;		_I2C_NACK
  2320 ;; This function uses a non-reentrant model
  2321 ;;
  2322                           psect	text11,local,class=CODE,delta=2,merge=1,group=0
  2323                           	line	18
  2324                           global __ptext11
  2325                           __ptext11:	;psect for function _I2C_Master_Wait
  2326  05B6                     psect	text11
  2327                           	file	"I2C_EEPROM.c"
  2328                           	line	18
  2329                           	global	__size_of_I2C_Master_Wait
  2330                           	__size_of_I2C_Master_Wait	equ	__end_of_I2C_Master_Wait-_I2C_Master_Wait
  2331  000F                     	
  2332                           _I2C_Master_Wait:	
  2333  05B6                     ;incstack = 0
  2334                           	opt	stack 5
  2335                           ; Regs used in _I2C_Master_Wait: [wreg+status,2]
  2336                           	line	20
  2337                           	
  2338                           l851:	
  2339  05B6                     ;I2C_EEPROM.c: 20:     while ((SSPSTAT & 0x04) || (SSPCON2 & 0x1F));
  2340                           	goto	l60
  2341  05B6  2DB7               	
  2342                           l61:	
  2343  05B7                     	
  2344                           l60:	
  2345  05B7                     	bsf	status, 5	;RP0=1, select bank1
  2346  05B7  1683               	bcf	status, 6	;RP1=0, select bank1
  2347  05B8  1303               	btfsc	(148)^080h,(2)&7	;volatile
  2348  05B9  1914               	goto	u211
  2349  05BA  2DBC               	goto	u210
  2350  05BB  2DBD               u211:
  2351  05BC                     	goto	l60
  2352  05BC  2DB7               u210:
  2353  05BD                     	
  2354                           l853:	
  2355  05BD                     	movf	(145)^080h,w	;volatile
  2356  05BD  0811               	andlw	01Fh
  2357  05BE  391F               	btfss	status,2
  2358  05BF  1D03               	goto	u221
  2359  05C0  2DC2               	goto	u220
  2360  05C1  2DC3               u221:
  2361  05C2                     	goto	l60
  2362  05C2  2DB7               u220:
  2363  05C3                     	goto	l63
  2364  05C3  2DC4               	
  2365                           l62:	
  2366  05C4                     	line	21
  2367                           	
  2368                           l63:	
  2369  05C4                     	return
  2370  05C4  0008               	opt stack 0
  2371                           GLOBAL	__end_of_I2C_Master_Wait
  2372                           	__end_of_I2C_Master_Wait:
  2373  05C5                     	signat	_I2C_Master_Wait,89
  2374                           global	___latbits
  2375                           ___latbits	equ	2
  2376  0002                     	global	btemp
  2377                           	btemp set 07Eh
  2378  007E                     
  2379                           	DABS	1,126,2	;btemp
  2380                           	global	wtemp0
  2381                           	wtemp0 set btemp+0
  2382  007E                     	end


Data Sizes:
    Strings     0
    Constant    0
    Data        5
    BSS         0
    Persistent  0
    Stack       0

Auto Spaces:
    Space          Size  Autos    Used
    COMMON           14     14      14
    BANK0            80     25      30
    BANK1            80      0       0
    BANK3            96      0       0
    BANK2            96      0       0

Pointer List with Targets:

    EEPROM_Read_Page@data	PTR unsigned char  size(1) Largest target is 5
		 -> main@ReadBuffer(BANK0[5]), 

    EEPROM_Write_Page@data	PTR unsigned char  size(1) Largest target is 5
		 -> main@Buffer(BANK0[5]), 


Critical Paths under _main in COMMON

    _I2C_Master_Init->___lldiv
    _EEPROM_Write_Page->_I2C_Master_Write
    _EEPROM_Read_Page->_I2C_Master_Write

Critical Paths under _main in BANK0

    _main->_I2C_Master_Init

Critical Paths under _main in BANK1

    None.

Critical Paths under _main in BANK3

    None.

Critical Paths under _main in BANK2

    None.

Call Graph Tables:

 ---------------------------------------------------------------------------------
 (Depth) Function   	        Calls       Base Space   Used Autos Params    Refs
 ---------------------------------------------------------------------------------
 (0) _main                                                17    17      0    1364
                                              8 BANK0     17    17      0
                   _EEPROM_Read_Page
                  _EEPROM_Write_Page
                    _I2C_Master_Init
 ---------------------------------------------------------------------------------
 (1) _I2C_Master_Init                                      8     4      4     412
                                              0 BANK0      8     4      4
                            ___lldiv
 ---------------------------------------------------------------------------------
 (2) ___lldiv                                             14     6      8     314
                                              0 COMMON    14     6      8
 ---------------------------------------------------------------------------------
 (1) _EEPROM_Write_Page                                    8     4      4     384
                                              1 COMMON     8     4      4
           _I2C_Master_RepeatedStart
                   _I2C_Master_Start
                    _I2C_Master_Stop
                   _I2C_Master_Write
 ---------------------------------------------------------------------------------
 (1) _EEPROM_Read_Page                                     9     4      5     384
                                              1 COMMON     9     4      5
                            _I2C_ACK
           _I2C_Master_RepeatedStart
                   _I2C_Master_Start
                    _I2C_Master_Stop
                   _I2C_Master_Write
                      _I2C_Read_Byte
 ---------------------------------------------------------------------------------
 (2) _I2C_Read_Byte                                        0     0      0       0
                    _I2C_Master_Wait
 ---------------------------------------------------------------------------------
 (2) _I2C_Master_Write                                     1     1      0      22
                                              0 COMMON     1     1      0
                    _I2C_Master_Wait
 ---------------------------------------------------------------------------------
 (2) _I2C_Master_Stop                                      0     0      0       0
                    _I2C_Master_Wait
 ---------------------------------------------------------------------------------
 (2) _I2C_Master_Start                                     0     0      0       0
                    _I2C_Master_Wait
 ---------------------------------------------------------------------------------
 (2) _I2C_Master_RepeatedStart                             0     0      0       0
                    _I2C_Master_Wait
 ---------------------------------------------------------------------------------
 (2) _I2C_ACK                                              0     0      0       0
                    _I2C_Master_Wait
 ---------------------------------------------------------------------------------
 (3) _I2C_Master_Wait                                      0     0      0       0
 ---------------------------------------------------------------------------------
 Estimated maximum stack depth 3
 ---------------------------------------------------------------------------------

 Call Graph Graphs:

 _main (ROOT)
   _EEPROM_Read_Page
     _I2C_ACK
       _I2C_Master_Wait
     _I2C_Master_RepeatedStart
       _I2C_Master_Wait
     _I2C_Master_Start
       _I2C_Master_Wait
     _I2C_Master_Stop
       _I2C_Master_Wait
     _I2C_Master_Write
       _I2C_Master_Wait
     _I2C_Read_Byte
       _I2C_Master_Wait
   _EEPROM_Write_Page
     _I2C_Master_RepeatedStart
       _I2C_Master_Wait
     _I2C_Master_Start
       _I2C_Master_Wait
     _I2C_Master_Stop
       _I2C_Master_Wait
     _I2C_Master_Write
       _I2C_Master_Wait
   _I2C_Master_Init
     ___lldiv

 Address spaces:
Name               Size   Autos  Total    Cost      Usage
BANK3               60      0       0       9        0.0%
BITBANK3            60      0       0       8        0.0%
SFR3                 0      0       0       4        0.0%
BITSFR3              0      0       0       4        0.0%
BANK2               60      0       0      11        0.0%
BITBANK2            60      0       0      10        0.0%
SFR2                 0      0       0       5        0.0%
BITSFR2              0      0       0       5        0.0%
BANK1               50      0       0       7        0.0%
BITBANK1            50      0       0       6        0.0%
SFR1                 0      0       0       2        0.0%
BITSFR1              0      0       0       2        0.0%
BANK0               50     19      1E       5       37.5%
BITBANK0            50      0       0       4        0.0%
SFR0                 0      0       0       1        0.0%
BITSFR0              0      0       0       1        0.0%
COMMON               E      E       E       1      100.0%
BITCOMMON            E      0       0       0        0.0%
CODE                 0      0       0       0        0.0%
DATA                 0      0      2C      12        0.0%
ABS                  0      0      2C       3        0.0%
NULL                 0      0       0       0        0.0%
STACK                0      0       0       2        0.0%
EEDATA             100      0       0       0        0.0%


Microchip Technology PIC Macro Assembler V2.00 build -1524193055 
Symbol Table                                                                                   Sun Sep 29 18:10:45 2019

                      __CFG_CP$OFF 0000                                 l20 07DA  
                               l21 07DA                                 l22 07DA  
                               l23 07DB                                 l24 07DB  
                               l19 07AD                                 l60 05B7  
                               l61 05B7                                 l62 05C4  
                               l63 05C4                                 l72 05A9  
                               l81 05E5                                 l57 062C  
                               l66 05A0                                 l82 05E5  
                               l75 05D0                                 l83 05EA  
                               l76 05D0                                 l84 05F4  
                               l69 0597                                 l77 05D4  
                               l78 05DB                                 l87 05B5  
                               l99 0638                                l100 0633  
                              l101 0644                                l102 0666  
                              l103 0653                                l120 06D5  
                              l104 0674                                l105 0679  
                              l114 0685                                l115 0680  
                              l116 0691                                l117 06C5  
                              l118 06AB                                l119 06D0  
                              l240 0728                                l241 0738  
                              l242 0742                                l235 0739  
                              l236 06F7                                l237 06E9  
                              l238 06FC                                l239 06FD  
                              l901 0706                                l903 0718  
                              l911 0739                                l913 0742  
                              l905 0726                                l921 0629  
                              l851 05B6                                l931 0644  
                              l907 0728                                l923 062A  
                              l915 05F5                                l853 05BD  
                              l861 0594                                l941 0674  
                              l933 0650                                l909 0731  
                              l925 062B                                l917 05F9  
                              l855 0598                                l863 05A1  
                              l871 05D5                                l951 06AB  
                              l943 067A                                l935 0653  
                              l927 062D                                l919 05FC  
                              l857 059D                                l865 05A6  
                              l873 05DB                                l881 05F0  
                              l953 06B9                                l945 0680  
                              l937 065F                                l929 0633  
                              l859 058F                                l867 05C6  
                              l883 05F4                                l875 05DC  
                              l955 06BE                                l947 0691  
                              l939 0666                                l891 06D6  
                              l971 0758                                l885 05AA  
                              l869 05CB                                l877 05E1  
                              l957 06C5                                l949 06A8  
                              l893 06E6                                l981 079A  
                              l973 0769                                l887 05AD  
                              l879 05EB                                l959 06D0  
                              l895 06E9                                l991 07C4  
                              l983 079E                                l975 077A  
                              l967 0743                                l889 05B2  
                              l897 06F7                                l993 07CC  
                              l985 07AC                                l977 0784  
                              l969 0752                                l899 06FD  
                              l987 07AD                                l979 0787  
                              l989 07B5                                u210 05BD  
                              u211 05BC                                u220 05C3  
                              u221 05C2                                u230 05D4  
                              u310 0737                                u231 05D3  
                              u311 0736                                u240 05EA  
                              u320 060C                                u241 05E9  
                              u305 0729                                u330 0643  
                              u250 06E6                                u331 0642  
                              u251 06E5                                u340 0673  
                              u341 0672                                u325 0607  
                              u350 0690                                u270 06FB  
                              u351 068F                                u271 06FA  
                              u360 06CF                                _PEN 048A  
                              u361 06CE                                u345 066F  
                              u265 06EB                                u417 0780  
                              u290 0718                                u370 07AB  
                     __CFG_CPD$OFF 0000                                u291 0717  
                              u427 07BD                                u371 07AA  
                              u380 07D9                                u365 06CB  
                              u285 06FF                                u381 07D8  
                              u295 0714                                u375 07A7  
                              u385 07D5                                _SEN 0488  
                  __end_of_I2C_ACK 05B6                                fsr0 0004  
                              indf 0000          __end_of_EEPROM_Write_Page 067A  
                     __CFG_FOSC$HS 0000                       __CFG_LVP$OFF 0000  
                             _RCEN 048B                               _RSEN 0489  
                     __CFG_WRT$OFF 0000   __end_of_I2C_Master_RepeatedStart 0598  
                             _main 0743                               btemp 007E  
                             start 0000               EEPROM_Write_Page@add 0071  
             EEPROM_Write_Page@len 0074                   ?_I2C_Master_Init 0020  
                 ?_I2C_Master_Wait 0070                   ?_I2C_Master_Stop 0070  
                            ?_main 0070                              _ACKEN 048C  
                            _ACKDT 048D                      __CFG_WDTE$OFF 0000  
                  __end_of___lldiv 0743                              _PORTD 0008  
                            _TRISD 0088                              _SSPIF 0063  
                   main@ReadBuffer 0030             __size_of_I2C_Read_Byte 0019  
                            main@i 0037                     __CFG_BOREN$OFF 0000  
                            status 0003                              wtemp0 007E  
                  __initialization 07DE                       __end_of_main 07DE  
                        ??_I2C_ACK 0070           __end_of_EEPROM_Read_Page 06D6  
                           ??_main 0028              EEPROM_Write_Page@data 0073  
       __size_of_EEPROM_Write_Page 004D                  ?_I2C_Master_Start 0070  
                ?_I2C_Master_Write 0070                 ??_I2C_Master_Start 0070  
               ??_I2C_Master_Write 0070                             _SSPADD 0093  
                           _TRISC3 043B                             _TRISC4 043C  
                           _SSPCON 0014                             _SSPBUF 0013  
                   __CFG_PWRTE$OFF 0000           _I2C_Master_RepeatedStart 058F  
                    _I2C_Read_Byte 05DC                          ??___lldiv 0078  
          __end_of__initialization 07FC                     ?_I2C_Read_Byte 0070  
                   __pcstackCOMMON 0070                       __pidataBANK0 058A  
                       __pmaintext 0743                            _I2C_ACK 05AA  
                          _ACKSTAT 048E                            _SSPCON2 0091  
                          _SSPSTAT 0094                    ??_I2C_Read_Byte 0070  
                          ___lldiv 06D6                            __ptext1 05F5  
                          __ptext2 06D6                            __ptext3 062D  
                          __ptext4 067A                            __ptext5 05DC  
                          __ptext6 05C5                            __ptext7 05A1  
                          __ptext8 0598                            __ptext9 058F  
                ?_EEPROM_Read_Page 0071                 ??_EEPROM_Read_Page 0076  
         __size_of_I2C_Master_Init 0038           __size_of_I2C_Master_Wait 000F  
         __size_of_I2C_Master_Stop 0009               end_of_initialization 07FC  
       ??_I2C_Master_RepeatedStart 0070          __size_of_I2C_Master_Start 0009  
        __size_of_I2C_Master_Write 0017                    ___lldiv@divisor 0070  
                  ___lldiv@counter 007D                         main@Buffer 002B  
               EEPROM_Write_Page@i 0077                start_initialization 07DE  
                ??_I2C_Master_Init 0024                  ??_I2C_Master_Wait 0070  
                ??_I2C_Master_Stop 0070                        __pdataBANK0 0039  
                         ?_I2C_ACK 0070                          ___latbits 0002  
                    __pcstackBANK0 0020                   _I2C_Master_Start 0598  
                 _I2C_Master_Write 05C5                           ?___lldiv 0070  
             I2C_Master_Write@data 0070          __size_of_EEPROM_Read_Page 005C  
            __end_of_I2C_Read_Byte 05F5                   __size_of_I2C_ACK 000C  
              I2C_Master_Init@baud 0020  __size_of_I2C_Master_RepeatedStart 0009  
        ?_I2C_Master_RepeatedStart 0070                   __size_of___lldiv 006D  
                  _I2C_Master_Init 05F5                    _I2C_Master_Wait 05B6  
                  _I2C_Master_Stop 05A1                           __ptext10 05AA  
                         __ptext11 05B6                      __size_of_main 009B  
                         main@F876 0039           __end_of_I2C_Master_Start 05A1  
         __end_of_I2C_Master_Write 05DC               EEPROM_Read_Page@data 0073  
                 _EEPROM_Read_Page 067A                   ___lldiv@dividend 0074  
          __end_of_I2C_Master_Init 062D            __end_of_I2C_Master_Wait 05C5  
          __end_of_I2C_Master_Stop 05AA                EEPROM_Read_Page@add 0071  
              EEPROM_Read_Page@len 0074                   ___lldiv@quotient 0079  
                _EEPROM_Write_Page 062D                 ?_EEPROM_Write_Page 0071  
                EEPROM_Read_Page@i 0078                ??_EEPROM_Write_Page 0075  
                      main@Address 0035  
