

Microchip MPLAB XC8 Assembler V3.00 build 20241204225717 
                                                                                               Thu Jun 19 22:58:46 2025

Microchip MPLAB XC8 C Compiler v3.00 (Free license) build 20241204225717 Og1 
     1                           	processor	16F877A
     2                           	pagewidth 120
     3                           	opt	flic
     4                           	psect	idataBANK0,global,class=CODE,space=0,delta=2,noexec
     5                           	psect	strings,global,class=STRING,space=0,delta=2,noexec
     6                           	psect	cinit,global,class=CODE,space=0,merge=1,delta=2
     7                           	psect	bssBANK0,global,class=BANK0,space=1,delta=1,noexec
     8                           	psect	dataBANK0,global,class=BANK0,space=1,delta=1,noexec
     9                           	psect	inittext,global,class=CODE,space=0,delta=2
    10                           	psect	cstackCOMMON,global,class=COMMON,space=1,delta=1,noexec
    11                           	psect	cstackBANK0,global,class=BANK0,space=1,delta=1,noexec
    12                           	psect	maintext,global,class=CODE,space=0,split=1,delta=2
    13                           	psect	text1,local,class=CODE,space=0,merge=1,delta=2
    14                           	psect	text2,local,class=CODE,space=0,merge=1,delta=2,group=1
    15                           	psect	text3,local,class=CODE,space=0,merge=1,delta=2
    16                           	psect	text4,local,class=CODE,space=0,merge=1,delta=2
    17                           	psect	text5,local,class=CODE,space=0,merge=1,delta=2
    18                           	psect	text6,local,class=CODE,space=0,merge=1,delta=2,group=1
    19                           	psect	text7,local,class=CODE,space=0,merge=1,delta=2,group=1
    20                           	psect	text8,local,class=CODE,space=0,merge=1,delta=2
    21                           	dabs	1,0x7E,2
    22     0000                     
    23                           ; Generated 12/10/2023 GMT
    24                           ; 
    25                           ; Copyright © 2023, Microchip Technology Inc. and its subsidiaries ("Microchip")
    26                           ; All rights reserved.
    27                           ; 
    28                           ; This software is developed by Microchip Technology Inc. and its subsidiaries ("Microch
      +                          ip").
    29                           ; 
    30                           ; Redistribution and use in source and binary forms, with or without modification, are
    31                           ; permitted provided that the following conditions are met:
    32                           ; 
    33                           ;     1. Redistributions of source code must retain the above copyright notice, this lis
      +                          t of
    34                           ;        conditions and the following disclaimer.
    35                           ; 
    36                           ;     2. Redistributions in binary form must reproduce the above copyright notice, this 
      +                          list
    37                           ;        of conditions and the following disclaimer in the documentation and/or other
    38                           ;        materials provided with the distribution. Publication is not required when
    39                           ;        this file is used in an embedded application.
    40                           ; 
    41                           ;     3. Microchip's name may not be used to endorse or promote products derived from th
      +                          is
    42                           ;        software without specific prior written permission.
    43                           ; 
    44                           ; THIS SOFTWARE IS PROVIDED BY MICROCHIP "AS IS" AND ANY EXPRESS OR IMPLIED WARRANTIES,
    45                           ; INCLUDING, BUT NOT LIMITED TO, THE IMPLIED WARRANTIES OF MERCHANTABILITY AND FITNESS F
      +                          OR
    46                           ; PURPOSE ARE DISCLAIMED.  IN NO EVENT SHALL MICROCHIP BE LIABLE FOR ANY DIRECT, INDIREC
      +                          T,
    47                           ; INCIDENTAL, SPECIAL, EXEMPLARY, OR CONSEQUENTIAL DAMAGES (INCLUDING BUT NOT LIMITED TO
    48                           ; PROCUREMENT OF SUBSTITUTE GOODS OR SERVICES; LOSS OF USE, DATA OR PROFITS; OR BUSINESS
    49                           ; INTERRUPTION) HOWSOEVER CAUSED AND ON ANY THEORY OF LIABILITY, WHETHER IN CONTRACT, ST
      +                          RICT
    50                           ; LIABILITY, OR TORT (INCLUDING NEGLIGENCE OR OTHERWISE) ARISING IN ANY WAY OUT OF THE U
      +                          SE OF
    51                           ; THIS SOFTWARE, EVEN IF ADVISED OF THE POSSIBILITY OF SUCH DAMAGE.
    52                           ; 
    53                           ; 
    54                           ; Code-generator required, PIC16F877A Definitions
    55                           ; 
    56                           ; SFR Addresses
    57     0004                     fsr             equ	4
    58     0004                     fsr0            equ	4
    59     0000                     indf            equ	0
    60     0000                     indf0           equ	0
    61     0002                     pc              equ	2
    62     0002                     pcl             equ	2
    63     000A                     pclath          equ	10
    64     0003                     status          equ	3
    65     0000                     INDF            equ	0	;# 
    66     0001                     TMR0            equ	1	;# 
    67     0002                     PCL             equ	2	;# 
    68     0003                     STATUS          equ	3	;# 
    69     0004                     FSR             equ	4	;# 
    70     0005                     PORTA           equ	5	;# 
    71     0006                     PORTB           equ	6	;# 
    72     0007                     PORTC           equ	7	;# 
    73     0008                     PORTD           equ	8	;# 
    74     0009                     PORTE           equ	9	;# 
    75     000A                     PCLATH          equ	10	;# 
    76     000B                     INTCON          equ	11	;# 
    77     000C                     PIR1            equ	12	;# 
    78     000D                     PIR2            equ	13	;# 
    79     000E                     TMR1            equ	14	;# 
    80     000E                     TMR1L           equ	14	;# 
    81     000F                     TMR1H           equ	15	;# 
    82     0010                     T1CON           equ	16	;# 
    83     0011                     TMR2            equ	17	;# 
    84     0012                     T2CON           equ	18	;# 
    85     0013                     SSPBUF          equ	19	;# 
    86     0014                     SSPCON          equ	20	;# 
    87     0015                     CCPR1           equ	21	;# 
    88     0015                     CCPR1L          equ	21	;# 
    89     0016                     CCPR1H          equ	22	;# 
    90     0017                     CCP1CON         equ	23	;# 
    91     0018                     RCSTA           equ	24	;# 
    92     0019                     TXREG           equ	25	;# 
    93     001A                     RCREG           equ	26	;# 
    94     001B                     CCPR2           equ	27	;# 
    95     001B                     CCPR2L          equ	27	;# 
    96     001C                     CCPR2H          equ	28	;# 
    97     001D                     CCP2CON         equ	29	;# 
    98     001E                     ADRESH          equ	30	;# 
    99     001F                     ADCON0          equ	31	;# 
   100     0081                     OPTION_REG      equ	129	;# 
   101     0085                     TRISA           equ	133	;# 
   102     0086                     TRISB           equ	134	;# 
   103     0087                     TRISC           equ	135	;# 
   104     0088                     TRISD           equ	136	;# 
   105     0089                     TRISE           equ	137	;# 
   106     008C                     PIE1            equ	140	;# 
   107     008D                     PIE2            equ	141	;# 
   108     008E                     PCON            equ	142	;# 
   109     0091                     SSPCON2         equ	145	;# 
   110     0092                     PR2             equ	146	;# 
   111     0093                     SSPADD          equ	147	;# 
   112     0094                     SSPSTAT         equ	148	;# 
   113     0098                     TXSTA           equ	152	;# 
   114     0099                     SPBRG           equ	153	;# 
   115     009C                     CMCON           equ	156	;# 
   116     009D                     CVRCON          equ	157	;# 
   117     009E                     ADRESL          equ	158	;# 
   118     009F                     ADCON1          equ	159	;# 
   119     010C                     EEDATA          equ	268	;# 
   120     010D                     EEADR           equ	269	;# 
   121     010E                     EEDATH          equ	270	;# 
   122     010F                     EEADRH          equ	271	;# 
   123     018C                     EECON1          equ	396	;# 
   124     018D                     EECON2          equ	397	;# 
   125     0000                     INDF            equ	0	;# 
   126     0001                     TMR0            equ	1	;# 
   127     0002                     PCL             equ	2	;# 
   128     0003                     STATUS          equ	3	;# 
   129     0004                     FSR             equ	4	;# 
   130     0005                     PORTA           equ	5	;# 
   131     0006                     PORTB           equ	6	;# 
   132     0007                     PORTC           equ	7	;# 
   133     0008                     PORTD           equ	8	;# 
   134     0009                     PORTE           equ	9	;# 
   135     000A                     PCLATH          equ	10	;# 
   136     000B                     INTCON          equ	11	;# 
   137     000C                     PIR1            equ	12	;# 
   138     000D                     PIR2            equ	13	;# 
   139     000E                     TMR1            equ	14	;# 
   140     000E                     TMR1L           equ	14	;# 
   141     000F                     TMR1H           equ	15	;# 
   142     0010                     T1CON           equ	16	;# 
   143     0011                     TMR2            equ	17	;# 
   144     0012                     T2CON           equ	18	;# 
   145     0013                     SSPBUF          equ	19	;# 
   146     0014                     SSPCON          equ	20	;# 
   147     0015                     CCPR1           equ	21	;# 
   148     0015                     CCPR1L          equ	21	;# 
   149     0016                     CCPR1H          equ	22	;# 
   150     0017                     CCP1CON         equ	23	;# 
   151     0018                     RCSTA           equ	24	;# 
   152     0019                     TXREG           equ	25	;# 
   153     001A                     RCREG           equ	26	;# 
   154     001B                     CCPR2           equ	27	;# 
   155     001B                     CCPR2L          equ	27	;# 
   156     001C                     CCPR2H          equ	28	;# 
   157     001D                     CCP2CON         equ	29	;# 
   158     001E                     ADRESH          equ	30	;# 
   159     001F                     ADCON0          equ	31	;# 
   160     0081                     OPTION_REG      equ	129	;# 
   161     0085                     TRISA           equ	133	;# 
   162     0086                     TRISB           equ	134	;# 
   163     0087                     TRISC           equ	135	;# 
   164     0088                     TRISD           equ	136	;# 
   165     0089                     TRISE           equ	137	;# 
   166     008C                     PIE1            equ	140	;# 
   167     008D                     PIE2            equ	141	;# 
   168     008E                     PCON            equ	142	;# 
   169     0091                     SSPCON2         equ	145	;# 
   170     0092                     PR2             equ	146	;# 
   171     0093                     SSPADD          equ	147	;# 
   172     0094                     SSPSTAT         equ	148	;# 
   173     0098                     TXSTA           equ	152	;# 
   174     0099                     SPBRG           equ	153	;# 
   175     009C                     CMCON           equ	156	;# 
   176     009D                     CVRCON          equ	157	;# 
   177     009E                     ADRESL          equ	158	;# 
   178     009F                     ADCON1          equ	159	;# 
   179     010C                     EEDATA          equ	268	;# 
   180     010D                     EEADR           equ	269	;# 
   181     010E                     EEDATH          equ	270	;# 
   182     010F                     EEADRH          equ	271	;# 
   183     018C                     EECON1          equ	396	;# 
   184     018D                     EECON2          equ	397	;# 
   185     0000                     INDF            equ	0	;# 
   186     0001                     TMR0            equ	1	;# 
   187     0002                     PCL             equ	2	;# 
   188     0003                     STATUS          equ	3	;# 
   189     0004                     FSR             equ	4	;# 
   190     0005                     PORTA           equ	5	;# 
   191     0006                     PORTB           equ	6	;# 
   192     0007                     PORTC           equ	7	;# 
   193     0008                     PORTD           equ	8	;# 
   194     0009                     PORTE           equ	9	;# 
   195     000A                     PCLATH          equ	10	;# 
   196     000B                     INTCON          equ	11	;# 
   197     000C                     PIR1            equ	12	;# 
   198     000D                     PIR2            equ	13	;# 
   199     000E                     TMR1            equ	14	;# 
   200     000E                     TMR1L           equ	14	;# 
   201     000F                     TMR1H           equ	15	;# 
   202     0010                     T1CON           equ	16	;# 
   203     0011                     TMR2            equ	17	;# 
   204     0012                     T2CON           equ	18	;# 
   205     0013                     SSPBUF          equ	19	;# 
   206     0014                     SSPCON          equ	20	;# 
   207     0015                     CCPR1           equ	21	;# 
   208     0015                     CCPR1L          equ	21	;# 
   209     0016                     CCPR1H          equ	22	;# 
   210     0017                     CCP1CON         equ	23	;# 
   211     0018                     RCSTA           equ	24	;# 
   212     0019                     TXREG           equ	25	;# 
   213     001A                     RCREG           equ	26	;# 
   214     001B                     CCPR2           equ	27	;# 
   215     001B                     CCPR2L          equ	27	;# 
   216     001C                     CCPR2H          equ	28	;# 
   217     001D                     CCP2CON         equ	29	;# 
   218     001E                     ADRESH          equ	30	;# 
   219     001F                     ADCON0          equ	31	;# 
   220     0081                     OPTION_REG      equ	129	;# 
   221     0085                     TRISA           equ	133	;# 
   222     0086                     TRISB           equ	134	;# 
   223     0087                     TRISC           equ	135	;# 
   224     0088                     TRISD           equ	136	;# 
   225     0089                     TRISE           equ	137	;# 
   226     008C                     PIE1            equ	140	;# 
   227     008D                     PIE2            equ	141	;# 
   228     008E                     PCON            equ	142	;# 
   229     0091                     SSPCON2         equ	145	;# 
   230     0092                     PR2             equ	146	;# 
   231     0093                     SSPADD          equ	147	;# 
   232     0094                     SSPSTAT         equ	148	;# 
   233     0098                     TXSTA           equ	152	;# 
   234     0099                     SPBRG           equ	153	;# 
   235     009C                     CMCON           equ	156	;# 
   236     009D                     CVRCON          equ	157	;# 
   237     009E                     ADRESL          equ	158	;# 
   238     009F                     ADCON1          equ	159	;# 
   239     010C                     EEDATA          equ	268	;# 
   240     010D                     EEADR           equ	269	;# 
   241     010E                     EEDATH          equ	270	;# 
   242     010F                     EEADRH          equ	271	;# 
   243     018C                     EECON1          equ	396	;# 
   244     018D                     EECON2          equ	397	;# 
   245     0000                     INDF            equ	0	;# 
   246     0001                     TMR0            equ	1	;# 
   247     0002                     PCL             equ	2	;# 
   248     0003                     STATUS          equ	3	;# 
   249     0004                     FSR             equ	4	;# 
   250     0005                     PORTA           equ	5	;# 
   251     0006                     PORTB           equ	6	;# 
   252     0007                     PORTC           equ	7	;# 
   253     0008                     PORTD           equ	8	;# 
   254     0009                     PORTE           equ	9	;# 
   255     000A                     PCLATH          equ	10	;# 
   256     000B                     INTCON          equ	11	;# 
   257     000C                     PIR1            equ	12	;# 
   258     000D                     PIR2            equ	13	;# 
   259     000E                     TMR1            equ	14	;# 
   260     000E                     TMR1L           equ	14	;# 
   261     000F                     TMR1H           equ	15	;# 
   262     0010                     T1CON           equ	16	;# 
   263     0011                     TMR2            equ	17	;# 
   264     0012                     T2CON           equ	18	;# 
   265     0013                     SSPBUF          equ	19	;# 
   266     0014                     SSPCON          equ	20	;# 
   267     0015                     CCPR1           equ	21	;# 
   268     0015                     CCPR1L          equ	21	;# 
   269     0016                     CCPR1H          equ	22	;# 
   270     0017                     CCP1CON         equ	23	;# 
   271     0018                     RCSTA           equ	24	;# 
   272     0019                     TXREG           equ	25	;# 
   273     001A                     RCREG           equ	26	;# 
   274     001B                     CCPR2           equ	27	;# 
   275     001B                     CCPR2L          equ	27	;# 
   276     001C                     CCPR2H          equ	28	;# 
   277     001D                     CCP2CON         equ	29	;# 
   278     001E                     ADRESH          equ	30	;# 
   279     001F                     ADCON0          equ	31	;# 
   280     0081                     OPTION_REG      equ	129	;# 
   281     0085                     TRISA           equ	133	;# 
   282     0086                     TRISB           equ	134	;# 
   283     0087                     TRISC           equ	135	;# 
   284     0088                     TRISD           equ	136	;# 
   285     0089                     TRISE           equ	137	;# 
   286     008C                     PIE1            equ	140	;# 
   287     008D                     PIE2            equ	141	;# 
   288     008E                     PCON            equ	142	;# 
   289     0091                     SSPCON2         equ	145	;# 
   290     0092                     PR2             equ	146	;# 
   291     0093                     SSPADD          equ	147	;# 
   292     0094                     SSPSTAT         equ	148	;# 
   293     0098                     TXSTA           equ	152	;# 
   294     0099                     SPBRG           equ	153	;# 
   295     009C                     CMCON           equ	156	;# 
   296     009D                     CVRCON          equ	157	;# 
   297     009E                     ADRESL          equ	158	;# 
   298     009F                     ADCON1          equ	159	;# 
   299     010C                     EEDATA          equ	268	;# 
   300     010D                     EEADR           equ	269	;# 
   301     010E                     EEDATH          equ	270	;# 
   302     010F                     EEADRH          equ	271	;# 
   303     018C                     EECON1          equ	396	;# 
   304     018D                     EECON2          equ	397	;# 
   305                           
   306                           	psect	idataBANK0
   307     03A9                     __pidataBANK0:
   308                           
   309                           ;initializer for _RESULT
   310     03A9  3452               	retlw	82
   311     03AA  3445               	retlw	69
   312     03AB  3453               	retlw	83
   313     03AC  3455               	retlw	85
   314     03AD  344C               	retlw	76
   315     03AE  3454               	retlw	84
   316     03AF  343A               	retlw	58
   317     03B0  3400               	retlw	0
   318                           
   319                           	psect	strings
   320     0003                     __pstrings:
   321     0003                     stringtab:
   322     0003                     __stringtab:
   323     0003                     stringcode:	
   324                           ;	String table - string pointers are 1 byte each
   325                           
   326     0003                     stringdir:
   327     0003  3000               	movlw	high stringdir
   328     0004  008A               	movwf	10
   329     0005  0804               	movf	4,w
   330     0006  0A84               	incf	4,f
   331     0007  0782               	addwf	2,f
   332     0008                     __stringbase:
   333     0008  3400               	retlw	0
   334     0009                     __end_of__stringtab:
   335     0009                     _keymap:
   336     0009  3437               	retlw	55
   337     000A  3438               	retlw	56
   338     000B  3439               	retlw	57
   339     000C  3425               	retlw	37
   340     000D  3434               	retlw	52
   341     000E  3435               	retlw	53
   342     000F  3436               	retlw	54
   343     0010  3458               	retlw	88
   344     0011  3431               	retlw	49
   345     0012  3432               	retlw	50
   346     0013  3433               	retlw	51
   347     0014  342D               	retlw	45
   348     0015  3443               	retlw	67
   349     0016  3430               	retlw	48
   350     0017  343D               	retlw	61
   351     0018  342B               	retlw	43
   352     0019                     __end_of_keymap:
   353     0008                     _PORTD          set	8
   354     0007                     _PORTC          set	7
   355     0006                     _PORTB          set	6
   356     0088                     _TRISD          set	136
   357     0087                     _TRISC          set	135
   358     0086                     _TRISB          set	134
   359     0081                     _OPTION_REG     set	129
   360                           
   361                           	psect	cinit
   362     07E6                     start_initialization:	
   363                           ; #config settings
   364                           
   365     07E6                     __initialization:
   366                           
   367                           ; Initialize objects allocated to BANK0
   368     07E6  1383               	bcf	3,7	;select IRP bank0
   369     07E7  303F               	movlw	low (__pdataBANK0+8)
   370     07E8  00FD               	movwf	btemp+-1
   371     07E9  3003               	movlw	high __pidataBANK0
   372     07EA  00FE               	movwf	btemp
   373     07EB  30A9               	movlw	low __pidataBANK0
   374     07EC  00FF               	movwf	btemp+1
   375     07ED  3037               	movlw	low __pdataBANK0
   376     07EE  0084               	movwf	4
   377     07EF  120A  118A  23B5  120A  118A  	fcall	init_ram0
   378                           
   379                           ; Clear objects allocated to BANK0
   380     07F4  01AF               	clrf	__pbssBANK0& (0+127)
   381     07F5  01B0               	clrf	(__pbssBANK0+1)& (0+127)
   382     07F6  01B1               	clrf	(__pbssBANK0+2)& (0+127)
   383     07F7  01B2               	clrf	(__pbssBANK0+3)& (0+127)
   384     07F8  01B3               	clrf	(__pbssBANK0+4)& (0+127)
   385     07F9  01B4               	clrf	(__pbssBANK0+5)& (0+127)
   386     07FA  01B5               	clrf	(__pbssBANK0+6)& (0+127)
   387     07FB  01B6               	clrf	(__pbssBANK0+7)& (0+127)
   388     07FC                     end_of_initialization:	
   389                           ;End of C runtime variable initialization code
   390                           
   391     07FC                     __end_of__initialization:
   392     07FC  0183               	clrf	3
   393     07FD  120A  118A  2DFF   	ljmp	_main	;jump to C main() function
   394                           
   395                           	psect	bssBANK0
   396     002F                     __pbssBANK0:
   397     002F                     _result:
   398     002F                     	ds	2
   399     0031                     _num2:
   400     0031                     	ds	2
   401     0033                     _num1:
   402     0033                     	ds	2
   403     0035                     _flag:
   404     0035                     	ds	1
   405     0036                     _operation:
   406     0036                     	ds	1
   407                           
   408                           	psect	dataBANK0
   409     0037                     __pdataBANK0:
   410     0037                     _RESULT:
   411     0037                     	ds	8
   412                           
   413                           	psect	inittext
   414     03B1                     init_fetch0:	
   415                           ;	Called with low address in FSR and high address in W
   416                           
   417     03B1  087E               	movf	btemp,w
   418     03B2  008A               	movwf	10
   419     03B3  087F               	movf	btemp+1,w
   420     03B4  0082               	movwf	2
   421     03B5                     init_ram0:	
   422                           ;Called with:
   423                           ;	high address of idata address in btemp 
   424                           ;	low address of idata address in btemp+1 
   425                           ;	low address of data in FSR
   426                           ;	high address + 1 of data in btemp-1
   427                           
   428     03B5  120A  118A  23B1  120A  118A  	fcall	init_fetch0
   429     03BA  0080               	movwf	0
   430     03BB  0A84               	incf	4,f
   431     03BC  0804               	movf	4,w
   432     03BD  067D               	xorwf	btemp+-1,w
   433     03BE  1903               	btfsc	3,2
   434     03BF  3400               	retlw	0
   435     03C0  0AFF               	incf	btemp+1,f
   436     03C1  1903               	btfsc	3,2
   437     03C2  0AFE               	incf	btemp,f
   438     03C3  2BB5               	goto	init_ram0
   439                           
   440                           	psect	cstackCOMMON
   441     0070                     __pcstackCOMMON:
   442     0070                     ?_Lcdinit:
   443     0070                     ?_LcdCommand:	
   444                           ; 1 bytes @ 0x0
   445                           
   446     0070                     ?_LcdData:	
   447                           ; 1 bytes @ 0x0
   448                           
   449     0070                     ?_keypad_getkey:	
   450                           ; 1 bytes @ 0x0
   451                           
   452     0070                     ?_main:	
   453                           ; 1 bytes @ 0x0
   454                           
   455     0070                     ?___wmul:	
   456                           ; 1 bytes @ 0x0
   457                           
   458     0070                     ?___lwmod:	
   459                           ; 2 bytes @ 0x0
   460                           
   461     0070                     LcdData@i:	
   462                           ; 2 bytes @ 0x0
   463                           
   464     0070                     ___wmul@multiplier:	
   465                           ; 1 bytes @ 0x0
   466                           
   467     0070                     ___lwmod@divisor:	
   468                           ; 2 bytes @ 0x0
   469                           
   470     0070                     ??_LcdCommand:	
   471                           ; 2 bytes @ 0x0
   472                           
   473     0070                     ??_LcdData:	
   474                           ; 1 bytes @ 0x0
   475                           
   476     0070                     ??_keypad_getkey:	
   477                           ; 1 bytes @ 0x0
   478                           
   479                           
   480                           ; 1 bytes @ 0x0
   481     0070                     	ds	2
   482     0072                     keypad_getkey@row:
   483     0072                     ___wmul@multiplicand:	
   484                           ; 1 bytes @ 0x2
   485                           
   486     0072                     ___lwmod@dividend:	
   487                           ; 2 bytes @ 0x2
   488                           
   489                           
   490                           ; 2 bytes @ 0x2
   491     0072                     	ds	1
   492     0073                     LcdCommand@i:
   493     0073                     keypad_getkey@col:	
   494                           ; 1 bytes @ 0x3
   495                           
   496                           
   497                           ; 1 bytes @ 0x3
   498     0073                     	ds	1
   499     0074                     ___lwmod@counter:
   500     0074                     ___wmul@product:	
   501                           ; 1 bytes @ 0x4
   502                           
   503     0074                     ??_Lcdinit:	
   504                           ; 2 bytes @ 0x4
   505                           
   506     0074                     ??___wmul:	
   507                           ; 1 bytes @ 0x4
   508                           
   509     0074                     ??___lwmod:	
   510                           ; 1 bytes @ 0x4
   511                           
   512                           
   513                           ; 1 bytes @ 0x4
   514     0074                     	ds	1
   515     0075                     ?___lwdiv:
   516     0075                     ___lwdiv@divisor:	
   517                           ; 2 bytes @ 0x5
   518                           
   519                           
   520                           ; 2 bytes @ 0x5
   521     0075                     	ds	2
   522     0077                     ___lwdiv@dividend:
   523                           
   524                           ; 2 bytes @ 0x7
   525     0077                     	ds	2
   526     0079                     ___lwdiv@quotient:
   527     0079                     ??___lwdiv:	
   528                           ; 2 bytes @ 0x9
   529                           
   530                           
   531                           ; 1 bytes @ 0x9
   532     0079                     	ds	2
   533     007B                     ___lwdiv@counter:
   534                           
   535                           ; 1 bytes @ 0xB
   536     007B                     	ds	1
   537     007C                     ?_LcdOutput:
   538     007C                     LcdOutput@i:	
   539                           ; 1 bytes @ 0xC
   540                           
   541                           
   542                           ; 2 bytes @ 0xC
   543     007C                     	ds	2
   544     007E                     ??_LcdOutput:
   545     007E                     ??_main:	
   546                           ; 1 bytes @ 0xE
   547                           
   548                           
   549                           	psect	cstackBANK0
   550     0020                     __pcstackBANK0:	
   551                           ; 1 bytes @ 0xE
   552                           
   553     0020                     LcdOutput@d1:
   554                           
   555                           ; 1 bytes @ 0x0
   556     0020                     	ds	1
   557     0021                     LcdOutput@d2:
   558                           
   559                           ; 1 bytes @ 0x1
   560     0021                     	ds	1
   561     0022                     LcdOutput@d3:
   562                           
   563                           ; 1 bytes @ 0x2
   564     0022                     	ds	1
   565     0023                     main@i_62:
   566                           
   567                           ; 2 bytes @ 0x3
   568     0023                     	ds	2
   569     0025                     main@i_63:
   570                           
   571                           ; 2 bytes @ 0x5
   572     0025                     	ds	2
   573     0027                     main@i_65:
   574                           
   575                           ; 2 bytes @ 0x7
   576     0027                     	ds	2
   577     0029                     main@digit:
   578                           
   579                           ; 1 bytes @ 0x9
   580     0029                     	ds	1
   581     002A                     main@i:
   582                           
   583                           ; 2 bytes @ 0xA
   584     002A                     	ds	2
   585     002C                     main@i_64:
   586                           
   587                           ; 2 bytes @ 0xC
   588     002C                     	ds	2
   589     002E                     main@key:
   590                           
   591                           ; 1 bytes @ 0xE
   592     002E                     	ds	1
   593                           
   594                           	psect	maintext
   595     05FF                     __pmaintext:	
   596 ;;
   597 ;;Main: autosize = 0, tempsize = 0, incstack = 0, save=0
   598 ;;
   599 ;; *************** function _main *****************
   600 ;; Defined at:
   601 ;;		line 24 in file "main.c"
   602 ;; Parameters:    Size  Location     Type
   603 ;;		None
   604 ;; Auto vars:     Size  Location     Type
   605 ;;  i               2    7[BANK0 ] int 
   606 ;;  i               2   12[BANK0 ] int 
   607 ;;  i               2    5[BANK0 ] int 
   608 ;;  i               2    3[BANK0 ] int 
   609 ;;  i               2   10[BANK0 ] int 
   610 ;;  key             1   14[BANK0 ] unsigned char 
   611 ;;  digit           1    9[BANK0 ] unsigned char 
   612 ;; Return value:  Size  Location     Type
   613 ;;                  1    wreg      void 
   614 ;; Registers used:
   615 ;;		wreg, fsr0l, fsr0h, status,2, status,0, btemp+1, pclath, cstack
   616 ;; Tracked objects:
   617 ;;		On entry : B00/0
   618 ;;		On exit  : 0/0
   619 ;;		Unchanged: 0/0
   620 ;; Data sizes:     COMMON   BANK0   BANK1   BANK3   BANK2
   621 ;;      Params:         0       0       0       0       0
   622 ;;      Locals:         0      12       0       0       0
   623 ;;      Temps:          0       0       0       0       0
   624 ;;      Totals:         0      12       0       0       0
   625 ;;Total ram usage:       12 bytes
   626 ;; Hardware stack levels required when called: 2
   627 ;; This function calls:
   628 ;;		_LcdCommand
   629 ;;		_LcdData
   630 ;;		_LcdOutput
   631 ;;		_Lcdinit
   632 ;;		___lwdiv
   633 ;;		___wmul
   634 ;;		_keypad_getkey
   635 ;; This function is called by:
   636 ;;		Startup code after reset
   637 ;; This function uses a non-reentrant model
   638 ;;
   639                           
   640     05FF                     _main:	
   641                           ;psect for function _main
   642                           
   643     05FF                     l1094:	
   644                           ;incstack = 0
   645                           ; Regs used in _main: [wreg-fsr0h+status,2+status,0+btemp+1+pclath+cstack]
   646                           
   647                           
   648                           ;main.c: 25: OPTION_REG &= ~(0x01 << 7);
   649     05FF  307F               	movlw	127
   650     0600  1683               	bsf	3,5	;RP0=1, select bank1
   651     0601  1303               	bcf	3,6	;RP1=0, select bank1
   652     0602  0581               	andwf	1,f	;volatile
   653     0603                     l1096:
   654                           
   655                           ;main.c: 26: TRISB = 0xF0;
   656     0603  30F0               	movlw	240
   657     0604  0086               	movwf	6	;volatile
   658     0605                     l1098:
   659                           
   660                           ;main.c: 27: PORTB = 0xFF;
   661     0605  30FF               	movlw	255
   662     0606  1283               	bcf	3,5	;RP0=0, select bank0
   663     0607  1303               	bcf	3,6	;RP1=0, select bank0
   664     0608  0086               	movwf	6	;volatile
   665     0609                     l1100:
   666                           
   667                           ;main.c: 28: char key;;main.c: 29: uint8_t digit;;main.c: 30: Lcdinit();
   668     0609  120A  118A  257B  120A  118A  	fcall	_Lcdinit
   669     060E                     l1102:
   670                           
   671                           ;main.c: 32: LcdCommand(0xC0);
   672     060E  30C0               	movlw	192
   673     060F  120A  118A  23DA  120A  118A  	fcall	_LcdCommand
   674     0614                     l1104:
   675                           
   676                           ;main.c: 33: for (int i = 0; i < 7; i++) {
   677     0614  1283               	bcf	3,5	;RP0=0, select bank0
   678     0615  1303               	bcf	3,6	;RP1=0, select bank0
   679     0616  01AA               	clrf	main@i
   680     0617  01AB               	clrf	main@i+1
   681     0618                     l1110:
   682                           
   683                           ;main.c: 34: LcdData(RESULT[i]);
   684     0618  1283               	bcf	3,5	;RP0=0, select bank0
   685     0619  1303               	bcf	3,6	;RP1=0, select bank0
   686     061A  082A               	movf	main@i,w
   687     061B  3E37               	addlw	(low (_RESULT| 0))& (0+255)
   688     061C  0084               	movwf	4
   689     061D  1383               	bcf	3,7	;select IRP bank0
   690     061E  0800               	movf	0,w
   691     061F  120A  118A  23C4  120A  118A  	fcall	_LcdData
   692     0624                     l1112:
   693                           
   694                           ;main.c: 35: }
   695     0624  3001               	movlw	1
   696     0625  1283               	bcf	3,5	;RP0=0, select bank0
   697     0626  1303               	bcf	3,6	;RP1=0, select bank0
   698     0627  07AA               	addwf	main@i,f
   699     0628  1803               	skipnc
   700     0629  0AAB               	incf	main@i+1,f
   701     062A  3000               	movlw	0
   702     062B  07AB               	addwf	main@i+1,f
   703     062C                     l1114:
   704     062C  082B               	movf	main@i+1,w
   705     062D  3A80               	xorlw	128
   706     062E  00FF               	movwf	btemp+1
   707     062F  3080               	movlw	128
   708     0630  027F               	subwf	btemp+1,w
   709     0631  1D03               	skipz
   710     0632  2E35               	goto	u715
   711     0633  3007               	movlw	7
   712     0634  022A               	subwf	main@i,w
   713     0635                     u715:
   714     0635  1C03               	skipc
   715     0636  2E38               	goto	u711
   716     0637  2E39               	goto	u710
   717     0638                     u711:
   718     0638  2E18               	goto	l1110
   719     0639                     u710:
   720     0639                     l1116:
   721                           
   722                           ;main.c: 36: for (int i = 7; i < 16; i++) {
   723     0639  3007               	movlw	7
   724     063A  1283               	bcf	3,5	;RP0=0, select bank0
   725     063B  1303               	bcf	3,6	;RP1=0, select bank0
   726     063C  00A3               	movwf	main@i_62
   727     063D  3000               	movlw	0
   728     063E  00A4               	movwf	main@i_62+1
   729     063F                     l1122:
   730                           
   731                           ;main.c: 37: LcdData(' ');
   732     063F  3020               	movlw	32
   733     0640  120A  118A  23C4  120A  118A  	fcall	_LcdData
   734     0645                     l1124:
   735                           
   736                           ;main.c: 38: }while (1)
   737     0645  3001               	movlw	1
   738     0646  1283               	bcf	3,5	;RP0=0, select bank0
   739     0647  1303               	bcf	3,6	;RP1=0, select bank0
   740     0648  07A3               	addwf	main@i_62,f
   741     0649  1803               	skipnc
   742     064A  0AA4               	incf	main@i_62+1,f
   743     064B  3000               	movlw	0
   744     064C  07A4               	addwf	main@i_62+1,f
   745     064D                     l1126:
   746     064D  0824               	movf	main@i_62+1,w
   747     064E  3A80               	xorlw	128
   748     064F  00FF               	movwf	btemp+1
   749     0650  3080               	movlw	128
   750     0651  027F               	subwf	btemp+1,w
   751     0652  1D03               	skipz
   752     0653  2E56               	goto	u725
   753     0654  3010               	movlw	16
   754     0655  0223               	subwf	main@i_62,w
   755     0656                     u725:
   756     0656  1C03               	skipc
   757     0657  2E59               	goto	u721
   758     0658  2E5A               	goto	u720
   759     0659                     u721:
   760     0659  2E3F               	goto	l1122
   761     065A                     u720:
   762     065A  2E5B               	goto	l1128
   763     065B                     l36:
   764     065B                     l1128:
   765                           
   766                           ;main.c: 39: {;main.c: 40: key = keypad_getkey();
   767     065B  120A  118A  24FA  120A  118A  	fcall	_keypad_getkey
   768     0660  1283               	bcf	3,5	;RP0=0, select bank0
   769     0661  1303               	bcf	3,6	;RP1=0, select bank0
   770     0662  00AE               	movwf	main@key
   771     0663                     l1130:
   772                           
   773                           ;main.c: 41: if (key) {
   774     0663  082E               	movf	main@key,w
   775     0664  1903               	btfsc	3,2
   776     0665  2E67               	goto	u731
   777     0666  2E68               	goto	u730
   778     0667                     u731:
   779     0667  2E5B               	goto	l1128
   780     0668                     u730:
   781     0668                     l1132:
   782                           
   783                           ;main.c: 42: if (key == 'C') {
   784     0668  3043               	movlw	67
   785     0669  062E               	xorwf	main@key,w
   786     066A  1D03               	btfss	3,2
   787     066B  2E6D               	goto	u741
   788     066C  2E6E               	goto	u740
   789     066D                     u741:
   790     066D  2EE8               	goto	l1176
   791     066E                     u740:
   792     066E                     l1134:
   793                           
   794                           ;main.c: 44: flag = 0;
   795     066E  01B5               	clrf	_flag
   796                           
   797                           ;main.c: 45: num1 = 0;
   798     066F  01B3               	clrf	_num1
   799     0670  01B4               	clrf	_num1+1
   800                           
   801                           ;main.c: 46: num2 = 0;
   802     0671  01B1               	clrf	_num2
   803     0672  01B2               	clrf	_num2+1
   804                           
   805                           ;main.c: 47: result = 0;
   806     0673  01AF               	clrf	_result
   807     0674  01B0               	clrf	_result+1
   808                           
   809                           ;main.c: 48: operation = 0;
   810     0675  01B6               	clrf	_operation
   811     0676                     l1136:
   812                           
   813                           ;main.c: 49: LcdCommand(0x80);
   814     0676  3080               	movlw	128
   815     0677  120A  118A  23DA  120A  118A  	fcall	_LcdCommand
   816     067C                     l1138:
   817                           
   818                           ;main.c: 50: for (int i = 0; i < 16; i++) LcdData(' ');
   819     067C  1283               	bcf	3,5	;RP0=0, select bank0
   820     067D  1303               	bcf	3,6	;RP1=0, select bank0
   821     067E  01A5               	clrf	main@i_63
   822     067F  01A6               	clrf	main@i_63+1
   823     0680                     l1144:
   824     0680  3020               	movlw	32
   825     0681  120A  118A  23C4  120A  118A  	fcall	_LcdData
   826     0686                     l1146:
   827     0686  3001               	movlw	1
   828     0687  1283               	bcf	3,5	;RP0=0, select bank0
   829     0688  1303               	bcf	3,6	;RP1=0, select bank0
   830     0689  07A5               	addwf	main@i_63,f
   831     068A  1803               	skipnc
   832     068B  0AA6               	incf	main@i_63+1,f
   833     068C  3000               	movlw	0
   834     068D  07A6               	addwf	main@i_63+1,f
   835     068E                     l1148:
   836     068E  0826               	movf	main@i_63+1,w
   837     068F  3A80               	xorlw	128
   838     0690  00FF               	movwf	btemp+1
   839     0691  3080               	movlw	128
   840     0692  027F               	subwf	btemp+1,w
   841     0693  1D03               	skipz
   842     0694  2E97               	goto	u755
   843     0695  3010               	movlw	16
   844     0696  0225               	subwf	main@i_63,w
   845     0697                     u755:
   846     0697  1C03               	skipc
   847     0698  2E9A               	goto	u751
   848     0699  2E9B               	goto	u750
   849     069A                     u751:
   850     069A  2E80               	goto	l1144
   851     069B                     u750:
   852     069B                     l1150:
   853                           
   854                           ;main.c: 51: LcdCommand(0xC0);
   855     069B  30C0               	movlw	192
   856     069C  120A  118A  23DA  120A  118A  	fcall	_LcdCommand
   857     06A1                     l1152:
   858                           
   859                           ;main.c: 52: for (int i = 0; i < 7; i++) LcdData(RESULT[i]);
   860     06A1  1283               	bcf	3,5	;RP0=0, select bank0
   861     06A2  1303               	bcf	3,6	;RP1=0, select bank0
   862     06A3  01AC               	clrf	main@i_64
   863     06A4  01AD               	clrf	main@i_64+1
   864     06A5                     l1158:
   865     06A5  1283               	bcf	3,5	;RP0=0, select bank0
   866     06A6  1303               	bcf	3,6	;RP1=0, select bank0
   867     06A7  082C               	movf	main@i_64,w
   868     06A8  3E37               	addlw	(low (_RESULT| 0))& (0+255)
   869     06A9  0084               	movwf	4
   870     06AA  1383               	bcf	3,7	;select IRP bank0
   871     06AB  0800               	movf	0,w
   872     06AC  120A  118A  23C4  120A  118A  	fcall	_LcdData
   873     06B1                     l1160:
   874     06B1  3001               	movlw	1
   875     06B2  1283               	bcf	3,5	;RP0=0, select bank0
   876     06B3  1303               	bcf	3,6	;RP1=0, select bank0
   877     06B4  07AC               	addwf	main@i_64,f
   878     06B5  1803               	skipnc
   879     06B6  0AAD               	incf	main@i_64+1,f
   880     06B7  3000               	movlw	0
   881     06B8  07AD               	addwf	main@i_64+1,f
   882     06B9                     l1162:
   883     06B9  082D               	movf	main@i_64+1,w
   884     06BA  3A80               	xorlw	128
   885     06BB  00FF               	movwf	btemp+1
   886     06BC  3080               	movlw	128
   887     06BD  027F               	subwf	btemp+1,w
   888     06BE  1D03               	skipz
   889     06BF  2EC2               	goto	u765
   890     06C0  3007               	movlw	7
   891     06C1  022C               	subwf	main@i_64,w
   892     06C2                     u765:
   893     06C2  1C03               	skipc
   894     06C3  2EC5               	goto	u761
   895     06C4  2EC6               	goto	u760
   896     06C5                     u761:
   897     06C5  2EA5               	goto	l1158
   898     06C6                     u760:
   899     06C6                     l1164:
   900                           
   901                           ;main.c: 53: for (int i = 7; i < 16; i++) LcdData(' ');
   902     06C6  3007               	movlw	7
   903     06C7  1283               	bcf	3,5	;RP0=0, select bank0
   904     06C8  1303               	bcf	3,6	;RP1=0, select bank0
   905     06C9  00A7               	movwf	main@i_65
   906     06CA  3000               	movlw	0
   907     06CB  00A8               	movwf	main@i_65+1
   908     06CC                     l1170:
   909     06CC  3020               	movlw	32
   910     06CD  120A  118A  23C4  120A  118A  	fcall	_LcdData
   911     06D2                     l1172:
   912     06D2  3001               	movlw	1
   913     06D3  1283               	bcf	3,5	;RP0=0, select bank0
   914     06D4  1303               	bcf	3,6	;RP1=0, select bank0
   915     06D5  07A7               	addwf	main@i_65,f
   916     06D6  1803               	skipnc
   917     06D7  0AA8               	incf	main@i_65+1,f
   918     06D8  3000               	movlw	0
   919     06D9  07A8               	addwf	main@i_65+1,f
   920     06DA                     l1174:
   921     06DA  0828               	movf	main@i_65+1,w
   922     06DB  3A80               	xorlw	128
   923     06DC  00FF               	movwf	btemp+1
   924     06DD  3080               	movlw	128
   925     06DE  027F               	subwf	btemp+1,w
   926     06DF  1D03               	skipz
   927     06E0  2EE3               	goto	u775
   928     06E1  3010               	movlw	16
   929     06E2  0227               	subwf	main@i_65,w
   930     06E3                     u775:
   931     06E3  1C03               	skipc
   932     06E4  2EE6               	goto	u771
   933     06E5  2EE7               	goto	u770
   934     06E6                     u771:
   935     06E6  2ECC               	goto	l1170
   936     06E7                     u770:
   937     06E7  2E5B               	goto	l1128
   938     06E8                     l1176:
   939     06E8  3030               	movlw	48
   940     06E9  022E               	subwf	main@key,w
   941     06EA  1C03               	skipc
   942     06EB  2EED               	goto	u781
   943     06EC  2EEE               	goto	u780
   944     06ED                     u781:
   945     06ED  2F4E               	goto	l1186
   946     06EE                     u780:
   947     06EE                     l1178:
   948     06EE  303A               	movlw	58
   949     06EF  022E               	subwf	main@key,w
   950     06F0  1803               	skipnc
   951     06F1  2EF3               	goto	u791
   952     06F2  2EF4               	goto	u790
   953     06F3                     u791:
   954     06F3  2F4E               	goto	l1186
   955     06F4                     u790:
   956     06F4                     l1180:
   957                           
   958                           ;main.c: 57: digit = key - '0';
   959     06F4  082E               	movf	main@key,w
   960     06F5  3ED0               	addlw	208
   961     06F6  00A9               	movwf	main@digit
   962                           
   963                           ;main.c: 58: if (!flag) {
   964     06F7  0835               	movf	_flag,w
   965     06F8  1D03               	btfss	3,2
   966     06F9  2EFB               	goto	u801
   967     06FA  2EFC               	goto	u800
   968     06FB                     u801:
   969     06FB  2F25               	goto	l1184
   970     06FC                     u800:
   971     06FC                     l1182:
   972                           
   973                           ;main.c: 59: num1 = num1 * 10 + digit;
   974     06FC  0834               	movf	_num1+1,w
   975     06FD  00F1               	movwf	___wmul@multiplier+1
   976     06FE  0833               	movf	_num1,w
   977     06FF  00F0               	movwf	___wmul@multiplier
   978     0700  300A               	movlw	10
   979     0701  00F2               	movwf	___wmul@multiplicand
   980     0702  3000               	movlw	0
   981     0703  00F3               	movwf	___wmul@multiplicand+1
   982     0704  120A  118A  23F4  120A  118A  	fcall	___wmul
   983     0709  1283               	bcf	3,5	;RP0=0, select bank0
   984     070A  1303               	bcf	3,6	;RP1=0, select bank0
   985     070B  0829               	movf	main@digit,w
   986     070C  0770               	addwf	?___wmul,w
   987     070D  00B3               	movwf	_num1
   988     070E  3000               	movlw	0
   989     070F  1803               	skipnc
   990     0710  3001               	movlw	1
   991     0711  0771               	addwf	?___wmul+1,w
   992     0712  00B4               	movwf	_num1+1
   993                           
   994                           ;main.c: 60: LcdCommand(0x80);
   995     0713  3080               	movlw	128
   996     0714  120A  118A  23DA  120A  118A  	fcall	_LcdCommand
   997                           
   998                           ;main.c: 61: LcdOutput(num1);
   999     0719  1283               	bcf	3,5	;RP0=0, select bank0
  1000     071A  1303               	bcf	3,6	;RP1=0, select bank0
  1001     071B  0834               	movf	_num1+1,w
  1002     071C  00FD               	movwf	LcdOutput@i+1
  1003     071D  0833               	movf	_num1,w
  1004     071E  00FC               	movwf	LcdOutput@i
  1005     071F  120A  118A  2493  120A  118A  	fcall	_LcdOutput
  1006                           
  1007                           ;main.c: 62: } else {
  1008     0724  2E5B               	goto	l1128
  1009     0725                     l1184:
  1010                           
  1011                           ;main.c: 63: num2 = num2 * 10 + digit;
  1012     0725  0832               	movf	_num2+1,w
  1013     0726  00F1               	movwf	___wmul@multiplier+1
  1014     0727  0831               	movf	_num2,w
  1015     0728  00F0               	movwf	___wmul@multiplier
  1016     0729  300A               	movlw	10
  1017     072A  00F2               	movwf	___wmul@multiplicand
  1018     072B  3000               	movlw	0
  1019     072C  00F3               	movwf	___wmul@multiplicand+1
  1020     072D  120A  118A  23F4  120A  118A  	fcall	___wmul
  1021     0732  1283               	bcf	3,5	;RP0=0, select bank0
  1022     0733  1303               	bcf	3,6	;RP1=0, select bank0
  1023     0734  0829               	movf	main@digit,w
  1024     0735  0770               	addwf	?___wmul,w
  1025     0736  00B1               	movwf	_num2
  1026     0737  3000               	movlw	0
  1027     0738  1803               	skipnc
  1028     0739  3001               	movlw	1
  1029     073A  0771               	addwf	?___wmul+1,w
  1030     073B  00B2               	movwf	_num2+1
  1031                           
  1032                           ;main.c: 64: LcdCommand(0x8A);
  1033     073C  308A               	movlw	138
  1034     073D  120A  118A  23DA  120A  118A  	fcall	_LcdCommand
  1035                           
  1036                           ;main.c: 65: LcdOutput(num2);
  1037     0742  1283               	bcf	3,5	;RP0=0, select bank0
  1038     0743  1303               	bcf	3,6	;RP1=0, select bank0
  1039     0744  0832               	movf	_num2+1,w
  1040     0745  00FD               	movwf	LcdOutput@i+1
  1041     0746  0831               	movf	_num2,w
  1042     0747  00FC               	movwf	LcdOutput@i
  1043     0748  120A  118A  2493  120A  118A  	fcall	_LcdOutput
  1044     074D  2E5B               	goto	l1128
  1045     074E                     l1186:
  1046     074E  302B               	movlw	43
  1047     074F  062E               	xorwf	main@key,w
  1048     0750  1903               	btfsc	3,2
  1049     0751  2F53               	goto	u811
  1050     0752  2F54               	goto	u810
  1051     0753                     u811:
  1052     0753  2F66               	goto	l1194
  1053     0754                     u810:
  1054     0754                     l1188:
  1055     0754  302D               	movlw	45
  1056     0755  062E               	xorwf	main@key,w
  1057     0756  1903               	btfsc	3,2
  1058     0757  2F59               	goto	u821
  1059     0758  2F5A               	goto	u820
  1060     0759                     u821:
  1061     0759  2F66               	goto	l1194
  1062     075A                     u820:
  1063     075A                     l1190:
  1064     075A  3058               	movlw	88
  1065     075B  062E               	xorwf	main@key,w
  1066     075C  1903               	btfsc	3,2
  1067     075D  2F5F               	goto	u831
  1068     075E  2F60               	goto	u830
  1069     075F                     u831:
  1070     075F  2F66               	goto	l1194
  1071     0760                     u830:
  1072     0760                     l1192:
  1073     0760  3025               	movlw	37
  1074     0761  062E               	xorwf	main@key,w
  1075     0762  1D03               	btfss	3,2
  1076     0763  2F65               	goto	u841
  1077     0764  2F66               	goto	u840
  1078     0765                     u841:
  1079     0765  2F79               	goto	l1202
  1080     0766                     u840:
  1081     0766                     l1194:
  1082                           
  1083                           ;main.c: 70: operation = key;
  1084     0766  082E               	movf	main@key,w
  1085     0767  00B6               	movwf	_operation
  1086     0768                     l1196:
  1087                           
  1088                           ;main.c: 71: flag = 1;
  1089     0768  3001               	movlw	1
  1090     0769  00B5               	movwf	_flag
  1091     076A                     l1198:
  1092                           
  1093                           ;main.c: 72: LcdCommand(0x87);
  1094     076A  3087               	movlw	135
  1095     076B  120A  118A  23DA  120A  118A  	fcall	_LcdCommand
  1096     0770                     l1200:
  1097                           
  1098                           ;main.c: 73: LcdData(operation);
  1099     0770  1283               	bcf	3,5	;RP0=0, select bank0
  1100     0771  1303               	bcf	3,6	;RP1=0, select bank0
  1101     0772  0836               	movf	_operation,w
  1102     0773  120A  118A  23C4  120A  118A  	fcall	_LcdData
  1103                           
  1104                           ;main.c: 74: }
  1105     0778  2E5B               	goto	l1128
  1106     0779                     l1202:
  1107     0779  303D               	movlw	61
  1108     077A  062E               	xorwf	main@key,w
  1109     077B  1D03               	btfss	3,2
  1110     077C  2F7E               	goto	u851
  1111     077D  2F7F               	goto	u850
  1112     077E                     u851:
  1113     077E  2E5B               	goto	l36
  1114     077F                     u850:
  1115     077F  2FC3               	goto	l1220
  1116     0780                     l1206:
  1117     0780  0831               	movf	_num2,w
  1118     0781  0733               	addwf	_num1,w
  1119     0782  00AF               	movwf	_result
  1120     0783  0832               	movf	_num2+1,w
  1121     0784  1803               	skipnc
  1122     0785  0A32               	incf	_num2+1,w
  1123     0786  0734               	addwf	_num1+1,w
  1124     0787  00B0               	movwf	_result+1
  1125     0788  2FD1               	goto	l1222
  1126     0789                     l1208:
  1127     0789  0831               	movf	_num2,w
  1128     078A  0233               	subwf	_num1,w
  1129     078B  00AF               	movwf	_result
  1130     078C  0832               	movf	_num2+1,w
  1131     078D  1C03               	skipc
  1132     078E  0A32               	incf	_num2+1,w
  1133     078F  0234               	subwf	_num1+1,w
  1134     0790  00B0               	movwf	_result+1
  1135     0791  2FD1               	goto	l1222
  1136     0792                     l1210:
  1137     0792  0834               	movf	_num1+1,w
  1138     0793  00F1               	movwf	___wmul@multiplier+1
  1139     0794  0833               	movf	_num1,w
  1140     0795  00F0               	movwf	___wmul@multiplier
  1141     0796  0832               	movf	_num2+1,w
  1142     0797  00F3               	movwf	___wmul@multiplicand+1
  1143     0798  0831               	movf	_num2,w
  1144     0799  00F2               	movwf	___wmul@multiplicand
  1145     079A  120A  118A  23F4  120A  118A  	fcall	___wmul
  1146     079F  0871               	movf	?___wmul+1,w
  1147     07A0  1283               	bcf	3,5	;RP0=0, select bank0
  1148     07A1  1303               	bcf	3,6	;RP1=0, select bank0
  1149     07A2  00B0               	movwf	_result+1
  1150     07A3  0870               	movf	?___wmul,w
  1151     07A4  00AF               	movwf	_result
  1152     07A5  2FD1               	goto	l1222
  1153     07A6                     l1212:
  1154                           
  1155                           ;main.c: 81: if (num2 != 0)
  1156     07A6  0831               	movf	_num2,w
  1157     07A7  0432               	iorwf	_num2+1,w
  1158     07A8  1903               	btfsc	3,2
  1159     07A9  2FAB               	goto	u861
  1160     07AA  2FAC               	goto	u860
  1161     07AB                     u861:
  1162     07AB  2FC0               	goto	l1216
  1163     07AC                     u860:
  1164     07AC                     l1214:
  1165                           
  1166                           ;main.c: 82: result = num1 / num2;
  1167     07AC  0832               	movf	_num2+1,w
  1168     07AD  00F6               	movwf	___lwdiv@divisor+1
  1169     07AE  0831               	movf	_num2,w
  1170     07AF  00F5               	movwf	___lwdiv@divisor
  1171     07B0  0834               	movf	_num1+1,w
  1172     07B1  00F8               	movwf	___lwdiv@dividend+1
  1173     07B2  0833               	movf	_num1,w
  1174     07B3  00F7               	movwf	___lwdiv@dividend
  1175     07B4  120A  118A  2451  120A  118A  	fcall	___lwdiv
  1176     07B9  0876               	movf	?___lwdiv+1,w
  1177     07BA  1283               	bcf	3,5	;RP0=0, select bank0
  1178     07BB  1303               	bcf	3,6	;RP1=0, select bank0
  1179     07BC  00B0               	movwf	_result+1
  1180     07BD  0875               	movf	?___lwdiv,w
  1181     07BE  00AF               	movwf	_result
  1182     07BF  2FD1               	goto	l1222
  1183     07C0                     l1216:
  1184                           
  1185                           ;main.c: 84: result = 0;
  1186     07C0  01AF               	clrf	_result
  1187     07C1  01B0               	clrf	_result+1
  1188     07C2  2FD1               	goto	l1222
  1189     07C3                     l1220:
  1190     07C3  0836               	movf	_operation,w
  1191                           
  1192                           ; Switch size 1, requested type "simple"
  1193                           ; Number of cases is 4, Range of values is 37 to 88
  1194                           ; switch strategies available:
  1195                           ; Name         Instructions Cycles
  1196                           ; simple_byte           13     7 (average)
  1197                           ; direct_byte          167    11 (fixed)
  1198                           ; jumptable            263     9 (fixed)
  1199                           ;	Chosen strategy is simple_byte
  1200     07C4  3A25               	xorlw	37	; case 37
  1201     07C5  1903               	skipnz
  1202     07C6  2FA6               	goto	l1212
  1203     07C7  3A0E               	xorlw	14	; case 43
  1204     07C8  1903               	skipnz
  1205     07C9  2F80               	goto	l1206
  1206     07CA  3A06               	xorlw	6	; case 45
  1207     07CB  1903               	skipnz
  1208     07CC  2F89               	goto	l1208
  1209     07CD  3A75               	xorlw	117	; case 88
  1210     07CE  1903               	skipnz
  1211     07CF  2F92               	goto	l1210
  1212     07D0  2FD1               	goto	l1222
  1213     07D1                     l1222:
  1214                           
  1215                           ;main.c: 87: LcdCommand(0xC7);
  1216     07D1  30C7               	movlw	199
  1217     07D2  120A  118A  23DA  120A  118A  	fcall	_LcdCommand
  1218                           
  1219                           ;main.c: 88: LcdOutput(result);
  1220     07D7  1283               	bcf	3,5	;RP0=0, select bank0
  1221     07D8  1303               	bcf	3,6	;RP1=0, select bank0
  1222     07D9  0830               	movf	_result+1,w
  1223     07DA  00FD               	movwf	LcdOutput@i+1
  1224     07DB  082F               	movf	_result,w
  1225     07DC  00FC               	movwf	LcdOutput@i
  1226     07DD  120A  118A  2493  120A  118A  	fcall	_LcdOutput
  1227     07E2  2E5B               	goto	l1128
  1228     07E3  120A  118A  2800   	ljmp	start
  1229     07E6                     __end_of_main:
  1230                           
  1231                           	psect	text1
  1232     04FA                     __ptext1:	
  1233 ;; *************** function _keypad_getkey *****************
  1234 ;; Defined at:
  1235 ;;		line 20 in file "keypad.c"
  1236 ;; Parameters:    Size  Location     Type
  1237 ;;		None
  1238 ;; Auto vars:     Size  Location     Type
  1239 ;;  col             1    3[COMMON] unsigned char 
  1240 ;;  row             1    2[COMMON] unsigned char 
  1241 ;; Return value:  Size  Location     Type
  1242 ;;                  1    wreg      unsigned char 
  1243 ;; Registers used:
  1244 ;;		wreg, fsr0l, fsr0h, status,2, status,0, pclath
  1245 ;; Tracked objects:
  1246 ;;		On entry : 0/0
  1247 ;;		On exit  : 0/0
  1248 ;;		Unchanged: 0/0
  1249 ;; Data sizes:     COMMON   BANK0   BANK1   BANK3   BANK2
  1250 ;;      Params:         0       0       0       0       0
  1251 ;;      Locals:         2       0       0       0       0
  1252 ;;      Temps:          2       0       0       0       0
  1253 ;;      Totals:         4       0       0       0       0
  1254 ;;Total ram usage:        4 bytes
  1255 ;; Hardware stack levels used: 2
  1256 ;; This function calls:
  1257 ;;		Nothing
  1258 ;; This function is called by:
  1259 ;;		_main
  1260 ;; This function uses a non-reentrant model
  1261 ;;
  1262                           
  1263     04FA                     _keypad_getkey:	
  1264                           ;psect for function _keypad_getkey
  1265                           
  1266     04FA                     l1030:	
  1267                           ;incstack = 0
  1268                           ; Regs used in _keypad_getkey: [wreg-fsr0h+status,2+status,0+pclath]
  1269                           
  1270                           
  1271                           ;keypad.c: 21: TRISB = 0xF0;
  1272     04FA  30F0               	movlw	240
  1273     04FB  1683               	bsf	3,5	;RP0=1, select bank1
  1274     04FC  1303               	bcf	3,6	;RP1=0, select bank1
  1275     04FD  0086               	movwf	6	;volatile
  1276     04FE                     l1032:
  1277                           
  1278                           ;keypad.c: 22: PORTB = 0x00;
  1279     04FE  1283               	bcf	3,5	;RP0=0, select bank0
  1280     04FF  1303               	bcf	3,6	;RP1=0, select bank0
  1281     0500  0186               	clrf	6	;volatile
  1282                           
  1283                           ;keypad.c: 23: for (char row = 0; row < 4; row++) {
  1284     0501  01F2               	clrf	keypad_getkey@row
  1285     0502                     l1034:
  1286     0502  3004               	movlw	4
  1287     0503  0272               	subwf	keypad_getkey@row,w
  1288     0504  1C03               	skipc
  1289     0505  2D07               	goto	u571
  1290     0506  2D08               	goto	u570
  1291     0507                     u571:
  1292     0507  2D09               	goto	l1038
  1293     0508                     u570:
  1294     0508  2D79               	goto	l1074
  1295     0509                     l1038:
  1296                           
  1297                           ;keypad.c: 24: PORTB = ~(1 << row) & 0x0F;
  1298     0509  3001               	movlw	1
  1299     050A  00F0               	movwf	??_keypad_getkey
  1300     050B  0A72               	incf	keypad_getkey@row,w
  1301     050C  2D0F               	goto	u584
  1302     050D                     u585:
  1303     050D  1003               	clrc
  1304     050E  0DF0               	rlf	??_keypad_getkey,f
  1305     050F                     u584:
  1306     050F  3EFF               	addlw	-1
  1307     0510  1D03               	skipz
  1308     0511  2D0D               	goto	u585
  1309     0512  0870               	movf	??_keypad_getkey,w
  1310     0513  3AFF               	xorlw	255
  1311     0514  390F               	andlw	15
  1312     0515  0086               	movwf	6	;volatile
  1313     0516                     l1040:
  1314                           
  1315                           ;keypad.c: 25: for (char col = 0; col < 4; col++) {
  1316     0516  01F3               	clrf	keypad_getkey@col
  1317     0517                     l1046:
  1318                           
  1319                           ;keypad.c: 26: if (!(PORTB & (1 << (col + 4)))) {
  1320     0517  3001               	movlw	1
  1321     0518  00F0               	movwf	??_keypad_getkey
  1322     0519  0873               	movf	keypad_getkey@col,w
  1323     051A  3E04               	addlw	4
  1324     051B  3E01               	addlw	1
  1325     051C  2D1F               	goto	u594
  1326     051D                     u595:
  1327     051D  1003               	clrc
  1328     051E  0DF0               	rlf	??_keypad_getkey,f
  1329     051F                     u594:
  1330     051F  3EFF               	addlw	-1
  1331     0520  1D03               	skipz
  1332     0521  2D1D               	goto	u595
  1333     0522  0870               	movf	??_keypad_getkey,w
  1334     0523  0506               	andwf	6,w	;volatile
  1335     0524  1D03               	btfss	3,2
  1336     0525  2D27               	goto	u601
  1337     0526  2D28               	goto	u600
  1338     0527                     u601:
  1339     0527  2D6E               	goto	l1066
  1340     0528                     u600:
  1341     0528                     l1048:
  1342                           
  1343                           ;keypad.c: 27: _delay((unsigned long)((20)*(20000000/4000.0)));
  1344     0528  3082               	movlw	130
  1345     0529  00F1               	movwf	??_keypad_getkey+1
  1346     052A  30DD               	movlw	221
  1347     052B  00F0               	movwf	??_keypad_getkey
  1348     052C                     u877:
  1349     052C  0BF0               	decfsz	??_keypad_getkey,f
  1350     052D  2D2C               	goto	u877
  1351     052E  0BF1               	decfsz	??_keypad_getkey+1,f
  1352     052F  2D2C               	goto	u877
  1353     0530  2D31               	nop2
  1354     0531                     l1050:	
  1355                           ;keypad.c: 28: while (!(PORTB & (1 << (col + 4))));
  1356                           
  1357     0531  3001               	movlw	1
  1358     0532  00F0               	movwf	??_keypad_getkey
  1359     0533  0873               	movf	keypad_getkey@col,w
  1360     0534  3E04               	addlw	4
  1361     0535  3E01               	addlw	1
  1362     0536  2D39               	goto	u614
  1363     0537                     u615:
  1364     0537  1003               	clrc
  1365     0538  0DF0               	rlf	??_keypad_getkey,f
  1366     0539                     u614:
  1367     0539  3EFF               	addlw	-1
  1368     053A  1D03               	skipz
  1369     053B  2D37               	goto	u615
  1370     053C  0870               	movf	??_keypad_getkey,w
  1371     053D  1283               	bcf	3,5	;RP0=0, select bank0
  1372     053E  1303               	bcf	3,6	;RP1=0, select bank0
  1373     053F  0506               	andwf	6,w	;volatile
  1374     0540  1903               	btfsc	3,2
  1375     0541  2D43               	goto	u621
  1376     0542  2D44               	goto	u620
  1377     0543                     u621:
  1378     0543  2D31               	goto	l1050
  1379     0544                     u620:
  1380     0544                     l1052:
  1381                           
  1382                           ;keypad.c: 29: _delay((unsigned long)((20)*(20000000/4000.0)));
  1383     0544  3082               	movlw	130
  1384     0545  00F1               	movwf	??_keypad_getkey+1
  1385     0546  30DD               	movlw	221
  1386     0547  00F0               	movwf	??_keypad_getkey
  1387     0548                     u887:
  1388     0548  0BF0               	decfsz	??_keypad_getkey,f
  1389     0549  2D48               	goto	u887
  1390     054A  0BF1               	decfsz	??_keypad_getkey+1,f
  1391     054B  2D48               	goto	u887
  1392     054C  2D4D               	nop2
  1393     054D                     l1054:
  1394                           
  1395                           ;keypad.c: 30: if (row == 3 && col == 0)
  1396     054D  3003               	movlw	3
  1397     054E  0672               	xorwf	keypad_getkey@row,w
  1398     054F  1D03               	btfss	3,2
  1399     0550  2D52               	goto	u631
  1400     0551  2D53               	goto	u630
  1401     0552                     u631:
  1402     0552  2D5A               	goto	l1062
  1403     0553                     u630:
  1404     0553                     l1056:
  1405     0553  0873               	movf	keypad_getkey@col,w
  1406     0554  1D03               	btfss	3,2
  1407     0555  2D57               	goto	u641
  1408     0556  2D58               	goto	u640
  1409     0557                     u641:
  1410     0557  2D5A               	goto	l1062
  1411     0558                     u640:
  1412     0558                     l1058:
  1413                           
  1414                           ;keypad.c: 31: return 'C';
  1415     0558  3043               	movlw	67
  1416     0559  2D7A               	goto	l112
  1417     055A                     l1062:
  1418                           
  1419                           ;keypad.c: 32: return keymap[row][col];
  1420     055A  0872               	movf	keypad_getkey@row,w
  1421     055B  00F0               	movwf	??_keypad_getkey
  1422     055C  3002               	movlw	2
  1423     055D                     u655:
  1424     055D  1003               	clrc
  1425     055E  0DF0               	rlf	??_keypad_getkey,f
  1426     055F  3EFF               	addlw	-1
  1427     0560  1D03               	skipz
  1428     0561  2D5D               	goto	u655
  1429     0562  3001               	movlw	(low ((_keymap-__stringbase)| (0+32768)))& (0+255)
  1430     0563  0770               	addwf	??_keypad_getkey,w
  1431     0564  00F1               	movwf	??_keypad_getkey+1
  1432     0565  0873               	movf	keypad_getkey@col,w
  1433     0566  0771               	addwf	??_keypad_getkey+1,w
  1434     0567  0084               	movwf	4
  1435     0568  120A  118A  2003  120A  118A  	fcall	stringdir
  1436     056D  2D7A               	goto	l112
  1437     056E                     l1066:
  1438                           
  1439                           ;keypad.c: 34: }
  1440     056E  3001               	movlw	1
  1441     056F  07F3               	addwf	keypad_getkey@col,f
  1442     0570                     l1068:
  1443     0570  3004               	movlw	4
  1444     0571  0273               	subwf	keypad_getkey@col,w
  1445     0572  1C03               	skipc
  1446     0573  2D75               	goto	u661
  1447     0574  2D76               	goto	u660
  1448     0575                     u661:
  1449     0575  2D17               	goto	l1046
  1450     0576                     u660:
  1451     0576                     l1070:
  1452                           
  1453                           ;keypad.c: 35: }
  1454     0576  3001               	movlw	1
  1455     0577  07F2               	addwf	keypad_getkey@row,f
  1456     0578  2D02               	goto	l1034
  1457     0579                     l1074:
  1458                           
  1459                           ;keypad.c: 36: return 0;
  1460     0579  3000               	movlw	0
  1461     057A                     l112:
  1462     057A  0008               	return
  1463     057B                     __end_of_keypad_getkey:
  1464                           
  1465                           	psect	text2
  1466     03F4                     __ptext2:	
  1467 ;; *************** function ___wmul *****************
  1468 ;; Defined at:
  1469 ;;		line 15 in file "C:\Program Files\Microchip\xc8\v3.00\pic\sources\c99\common\Umul16.c"
  1470 ;; Parameters:    Size  Location     Type
  1471 ;;  multiplier      2    0[COMMON] unsigned int 
  1472 ;;  multiplicand    2    2[COMMON] unsigned int 
  1473 ;; Auto vars:     Size  Location     Type
  1474 ;;  product         2    4[COMMON] unsigned int 
  1475 ;; Return value:  Size  Location     Type
  1476 ;;                  2    0[COMMON] unsigned int 
  1477 ;; Registers used:
  1478 ;;		wreg, status,2, status,0
  1479 ;; Tracked objects:
  1480 ;;		On entry : 0/0
  1481 ;;		On exit  : 0/0
  1482 ;;		Unchanged: 0/0
  1483 ;; Data sizes:     COMMON   BANK0   BANK1   BANK3   BANK2
  1484 ;;      Params:         4       0       0       0       0
  1485 ;;      Locals:         2       0       0       0       0
  1486 ;;      Temps:          0       0       0       0       0
  1487 ;;      Totals:         6       0       0       0       0
  1488 ;;Total ram usage:        6 bytes
  1489 ;; Hardware stack levels used: 1
  1490 ;; This function calls:
  1491 ;;		Nothing
  1492 ;; This function is called by:
  1493 ;;		_main
  1494 ;; This function uses a non-reentrant model
  1495 ;;
  1496                           
  1497     03F4                     ___wmul:	
  1498                           ;psect for function ___wmul
  1499                           
  1500     03F4                     l1080:	
  1501                           ;incstack = 0
  1502                           ; Regs used in ___wmul: [wreg+status,2+status,0]
  1503                           
  1504     03F4  01F4               	clrf	___wmul@product
  1505     03F5  01F5               	clrf	___wmul@product+1
  1506     03F6                     l1082:
  1507     03F6  1C70               	btfss	___wmul@multiplier,0
  1508     03F7  2BF9               	goto	u671
  1509     03F8  2BFA               	goto	u670
  1510     03F9                     u671:
  1511     03F9  2C00               	goto	l198
  1512     03FA                     u670:
  1513     03FA                     l1084:
  1514     03FA  0872               	movf	___wmul@multiplicand,w
  1515     03FB  07F4               	addwf	___wmul@product,f
  1516     03FC  1803               	skipnc
  1517     03FD  0AF5               	incf	___wmul@product+1,f
  1518     03FE  0873               	movf	___wmul@multiplicand+1,w
  1519     03FF  07F5               	addwf	___wmul@product+1,f
  1520     0400                     l198:
  1521     0400  3001               	movlw	1
  1522     0401                     u685:
  1523     0401  1003               	clrc
  1524     0402  0DF2               	rlf	___wmul@multiplicand,f
  1525     0403  0DF3               	rlf	___wmul@multiplicand+1,f
  1526     0404  3EFF               	addlw	-1
  1527     0405  1D03               	skipz
  1528     0406  2C01               	goto	u685
  1529     0407                     l1086:
  1530     0407  3001               	movlw	1
  1531     0408                     u695:
  1532     0408  1003               	clrc
  1533     0409  0CF1               	rrf	___wmul@multiplier+1,f
  1534     040A  0CF0               	rrf	___wmul@multiplier,f
  1535     040B  3EFF               	addlw	-1
  1536     040C  1D03               	skipz
  1537     040D  2C08               	goto	u695
  1538     040E                     l1088:
  1539     040E  0870               	movf	___wmul@multiplier,w
  1540     040F  0471               	iorwf	___wmul@multiplier+1,w
  1541     0410  1D03               	btfss	3,2
  1542     0411  2C13               	goto	u701
  1543     0412  2C14               	goto	u700
  1544     0413                     u701:
  1545     0413  2BF6               	goto	l1082
  1546     0414                     u700:
  1547     0414                     l1090:
  1548     0414  0875               	movf	___wmul@product+1,w
  1549     0415  00F1               	movwf	?___wmul+1
  1550     0416  0874               	movf	___wmul@product,w
  1551     0417  00F0               	movwf	?___wmul
  1552     0418                     l200:
  1553     0418  0008               	return
  1554     0419                     __end_of___wmul:
  1555                           
  1556                           	psect	text3
  1557     057B                     __ptext3:	
  1558 ;; *************** function _Lcdinit *****************
  1559 ;; Defined at:
  1560 ;;		line 25 in file "LCD.c"
  1561 ;; Parameters:    Size  Location     Type
  1562 ;;		None
  1563 ;; Auto vars:     Size  Location     Type
  1564 ;;		None
  1565 ;; Return value:  Size  Location     Type
  1566 ;;                  1    wreg      void 
  1567 ;; Registers used:
  1568 ;;		wreg, status,2, status,0, pclath, cstack
  1569 ;; Tracked objects:
  1570 ;;		On entry : 0/0
  1571 ;;		On exit  : 0/0
  1572 ;;		Unchanged: 0/0
  1573 ;; Data sizes:     COMMON   BANK0   BANK1   BANK3   BANK2
  1574 ;;      Params:         0       0       0       0       0
  1575 ;;      Locals:         0       0       0       0       0
  1576 ;;      Temps:          3       0       0       0       0
  1577 ;;      Totals:         3       0       0       0       0
  1578 ;;Total ram usage:        3 bytes
  1579 ;; Hardware stack levels used: 1
  1580 ;; Hardware stack levels required when called: 1
  1581 ;; This function calls:
  1582 ;;		_LcdCommand
  1583 ;; This function is called by:
  1584 ;;		_main
  1585 ;; This function uses a non-reentrant model
  1586 ;;
  1587                           
  1588     057B                     _Lcdinit:	
  1589                           ;psect for function _Lcdinit
  1590                           
  1591     057B                     l1002:	
  1592                           ;incstack = 0
  1593                           ; Regs used in _Lcdinit: [wreg+status,2+status,0+pclath+cstack]
  1594                           
  1595                           
  1596                           ;LCD.c: 26: TRISC = 0x00;
  1597     057B  1683               	bsf	3,5	;RP0=1, select bank1
  1598     057C  1303               	bcf	3,6	;RP1=0, select bank1
  1599     057D  0187               	clrf	7	;volatile
  1600                           
  1601                           ;LCD.c: 27: TRISD = 0x00;
  1602     057E  0188               	clrf	8	;volatile
  1603     057F                     l1004:
  1604                           
  1605                           ;LCD.c: 28: _delay((unsigned long)((100)*(20000000/4000.0)));
  1606     057F  3003               	movlw	3
  1607     0580  00F6               	movwf	??_Lcdinit+2
  1608     0581  308A               	movlw	138
  1609     0582  00F5               	movwf	??_Lcdinit+1
  1610     0583  3055               	movlw	85
  1611     0584  00F4               	movwf	??_Lcdinit
  1612     0585                     u897:
  1613     0585  0BF4               	decfsz	??_Lcdinit,f
  1614     0586  2D85               	goto	u897
  1615     0587  0BF5               	decfsz	??_Lcdinit+1,f
  1616     0588  2D85               	goto	u897
  1617     0589  0BF6               	decfsz	??_Lcdinit+2,f
  1618     058A  2D85               	goto	u897
  1619     058B  2D8C               	nop2
  1620     058C                     l1006:
  1621                           
  1622                           ;LCD.c: 30: LcdCommand(0x30);
  1623     058C  3030               	movlw	48
  1624     058D  120A  118A  23DA  120A  118A  	fcall	_LcdCommand
  1625     0592                     l1008:
  1626                           
  1627                           ;LCD.c: 31: _delay((unsigned long)((100)*(20000000/4000.0)));
  1628     0592  3003               	movlw	3
  1629     0593  00F6               	movwf	??_Lcdinit+2
  1630     0594  308A               	movlw	138
  1631     0595  00F5               	movwf	??_Lcdinit+1
  1632     0596  3055               	movlw	85
  1633     0597  00F4               	movwf	??_Lcdinit
  1634     0598                     u907:
  1635     0598  0BF4               	decfsz	??_Lcdinit,f
  1636     0599  2D98               	goto	u907
  1637     059A  0BF5               	decfsz	??_Lcdinit+1,f
  1638     059B  2D98               	goto	u907
  1639     059C  0BF6               	decfsz	??_Lcdinit+2,f
  1640     059D  2D98               	goto	u907
  1641     059E  2D9F               	nop2
  1642     059F                     l1010:
  1643                           
  1644                           ;LCD.c: 32: LcdCommand(0x30);
  1645     059F  3030               	movlw	48
  1646     05A0  120A  118A  23DA  120A  118A  	fcall	_LcdCommand
  1647     05A5                     l1012:
  1648                           
  1649                           ;LCD.c: 33: _delay((unsigned long)((100)*(20000000/4000.0)));
  1650     05A5  3003               	movlw	3
  1651     05A6  00F6               	movwf	??_Lcdinit+2
  1652     05A7  308A               	movlw	138
  1653     05A8  00F5               	movwf	??_Lcdinit+1
  1654     05A9  3055               	movlw	85
  1655     05AA  00F4               	movwf	??_Lcdinit
  1656     05AB                     u917:
  1657     05AB  0BF4               	decfsz	??_Lcdinit,f
  1658     05AC  2DAB               	goto	u917
  1659     05AD  0BF5               	decfsz	??_Lcdinit+1,f
  1660     05AE  2DAB               	goto	u917
  1661     05AF  0BF6               	decfsz	??_Lcdinit+2,f
  1662     05B0  2DAB               	goto	u917
  1663     05B1  2DB2               	nop2
  1664     05B2                     l1014:
  1665                           
  1666                           ;LCD.c: 34: LcdCommand(0x30);
  1667     05B2  3030               	movlw	48
  1668     05B3  120A  118A  23DA  120A  118A  	fcall	_LcdCommand
  1669     05B8                     l1016:
  1670                           
  1671                           ;LCD.c: 35: _delay((unsigned long)((100)*(20000000/4000.0)));
  1672     05B8  3003               	movlw	3
  1673     05B9  00F6               	movwf	??_Lcdinit+2
  1674     05BA  308A               	movlw	138
  1675     05BB  00F5               	movwf	??_Lcdinit+1
  1676     05BC  3055               	movlw	85
  1677     05BD  00F4               	movwf	??_Lcdinit
  1678     05BE                     u927:
  1679     05BE  0BF4               	decfsz	??_Lcdinit,f
  1680     05BF  2DBE               	goto	u927
  1681     05C0  0BF5               	decfsz	??_Lcdinit+1,f
  1682     05C1  2DBE               	goto	u927
  1683     05C2  0BF6               	decfsz	??_Lcdinit+2,f
  1684     05C3  2DBE               	goto	u927
  1685     05C4  2DC5               	nop2
  1686     05C5                     l1018:
  1687                           
  1688                           ;LCD.c: 36: LcdCommand(0x38);
  1689     05C5  3038               	movlw	56
  1690     05C6  120A  118A  23DA  120A  118A  	fcall	_LcdCommand
  1691     05CB                     l1020:
  1692                           
  1693                           ;LCD.c: 37: _delay((unsigned long)((100)*(20000000/4000.0)));
  1694     05CB  3003               	movlw	3
  1695     05CC  00F6               	movwf	??_Lcdinit+2
  1696     05CD  308A               	movlw	138
  1697     05CE  00F5               	movwf	??_Lcdinit+1
  1698     05CF  3055               	movlw	85
  1699     05D0  00F4               	movwf	??_Lcdinit
  1700     05D1                     u937:
  1701     05D1  0BF4               	decfsz	??_Lcdinit,f
  1702     05D2  2DD1               	goto	u937
  1703     05D3  0BF5               	decfsz	??_Lcdinit+1,f
  1704     05D4  2DD1               	goto	u937
  1705     05D5  0BF6               	decfsz	??_Lcdinit+2,f
  1706     05D6  2DD1               	goto	u937
  1707     05D7  2DD8               	nop2
  1708     05D8                     l1022:
  1709                           
  1710                           ;LCD.c: 38: LcdCommand(0x0C);
  1711     05D8  300C               	movlw	12
  1712     05D9  120A  118A  23DA  120A  118A  	fcall	_LcdCommand
  1713     05DE                     l1024:
  1714                           
  1715                           ;LCD.c: 39: _delay((unsigned long)((100)*(20000000/4000.0)));
  1716     05DE  3003               	movlw	3
  1717     05DF  00F6               	movwf	??_Lcdinit+2
  1718     05E0  308A               	movlw	138
  1719     05E1  00F5               	movwf	??_Lcdinit+1
  1720     05E2  3055               	movlw	85
  1721     05E3  00F4               	movwf	??_Lcdinit
  1722     05E4                     u947:
  1723     05E4  0BF4               	decfsz	??_Lcdinit,f
  1724     05E5  2DE4               	goto	u947
  1725     05E6  0BF5               	decfsz	??_Lcdinit+1,f
  1726     05E7  2DE4               	goto	u947
  1727     05E8  0BF6               	decfsz	??_Lcdinit+2,f
  1728     05E9  2DE4               	goto	u947
  1729     05EA  2DEB               	nop2
  1730     05EB                     l1026:
  1731                           
  1732                           ;LCD.c: 40: LcdCommand(0x01);
  1733     05EB  3001               	movlw	1
  1734     05EC  120A  118A  23DA  120A  118A  	fcall	_LcdCommand
  1735     05F1                     l1028:
  1736                           
  1737                           ;LCD.c: 41: _delay((unsigned long)((100)*(20000000/4000.0)));
  1738     05F1  3003               	movlw	3
  1739     05F2  00F6               	movwf	??_Lcdinit+2
  1740     05F3  308A               	movlw	138
  1741     05F4  00F5               	movwf	??_Lcdinit+1
  1742     05F5  3055               	movlw	85
  1743     05F6  00F4               	movwf	??_Lcdinit
  1744     05F7                     u957:
  1745     05F7  0BF4               	decfsz	??_Lcdinit,f
  1746     05F8  2DF7               	goto	u957
  1747     05F9  0BF5               	decfsz	??_Lcdinit+1,f
  1748     05FA  2DF7               	goto	u957
  1749     05FB  0BF6               	decfsz	??_Lcdinit+2,f
  1750     05FC  2DF7               	goto	u957
  1751     05FD  2DFE               	nop2
  1752     05FE                     l86:
  1753     05FE  0008               	return
  1754     05FF                     __end_of_Lcdinit:
  1755                           
  1756                           	psect	text4
  1757     03DA                     __ptext4:	
  1758 ;; *************** function _LcdCommand *****************
  1759 ;; Defined at:
  1760 ;;		line 51 in file "LCD.c"
  1761 ;; Parameters:    Size  Location     Type
  1762 ;;  i               1    wreg     unsigned char 
  1763 ;; Auto vars:     Size  Location     Type
  1764 ;;  i               1    3[COMMON] unsigned char 
  1765 ;; Return value:  Size  Location     Type
  1766 ;;                  1    wreg      void 
  1767 ;; Registers used:
  1768 ;;		wreg, status,2, status,0
  1769 ;; Tracked objects:
  1770 ;;		On entry : 0/0
  1771 ;;		On exit  : 0/0
  1772 ;;		Unchanged: 0/0
  1773 ;; Data sizes:     COMMON   BANK0   BANK1   BANK3   BANK2
  1774 ;;      Params:         0       0       0       0       0
  1775 ;;      Locals:         1       0       0       0       0
  1776 ;;      Temps:          3       0       0       0       0
  1777 ;;      Totals:         4       0       0       0       0
  1778 ;;Total ram usage:        4 bytes
  1779 ;; Hardware stack levels used: 1
  1780 ;; This function calls:
  1781 ;;		Nothing
  1782 ;; This function is called by:
  1783 ;;		_main
  1784 ;;		_Lcdinit
  1785 ;; This function uses a non-reentrant model
  1786 ;;
  1787                           
  1788     03DA                     _LcdCommand:	
  1789                           ;psect for function _LcdCommand
  1790                           
  1791                           
  1792                           ;incstack = 0
  1793                           ; Regs used in _LcdCommand: [wreg+status,2+status,0]
  1794                           ;LcdCommand@i stored from wreg
  1795     03DA  00F3               	movwf	LcdCommand@i
  1796     03DB                     l940:
  1797                           
  1798                           ;LCD.c: 52: PORTC &= ~(0x1 << 3);
  1799     03DB  30F7               	movlw	247
  1800     03DC  1283               	bcf	3,5	;RP0=0, select bank0
  1801     03DD  1303               	bcf	3,6	;RP1=0, select bank0
  1802     03DE  0587               	andwf	7,f	;volatile
  1803     03DF                     l942:
  1804                           
  1805                           ;LCD.c: 53: PORTD = i;
  1806     03DF  0873               	movf	LcdCommand@i,w
  1807     03E0  0088               	movwf	8	;volatile
  1808     03E1                     l944:
  1809                           
  1810                           ;LCD.c: 54: PORTC |= (0x1 << 0);
  1811     03E1  1407               	bsf	7,0	;volatile
  1812     03E2                     l946:
  1813                           
  1814                           ;LCD.c: 55: _delay((unsigned long)((100)*(20000000/4000.0)));
  1815     03E2  3003               	movlw	3
  1816     03E3  00F2               	movwf	??_LcdCommand+2
  1817     03E4  308A               	movlw	138
  1818     03E5  00F1               	movwf	??_LcdCommand+1
  1819     03E6  3055               	movlw	85
  1820     03E7  00F0               	movwf	??_LcdCommand
  1821     03E8                     u967:
  1822     03E8  0BF0               	decfsz	??_LcdCommand,f
  1823     03E9  2BE8               	goto	u967
  1824     03EA  0BF1               	decfsz	??_LcdCommand+1,f
  1825     03EB  2BE8               	goto	u967
  1826     03EC  0BF2               	decfsz	??_LcdCommand+2,f
  1827     03ED  2BE8               	goto	u967
  1828     03EE  2BEF               	nop2
  1829                           
  1830                           ;LCD.c: 56: PORTC &= ~(0x1 << 0);
  1831     03EF  30FE               	movlw	254
  1832     03F0  1283               	bcf	3,5	;RP0=0, select bank0
  1833     03F1  1303               	bcf	3,6	;RP1=0, select bank0
  1834     03F2  0587               	andwf	7,f	;volatile
  1835     03F3                     l92:
  1836     03F3  0008               	return
  1837     03F4                     __end_of_LcdCommand:
  1838                           
  1839                           	psect	text5
  1840     0493                     __ptext5:	
  1841 ;; *************** function _LcdOutput *****************
  1842 ;; Defined at:
  1843 ;;		line 13 in file "LCD.c"
  1844 ;; Parameters:    Size  Location     Type
  1845 ;;  i               2   12[COMMON] unsigned short 
  1846 ;; Auto vars:     Size  Location     Type
  1847 ;;  d3              1    2[BANK0 ] unsigned char 
  1848 ;;  d2              1    1[BANK0 ] unsigned char 
  1849 ;;  d1              1    0[BANK0 ] unsigned char 
  1850 ;;  d4              1    0        unsigned char 
  1851 ;; Return value:  Size  Location     Type
  1852 ;;                  1    wreg      void 
  1853 ;; Registers used:
  1854 ;;		wreg, status,2, status,0, pclath, cstack
  1855 ;; Tracked objects:
  1856 ;;		On entry : 0/0
  1857 ;;		On exit  : 0/0
  1858 ;;		Unchanged: 0/0
  1859 ;; Data sizes:     COMMON   BANK0   BANK1   BANK3   BANK2
  1860 ;;      Params:         2       0       0       0       0
  1861 ;;      Locals:         0       3       0       0       0
  1862 ;;      Temps:          0       0       0       0       0
  1863 ;;      Totals:         2       3       0       0       0
  1864 ;;Total ram usage:        5 bytes
  1865 ;; Hardware stack levels used: 1
  1866 ;; Hardware stack levels required when called: 1
  1867 ;; This function calls:
  1868 ;;		_LcdData
  1869 ;;		___lwdiv
  1870 ;;		___lwmod
  1871 ;; This function is called by:
  1872 ;;		_main
  1873 ;; This function uses a non-reentrant model
  1874 ;;
  1875                           
  1876     0493                     _LcdOutput:	
  1877                           ;psect for function _LcdOutput
  1878                           
  1879     0493                     l1078:	
  1880                           ;incstack = 0
  1881                           ; Regs used in _LcdOutput: [wreg+status,2+status,0+pclath+cstack]
  1882                           
  1883                           
  1884                           ;LCD.c: 13: void LcdOutput(uint16_t i);LCD.c: 14: {;LCD.c: 15: uint8_t d1, d2, d3, d4;;L
      +                          CD.c: 16: d3 = (uint8_t) ((i % 1000) / 100);
  1885     0493  3064               	movlw	100
  1886     0494  00F5               	movwf	___lwdiv@divisor
  1887     0495  3000               	movlw	0
  1888     0496  00F6               	movwf	___lwdiv@divisor+1
  1889     0497  087D               	movf	LcdOutput@i+1,w
  1890     0498  00F3               	movwf	___lwmod@dividend+1
  1891     0499  087C               	movf	LcdOutput@i,w
  1892     049A  00F2               	movwf	___lwmod@dividend
  1893     049B  30E8               	movlw	232
  1894     049C  00F0               	movwf	___lwmod@divisor
  1895     049D  3003               	movlw	3
  1896     049E  00F1               	movwf	___lwmod@divisor+1
  1897     049F  120A  118A  2419  120A  118A  	fcall	___lwmod
  1898     04A4  0871               	movf	?___lwmod+1,w
  1899     04A5  00F8               	movwf	___lwdiv@dividend+1
  1900     04A6  0870               	movf	?___lwmod,w
  1901     04A7  00F7               	movwf	___lwdiv@dividend
  1902     04A8  120A  118A  2451  120A  118A  	fcall	___lwdiv
  1903     04AD  0875               	movf	?___lwdiv,w
  1904     04AE  1283               	bcf	3,5	;RP0=0, select bank0
  1905     04AF  1303               	bcf	3,6	;RP1=0, select bank0
  1906     04B0  00A2               	movwf	LcdOutput@d3
  1907                           
  1908                           ;LCD.c: 17: d2 = (uint8_t) ((i % 100) / 10);
  1909     04B1  300A               	movlw	10
  1910     04B2  00F5               	movwf	___lwdiv@divisor
  1911     04B3  3000               	movlw	0
  1912     04B4  00F6               	movwf	___lwdiv@divisor+1
  1913     04B5  087D               	movf	LcdOutput@i+1,w
  1914     04B6  00F3               	movwf	___lwmod@dividend+1
  1915     04B7  087C               	movf	LcdOutput@i,w
  1916     04B8  00F2               	movwf	___lwmod@dividend
  1917     04B9  3064               	movlw	100
  1918     04BA  00F0               	movwf	___lwmod@divisor
  1919     04BB  3000               	movlw	0
  1920     04BC  00F1               	movwf	___lwmod@divisor+1
  1921     04BD  120A  118A  2419  120A  118A  	fcall	___lwmod
  1922     04C2  0871               	movf	?___lwmod+1,w
  1923     04C3  00F8               	movwf	___lwdiv@dividend+1
  1924     04C4  0870               	movf	?___lwmod,w
  1925     04C5  00F7               	movwf	___lwdiv@dividend
  1926     04C6  120A  118A  2451  120A  118A  	fcall	___lwdiv
  1927     04CB  0875               	movf	?___lwdiv,w
  1928     04CC  1283               	bcf	3,5	;RP0=0, select bank0
  1929     04CD  1303               	bcf	3,6	;RP1=0, select bank0
  1930     04CE  00A1               	movwf	LcdOutput@d2
  1931                           
  1932                           ;LCD.c: 18: d1 = (uint8_t) (i % 10);
  1933     04CF  300A               	movlw	10
  1934     04D0  00F0               	movwf	___lwmod@divisor
  1935     04D1  3000               	movlw	0
  1936     04D2  00F1               	movwf	___lwmod@divisor+1
  1937     04D3  087D               	movf	LcdOutput@i+1,w
  1938     04D4  00F3               	movwf	___lwmod@dividend+1
  1939     04D5  087C               	movf	LcdOutput@i,w
  1940     04D6  00F2               	movwf	___lwmod@dividend
  1941     04D7  120A  118A  2419  120A  118A  	fcall	___lwmod
  1942     04DC  0870               	movf	?___lwmod,w
  1943     04DD  1283               	bcf	3,5	;RP0=0, select bank0
  1944     04DE  1303               	bcf	3,6	;RP1=0, select bank0
  1945     04DF  00A0               	movwf	LcdOutput@d1
  1946                           
  1947                           ;LCD.c: 20: LcdData(0x30 + d3);
  1948     04E0  0822               	movf	LcdOutput@d3,w
  1949     04E1  3E30               	addlw	48
  1950     04E2  120A  118A  23C4  120A  118A  	fcall	_LcdData
  1951                           
  1952                           ;LCD.c: 21: LcdData(0x30 + d2);
  1953     04E7  1283               	bcf	3,5	;RP0=0, select bank0
  1954     04E8  1303               	bcf	3,6	;RP1=0, select bank0
  1955     04E9  0821               	movf	LcdOutput@d2,w
  1956     04EA  3E30               	addlw	48
  1957     04EB  120A  118A  23C4  120A  118A  	fcall	_LcdData
  1958                           
  1959                           ;LCD.c: 22: LcdData(0x30 + d1);
  1960     04F0  1283               	bcf	3,5	;RP0=0, select bank0
  1961     04F1  1303               	bcf	3,6	;RP1=0, select bank0
  1962     04F2  0820               	movf	LcdOutput@d1,w
  1963     04F3  3E30               	addlw	48
  1964     04F4  120A  118A  23C4  120A  118A  	fcall	_LcdData
  1965     04F9                     l83:
  1966     04F9  0008               	return
  1967     04FA                     __end_of_LcdOutput:
  1968                           
  1969                           	psect	text6
  1970     0419                     __ptext6:	
  1971 ;; *************** function ___lwmod *****************
  1972 ;; Defined at:
  1973 ;;		line 5 in file "C:\Program Files\Microchip\xc8\v3.00\pic\sources\c99\common\lwmod.c"
  1974 ;; Parameters:    Size  Location     Type
  1975 ;;  divisor         2    0[COMMON] unsigned int 
  1976 ;;  dividend        2    2[COMMON] unsigned int 
  1977 ;; Auto vars:     Size  Location     Type
  1978 ;;  counter         1    4[COMMON] unsigned char 
  1979 ;; Return value:  Size  Location     Type
  1980 ;;                  2    0[COMMON] unsigned int 
  1981 ;; Registers used:
  1982 ;;		wreg, status,2, status,0
  1983 ;; Tracked objects:
  1984 ;;		On entry : 0/0
  1985 ;;		On exit  : 0/0
  1986 ;;		Unchanged: 0/0
  1987 ;; Data sizes:     COMMON   BANK0   BANK1   BANK3   BANK2
  1988 ;;      Params:         4       0       0       0       0
  1989 ;;      Locals:         1       0       0       0       0
  1990 ;;      Temps:          0       0       0       0       0
  1991 ;;      Totals:         5       0       0       0       0
  1992 ;;Total ram usage:        5 bytes
  1993 ;; Hardware stack levels used: 1
  1994 ;; This function calls:
  1995 ;;		Nothing
  1996 ;; This function is called by:
  1997 ;;		_LcdOutput
  1998 ;; This function uses a non-reentrant model
  1999 ;;
  2000                           
  2001     0419                     ___lwmod:	
  2002                           ;psect for function ___lwmod
  2003                           
  2004     0419                     l980:	
  2005                           ;incstack = 0
  2006                           ; Regs used in ___lwmod: [wreg+status,2+status,0]
  2007                           
  2008     0419  0870               	movf	___lwmod@divisor,w
  2009     041A  0471               	iorwf	___lwmod@divisor+1,w
  2010     041B  1903               	btfsc	3,2
  2011     041C  2C1E               	goto	u511
  2012     041D  2C1F               	goto	u510
  2013     041E                     u511:
  2014     041E  2C4C               	goto	l998
  2015     041F                     u510:
  2016     041F                     l982:
  2017     041F  3001               	movlw	1
  2018     0420  00F4               	movwf	___lwmod@counter
  2019     0421  2C2B               	goto	l988
  2020     0422                     l984:
  2021     0422  3001               	movlw	1
  2022     0423                     u525:
  2023     0423  1003               	clrc
  2024     0424  0DF0               	rlf	___lwmod@divisor,f
  2025     0425  0DF1               	rlf	___lwmod@divisor+1,f
  2026     0426  3EFF               	addlw	-1
  2027     0427  1D03               	skipz
  2028     0428  2C23               	goto	u525
  2029     0429                     l986:
  2030     0429  3001               	movlw	1
  2031     042A  07F4               	addwf	___lwmod@counter,f
  2032     042B                     l988:
  2033     042B  1FF1               	btfss	___lwmod@divisor+1,7
  2034     042C  2C2E               	goto	u531
  2035     042D  2C2F               	goto	u530
  2036     042E                     u531:
  2037     042E  2C22               	goto	l984
  2038     042F                     u530:
  2039     042F                     l990:
  2040     042F  0871               	movf	___lwmod@divisor+1,w
  2041     0430  0273               	subwf	___lwmod@dividend+1,w
  2042     0431  1D03               	skipz
  2043     0432  2C35               	goto	u545
  2044     0433  0870               	movf	___lwmod@divisor,w
  2045     0434  0272               	subwf	___lwmod@dividend,w
  2046     0435                     u545:
  2047     0435  1C03               	skipc
  2048     0436  2C38               	goto	u541
  2049     0437  2C39               	goto	u540
  2050     0438                     u541:
  2051     0438  2C3F               	goto	l994
  2052     0439                     u540:
  2053     0439                     l992:
  2054     0439  0870               	movf	___lwmod@divisor,w
  2055     043A  02F2               	subwf	___lwmod@dividend,f
  2056     043B  0871               	movf	___lwmod@divisor+1,w
  2057     043C  1C03               	skipc
  2058     043D  03F3               	decf	___lwmod@dividend+1,f
  2059     043E  02F3               	subwf	___lwmod@dividend+1,f
  2060     043F                     l994:
  2061     043F  3001               	movlw	1
  2062     0440                     u555:
  2063     0440  1003               	clrc
  2064     0441  0CF1               	rrf	___lwmod@divisor+1,f
  2065     0442  0CF0               	rrf	___lwmod@divisor,f
  2066     0443  3EFF               	addlw	-1
  2067     0444  1D03               	skipz
  2068     0445  2C40               	goto	u555
  2069     0446                     l996:
  2070     0446  3001               	movlw	1
  2071     0447  02F4               	subwf	___lwmod@counter,f
  2072     0448  1D03               	btfss	3,2
  2073     0449  2C4B               	goto	u561
  2074     044A  2C4C               	goto	u560
  2075     044B                     u561:
  2076     044B  2C2F               	goto	l990
  2077     044C                     u560:
  2078     044C                     l998:
  2079     044C  0873               	movf	___lwmod@dividend+1,w
  2080     044D  00F1               	movwf	?___lwmod+1
  2081     044E  0872               	movf	___lwmod@dividend,w
  2082     044F  00F0               	movwf	?___lwmod
  2083     0450                     l488:
  2084     0450  0008               	return
  2085     0451                     __end_of___lwmod:
  2086                           
  2087                           	psect	text7
  2088     0451                     __ptext7:	
  2089 ;; *************** function ___lwdiv *****************
  2090 ;; Defined at:
  2091 ;;		line 5 in file "C:\Program Files\Microchip\xc8\v3.00\pic\sources\c99\common\lwdiv.c"
  2092 ;; Parameters:    Size  Location     Type
  2093 ;;  divisor         2    5[COMMON] unsigned int 
  2094 ;;  dividend        2    7[COMMON] unsigned int 
  2095 ;; Auto vars:     Size  Location     Type
  2096 ;;  quotient        2    9[COMMON] unsigned int 
  2097 ;;  counter         1   11[COMMON] unsigned char 
  2098 ;; Return value:  Size  Location     Type
  2099 ;;                  2    5[COMMON] unsigned int 
  2100 ;; Registers used:
  2101 ;;		wreg, status,2, status,0
  2102 ;; Tracked objects:
  2103 ;;		On entry : 0/0
  2104 ;;		On exit  : 0/0
  2105 ;;		Unchanged: 0/0
  2106 ;; Data sizes:     COMMON   BANK0   BANK1   BANK3   BANK2
  2107 ;;      Params:         4       0       0       0       0
  2108 ;;      Locals:         3       0       0       0       0
  2109 ;;      Temps:          0       0       0       0       0
  2110 ;;      Totals:         7       0       0       0       0
  2111 ;;Total ram usage:        7 bytes
  2112 ;; Hardware stack levels used: 1
  2113 ;; This function calls:
  2114 ;;		Nothing
  2115 ;; This function is called by:
  2116 ;;		_main
  2117 ;;		_LcdOutput
  2118 ;; This function uses a non-reentrant model
  2119 ;;
  2120                           
  2121     0451                     ___lwdiv:	
  2122                           ;psect for function ___lwdiv
  2123                           
  2124     0451                     l954:	
  2125                           ;incstack = 0
  2126                           ; Regs used in ___lwdiv: [wreg+status,2+status,0]
  2127                           
  2128     0451  01F9               	clrf	___lwdiv@quotient
  2129     0452  01FA               	clrf	___lwdiv@quotient+1
  2130     0453                     l956:
  2131     0453  0875               	movf	___lwdiv@divisor,w
  2132     0454  0476               	iorwf	___lwdiv@divisor+1,w
  2133     0455  1903               	btfsc	3,2
  2134     0456  2C58               	goto	u441
  2135     0457  2C59               	goto	u440
  2136     0458                     u441:
  2137     0458  2C8E               	goto	l976
  2138     0459                     u440:
  2139     0459                     l958:
  2140     0459  3001               	movlw	1
  2141     045A  00FB               	movwf	___lwdiv@counter
  2142     045B  2C65               	goto	l964
  2143     045C                     l960:
  2144     045C  3001               	movlw	1
  2145     045D                     u455:
  2146     045D  1003               	clrc
  2147     045E  0DF5               	rlf	___lwdiv@divisor,f
  2148     045F  0DF6               	rlf	___lwdiv@divisor+1,f
  2149     0460  3EFF               	addlw	-1
  2150     0461  1D03               	skipz
  2151     0462  2C5D               	goto	u455
  2152     0463                     l962:
  2153     0463  3001               	movlw	1
  2154     0464  07FB               	addwf	___lwdiv@counter,f
  2155     0465                     l964:
  2156     0465  1FF6               	btfss	___lwdiv@divisor+1,7
  2157     0466  2C68               	goto	u461
  2158     0467  2C69               	goto	u460
  2159     0468                     u461:
  2160     0468  2C5C               	goto	l960
  2161     0469                     u460:
  2162     0469                     l966:
  2163     0469  3001               	movlw	1
  2164     046A                     u475:
  2165     046A  1003               	clrc
  2166     046B  0DF9               	rlf	___lwdiv@quotient,f
  2167     046C  0DFA               	rlf	___lwdiv@quotient+1,f
  2168     046D  3EFF               	addlw	-1
  2169     046E  1D03               	skipz
  2170     046F  2C6A               	goto	u475
  2171     0470  0876               	movf	___lwdiv@divisor+1,w
  2172     0471  0278               	subwf	___lwdiv@dividend+1,w
  2173     0472  1D03               	skipz
  2174     0473  2C76               	goto	u485
  2175     0474  0875               	movf	___lwdiv@divisor,w
  2176     0475  0277               	subwf	___lwdiv@dividend,w
  2177     0476                     u485:
  2178     0476  1C03               	skipc
  2179     0477  2C79               	goto	u481
  2180     0478  2C7A               	goto	u480
  2181     0479                     u481:
  2182     0479  2C81               	goto	l972
  2183     047A                     u480:
  2184     047A                     l968:
  2185     047A  0875               	movf	___lwdiv@divisor,w
  2186     047B  02F7               	subwf	___lwdiv@dividend,f
  2187     047C  0876               	movf	___lwdiv@divisor+1,w
  2188     047D  1C03               	skipc
  2189     047E  03F8               	decf	___lwdiv@dividend+1,f
  2190     047F  02F8               	subwf	___lwdiv@dividend+1,f
  2191     0480                     l970:
  2192     0480  1479               	bsf	___lwdiv@quotient,0
  2193     0481                     l972:
  2194     0481  3001               	movlw	1
  2195     0482                     u495:
  2196     0482  1003               	clrc
  2197     0483  0CF6               	rrf	___lwdiv@divisor+1,f
  2198     0484  0CF5               	rrf	___lwdiv@divisor,f
  2199     0485  3EFF               	addlw	-1
  2200     0486  1D03               	skipz
  2201     0487  2C82               	goto	u495
  2202     0488                     l974:
  2203     0488  3001               	movlw	1
  2204     0489  02FB               	subwf	___lwdiv@counter,f
  2205     048A  1D03               	btfss	3,2
  2206     048B  2C8D               	goto	u501
  2207     048C  2C8E               	goto	u500
  2208     048D                     u501:
  2209     048D  2C69               	goto	l966
  2210     048E                     u500:
  2211     048E                     l976:
  2212     048E  087A               	movf	___lwdiv@quotient+1,w
  2213     048F  00F6               	movwf	?___lwdiv+1
  2214     0490  0879               	movf	___lwdiv@quotient,w
  2215     0491  00F5               	movwf	?___lwdiv
  2216     0492                     l478:
  2217     0492  0008               	return
  2218     0493                     __end_of___lwdiv:
  2219                           
  2220                           	psect	text8
  2221     03C4                     __ptext8:	
  2222 ;; *************** function _LcdData *****************
  2223 ;; Defined at:
  2224 ;;		line 44 in file "LCD.c"
  2225 ;; Parameters:    Size  Location     Type
  2226 ;;  i               1    wreg     unsigned char 
  2227 ;; Auto vars:     Size  Location     Type
  2228 ;;  i               1    0[COMMON] unsigned char 
  2229 ;; Return value:  Size  Location     Type
  2230 ;;                  1    wreg      void 
  2231 ;; Registers used:
  2232 ;;		wreg, status,2, status,0
  2233 ;; Tracked objects:
  2234 ;;		On entry : 0/0
  2235 ;;		On exit  : 0/0
  2236 ;;		Unchanged: 0/0
  2237 ;; Data sizes:     COMMON   BANK0   BANK1   BANK3   BANK2
  2238 ;;      Params:         0       0       0       0       0
  2239 ;;      Locals:         0       0       0       0       0
  2240 ;;      Temps:          3       0       0       0       0
  2241 ;;      Totals:         3       0       0       0       0
  2242 ;;Total ram usage:        3 bytes
  2243 ;; Hardware stack levels used: 1
  2244 ;; This function calls:
  2245 ;;		Nothing
  2246 ;; This function is called by:
  2247 ;;		_main
  2248 ;;		_LcdOutput
  2249 ;; This function uses a non-reentrant model
  2250 ;;
  2251                           
  2252     03C4                     _LcdData:	
  2253                           ;psect for function _LcdData
  2254                           
  2255     03C4                     l948:	
  2256                           ;incstack = 0
  2257                           ; Regs used in _LcdData: [wreg+status,2+status,0]
  2258                           
  2259                           
  2260                           ;LCD.c: 45: PORTC |= (0x1 << 3);
  2261     03C4  1283               	bcf	3,5	;RP0=0, select bank0
  2262     03C5  1303               	bcf	3,6	;RP1=0, select bank0
  2263     03C6  1587               	bsf	7,3	;volatile
  2264                           
  2265                           ;LCD.c: 46: PORTC |= (0x1 << 0);
  2266     03C7  1407               	bsf	7,0	;volatile
  2267     03C8                     l950:
  2268                           
  2269                           ;LCD.c: 47: _delay((unsigned long)((100)*(20000000/4000.0)));
  2270     03C8  3003               	movlw	3
  2271     03C9  00F2               	movwf	??_LcdData+2
  2272     03CA  308A               	movlw	138
  2273     03CB  00F1               	movwf	??_LcdData+1
  2274     03CC  3055               	movlw	85
  2275     03CD  00F0               	movwf	??_LcdData
  2276     03CE                     u977:
  2277     03CE  0BF0               	decfsz	??_LcdData,f
  2278     03CF  2BCE               	goto	u977
  2279     03D0  0BF1               	decfsz	??_LcdData+1,f
  2280     03D1  2BCE               	goto	u977
  2281     03D2  0BF2               	decfsz	??_LcdData+2,f
  2282     03D3  2BCE               	goto	u977
  2283     03D4  2BD5               	nop2
  2284     03D5                     l952:
  2285                           
  2286                           ;LCD.c: 48: PORTC &= ~(0x1 << 0);
  2287     03D5  30FE               	movlw	254
  2288     03D6  1283               	bcf	3,5	;RP0=0, select bank0
  2289     03D7  1303               	bcf	3,6	;RP1=0, select bank0
  2290     03D8  0587               	andwf	7,f	;volatile
  2291     03D9                     l89:
  2292     03D9  0008               	return
  2293     03DA                     __end_of_LcdData:
  2294     0002                     ___latbits      equ	2
  2295     007E                     btemp           set	126	;btemp
  2296     007E                     wtemp0          set	126

Data Sizes:
    Strings     0
    Constant    16
    Data        8
    BSS         8
    Persistent  0
    Stack       0

Auto Spaces:
    Space          Size  Autos    Used
    COMMON           14     14      14
    BANK0            80     15      31
    BANK1            80      0       0
    BANK3            96      0       0
    BANK2            96      0       0

Pointer List with Targets:

    None.

Critical Paths under _main in COMMON

    _main->_LcdOutput
    _Lcdinit->_LcdCommand
    _LcdOutput->___lwdiv
    ___lwdiv->___lwmod

Critical Paths under _main in BANK0

    _main->_LcdOutput

Critical Paths under _main in BANK1

    None.

Critical Paths under _main in BANK3

    None.

Critical Paths under _main in BANK2

    None.

Call Graph Tables:

 ---------------------------------------------------------------------------------
 (Depth) Function   	        Calls       Base Space   Used Autos Params    Refs
 ---------------------------------------------------------------------------------
 (0) _main                                                12    12      0    1603
                                              3 BANK0     12    12      0
                         _LcdCommand
                            _LcdData
                          _LcdOutput
                            _Lcdinit
                            ___lwdiv
                             ___wmul
                      _keypad_getkey
 ---------------------------------------------------------------------------------
 (2) _keypad_getkey                                        4     4      0     246
                                              0 COMMON     4     4      0
 ---------------------------------------------------------------------------------
 (1) ___wmul                                               6     2      4      98
                                              0 COMMON     6     2      4
 ---------------------------------------------------------------------------------
 (1) _Lcdinit                                              3     3      0      29
                                              4 COMMON     3     3      0
                         _LcdCommand
 ---------------------------------------------------------------------------------
 (2) _LcdCommand                                           4     4      0      29
                                              0 COMMON     4     4      0
 ---------------------------------------------------------------------------------
 (1) _LcdOutput                                            6     4      2     471
                                             12 COMMON     2     0      2
                                              0 BANK0      3     3      0
                            _LcdData
                            ___lwdiv
                            ___lwmod
 ---------------------------------------------------------------------------------
 (2) ___lwmod                                              5     1      4     165
                                              0 COMMON     5     1      4
 ---------------------------------------------------------------------------------
 (1) ___lwdiv                                              7     3      4     168
                                              5 COMMON     7     3      4
                            ___lwmod (ARG)
 ---------------------------------------------------------------------------------
 (2) _LcdData                                              4     4      0       0
                                              0 COMMON     3     3      0
 ---------------------------------------------------------------------------------
 Estimated maximum stack depth 2
 ---------------------------------------------------------------------------------

 Call Graph Graphs:

 _main (ROOT)
   _LcdCommand
   _LcdData
   _LcdOutput
     _LcdData
     ___lwdiv
       ___lwmod (ARG)
     ___lwmod
   _Lcdinit
     _LcdCommand
   ___lwdiv
   ___wmul
   _keypad_getkey

Address spaces:
Name               Size   Autos  Total    Usage
BANK3               96      0       0      0.0%
BITBANK3            96      0       0      0.0%
BANK2               96      0       0      0.0%
BITBANK2            96      0       0      0.0%
BANK1               80      0       0      0.0%
BITBANK1            80      0       0      0.0%
BANK0               80     15      31     38.8%
BITBANK0            80      0       0      0.0%
COMMON              14     14      14    100.0%
BITCOMMON           14      0       0      0.0%
DATA                 0      0      45      0.0%
STACK                0      0       0      0.0%


Microchip Technology PIC Macro Assembler V3.00 build 20241204225717 
Symbol Table                                                                                   Thu Jun 19 22:58:46 2025

                      pc 0002                       l36 065B                       l83 04F9  
                     l92 03F3                       l86 05FE                       l89 03D9  
                     fsr 0004      ___wmul@multiplicand 0072                      l200 0418  
                    l112 057A                      l198 0400                      l478 0492  
                    l488 0450                      l940 03DB                      l950 03C8  
                    l942 03DF                      l952 03D5                      l960 045C  
                    l944 03E1                      l970 0480                      l962 0463  
                    l954 0451                      l946 03E2                      l948 03C4  
                    l972 0481                      l964 0465                      l956 0453  
                    l980 0419                      l974 0488                      l966 0469  
                    l958 0459                      l990 042F                      l982 041F  
                    l968 047A                      l976 048E                      l992 0439  
                    l984 0422                      l994 043F                      l986 0429  
                    l996 0446                      l988 042B                      l998 044C  
                    u500 048E                      u501 048D                      u510 041F  
                    u511 041E                      u440 0459                      u600 0528  
                    u441 0458                      u601 0527                      u530 042F  
                    u531 042E                      u460 0469                      u540 0439  
                    u700 0414                      u620 0544                      u461 0468  
                    u541 0438                      u525 0423                      u701 0413  
                    u621 0543                      u630 0553                      u614 0539  
                    u710 0639                      u455 045D                      u631 0552  
                    u615 0537                      u711 0638                      u480 047A  
                    u560 044C                      u640 0558                      u800 06FC  
                    u720 065A                      u481 0479                      u561 044B  
                    u545 0435                      u641 0557                      u801 06FB  
                    u721 0659                      u570 0508                      u810 0754  
                    u730 0668                      u475 046A                      u555 0440  
                    u571 0507                      u811 0753                      u731 0667  
                    u715 0635                      u660 0576                      u820 075A  
                    u740 066E                      u485 0476                      u661 0575  
                    u821 0759                      u741 066D                      u725 0656  
                    u670 03FA                      u830 0760                      u750 069B  
                    u495 0482                      u671 03F9                      u655 055D  
                    u831 075F                      u751 069A                      u584 050F  
                    u840 0766                      u760 06C6                      u585 050D  
                    u841 0765                      u761 06C5                      u594 051F  
                    u850 077F                      u770 06E7                      u907 0598  
                    u595 051D                      u851 077E                      u771 06E6  
                    u755 0697                      u860 07AC                      u780 06EE  
                    u917 05AB                      u685 0401                      u861 07AB  
                    u781 06ED                      u765 06C2                      u790 06F4  
                    u927 05BE                      u695 0408                      u791 06F3  
                    u775 06E3                      u937 05D1                      u947 05E4  
                    u957 05F7                      u877 052C                      u967 03E8  
                    u887 0548                      u977 03CE                      u897 0585  
                    fsr0 0004                      indf 0000                     l1010 059F  
                   l1002 057B                     l1020 05CB                     l1012 05A5  
                   l1004 057F                     l1100 0609                     l1022 05D8  
                   l1014 05B2                     l1006 058C                     l1030 04FA  
                   l1110 0618                     l1102 060E                     l1024 05DE  
                   l1016 05B8                     l1008 0592                     l1040 0516  
                   l1032 04FE                     l1200 0770                     l1112 0624  
                   l1104 0614                     l1026 05EB                     l1018 05C5  
                   l1050 0531                     l1034 0502                     l1210 0792  
                   l1202 0779                     l1130 0663                     l1122 063F  
                   l1114 062C                     l1028 05F1                     l1052 0544  
                   l1212 07A6                     l1220 07C3                     l1132 0668  
                   l1124 0645                     l1116 0639                     l1070 0576  
                   l1062 055A                     l1054 054D                     l1046 0517  
                   l1038 0509                     l1214 07AC                     l1222 07D1  
                   l1206 0780                     l1150 069B                     l1134 066E  
                   l1126 064D                     l1080 03F4                     l1056 0553  
                   l1048 0528                     l1216 07C0                     l1208 0789  
                   l1160 06B1                     l1152 06A1                     l1144 0680  
                   l1136 0676                     l1128 065B                     l1090 0414  
                   l1082 03F6                     l1058 0558                     l1066 056E  
                   l1074 0579                     l1170 06CC                     l1162 06B9  
                   l1146 0686                     l1138 067C                     l1084 03FA  
                   l1068 0570                     l1180 06F4                     l1172 06D2  
                   l1164 06C6                     l1148 068E                     l1078 0493  
                   l1086 0407                     l1190 075A                     l1182 06FC  
                   l1174 06DA                     l1158 06A5                     l1094 05FF  
                   l1088 040E                     l1192 0760                     l1184 0725  
                   l1176 06E8                     l1096 0603                     l1194 0766  
                   l1178 06EE                     l1186 074E                     l1098 0605  
                   l1196 0768                     l1188 0754                     l1198 076A  
                   _flag 0035                     _main 05FF                     _num1 0033  
                   _num2 0031                     btemp 007E                     start 0000  
        __end_of_LcdData 03DA               _LcdCommand 03DA          __end_of_Lcdinit 05FF  
                  ?_main 0070          __end_of___lwdiv 0493          __end_of___lwmod 0451  
                  _PORTB 0006                    _PORTC 0007                    _PORTD 0008  
                  _TRISB 0086                    _TRISC 0087                    _TRISD 0088  
                  main@i 002A                    pclath 000A                    status 0003  
                  wtemp0 007E          __initialization 07E6             __end_of_main 07E6  
                 ??_main 007E                ??_LcdData 0070                   _RESULT 0037  
              ??_Lcdinit 0074              ?_LcdCommand 0070                   ___wmul 03F4  
              ??___lwdiv 0079                ??___lwmod 0074                   _keymap 0009  
                 _result 002F  __end_of__initialization 07FC        __end_of_LcdOutput 04FA  
         __pcstackCOMMON 0070             __pidataBANK0 03A9               __pbssBANK0 002F  
             __pmaintext 05FF                  ?___wmul 0070            _keypad_getkey 04FA  
             __stringtab 0003                  _LcdData 03C4                  _Lcdinit 057B  
                ___lwdiv 0451                  ___lwmod 0419                  __ptext1 04FA  
                __ptext2 03F4                  __ptext3 057B                  __ptext4 03DA  
                __ptext5 0493                  __ptext6 0419                  __ptext7 0451  
                __ptext8 03C4           ?_keypad_getkey 0070                  main@key 002E  
   end_of_initialization 07FC             ??_LcdCommand 0070       __end_of_LcdCommand 03F4  
              _LcdOutput 0493           __end_of___wmul 0419          ??_keypad_getkey 0070  
         __end_of_keymap 0019      start_initialization 07E6                 ??___wmul 0074  
             init_fetch0 03B1               ?_LcdOutput 007C              __pdataBANK0 0037  
              ___latbits 0002            __pcstackBANK0 0020                 ?_LcdData 0070  
               ?_Lcdinit 0070         ___lwdiv@dividend 0077                 ?___lwdiv 0075  
               ?___lwmod 0070                __pstrings 0003         ___lwdiv@quotient 0079  
         ___wmul@product 0074                 LcdData@i 0070                _operation 0036  
            ??_LcdOutput 007E              __stringbase 0008        ___wmul@multiplier 0070  
              main@digit 0029       __end_of__stringtab 0009          ___lwdiv@divisor 0075  
        ___lwdiv@counter 007B              LcdCommand@i 0073                 main@i_62 0023  
               main@i_63 0025                 main@i_64 002C                 main@i_65 0027  
  __end_of_keypad_getkey 057B         keypad_getkey@col 0073         keypad_getkey@row 0072  
               init_ram0 03B5              LcdOutput@d1 0020              LcdOutput@d2 0021  
            LcdOutput@d3 0022         ___lwmod@dividend 0072                stringcode 0003  
             _OPTION_REG 0081               LcdOutput@i 007C          ___lwmod@divisor 0070  
        ___lwmod@counter 0074                 stringdir 0003                 stringtab 0003  
