

Microchip Technology PIC LITE Macro Assembler V2.00 build -1524193055 
                                                                                               Sun Sep 29 18:07:43 2019

Microchip Technology Omniscient Code Generator v2.00 (Free mode) build 20180527130849
     1  0000                     
      + 0000                     
     2                           ; Version 2.00
     3                           ; Generated 27/05/2018 GMT
     4                           
     5                           ; 
     6                           ; Copyright © 2018, Microchip Technology Inc. and its subsidiaries ("Microchip")
     7                           ; All rights reserved.
     8                           ; 
     9                           ; This software is developed by Microchip Technology Inc. and its subsidiaries ("Microch
                                 ip").
    10                           ; 
    11                           ; Redistribution and use in source and binary forms, with or without modification, are
    12                           ; permitted provided that the following conditions are met:
    13                           ; 
    14                           ;     1. Redistributions of source code must retain the above copyright notice, this lis
                                 t of
    15                           ;        conditions and the following disclaimer.
    16                           ; 
    17                           ;     2. Redistributions in binary form must reproduce the above copyright notice, this 
                                 list
    18                           ;        of conditions and the following disclaimer in the documentation and/or other
    19                           ;        materials provided with the distribution.
    20                           ; 
    21                           ;     3. Microchip's name may not be used to endorse or promote products derived from th
                                 is
    22                           ;        software without specific prior written permission.
    23                           ; 
    24                           ; THIS SOFTWARE IS PROVIDED BY MICROCHIP "AS IS" AND ANY EXPRESS OR IMPLIED WARRANTIES,

    25                           ; INCLUDING, BUT NOT LIMITED TO, THE IMPLIED WARRANTIES OF MERCHANTABILITY AND FITNESS F
                                 OR
    26                           ; PURPOSE ARE DISCLAIMED.  IN NO EVENT SHALL MICROCHIP BE LIABLE FOR ANY DIRECT, INDIREC
                                 T,
    27                           ; INCIDENTAL, SPECIAL, EXEMPLARY, OR CONSEQUENTIAL DAMAGES (INCLUDING BUT NOT LIMITED TO
                                 
    28                           ; PROCUREMENT OF SUBSTITUTE GOODS OR SERVICES; LOSS OF USE, DATA OR PROFITS; OR BUSINESS
                                 
    29                           ; INTERRUPTION) HOWSOEVER CAUSED AND ON ANY THEORY OF LIABILITY, WHETHER IN CONTRACT, ST
                                 RICT
    30                           ; LIABILITY, OR TORT (INCLUDING NEGLIGENCE OR OTHERWISE) ARISING IN ANY WAY OUT OF THE U
                                 SE OF
    31                           ; THIS SOFTWARE, EVEN IF ADVISED OF THE POSSIBILITY OF SUCH DAMAGE.
    32                           ; 
    33                           
    34                           
    35                           ; 
    36                           ; Code-generator required, PIC16F877A Definitions
    37                           ; 
    38  0004                     fsr0 equ 04h
    39  0004                     indf equ 00h
    40  0000                     indf0 equ 00h
    41  0000                     pc equ 02h
    42  0002                     pcl equ 02h
    43  0002                     pclath equ 0Ah
    44  000A                     status equ 03h
    45  0003                     
     2                           opt pagewidth 120
     3  0000                     byte0	macro	val
     4                           	(getbyte(val,0))
     5                           endm
     6  0000                     byte1	macro	val
     7                           	(getbyte(val,1))
     8                           endm
     9  0000                     byte2	macro	val
    10                           	(getbyte(val,2))
    11                           endm
    12  0000                     byte3	macro	val
    13                           	(getbyte(val,3))
    14                           endm
    15  0000                     byte4	macro	val
    16                           	(getbyte(val,4))
    17                           endm
    18  0000                     byte5	macro	val
    19                           	(getbyte(val,5))
    20                           endm
    21  0000                     byte6	macro	val
    22                           	(getbyte(val,6))
    23                           endm
    24  0000                     byte7	macro	val
    25                           	(getbyte(val,7))
    26                           endm
    27  0000                     getword	macro	val,pos
    28                           	(((val) >> (8 * pos)) and 0xffff)
    29                           endm
    30  0000                     word0	macro	val
    31                           	(getword(val,0))
    32                           endm
    33  0000                     word1	macro	val
    34                           	(getword(val,2))
    35                           endm
    36  0000                     word2	macro	val
    37                           	(getword(val,4))
    38                           endm
    39  0000                     word3	macro	val
    40                           	(getword(val,6))
    41                           endm
    42  0000                     gettword	macro	val,pos
    43                           	(((val) >> (8 * pos)) and 0xffffff)
    44                           endm
    45  0000                     tword0	macro	val
    46                           	(gettword(val,0))
    47                           endm
    48  0000                     tword1	macro	val
    49                           	(gettword(val,3))
    50                           endm
    51  0000                     tword2	macro	val
    52                           	(gettword(val,6))
    53                           endm
    54  0000                     getdword	macro	val,pos
    55                           	(((val) >> (8 * pos)) and 0xffffffff)
    56                           endm
    57  0000                     dword0	macro	val
    58                           	(getdword(val,0))
    59                           endm
    60  0000                     dword1	macro	val
    61                           	(getdword(val,4))
    62                           endm
    63  0000                     clrc	macro
    64                           	bcf	3,0
    65                           	endm
    66  0000                     clrz	macro
    67                           	bcf	3,2
    68                           	endm
    69  0000                     setc	macro
    70                           	bsf	3,0
    71                           	endm
    72  0000                     setz	macro
    73                           	bsf	3,2
    74                           	endm
    75  0000                     skipc	macro
    76                           	btfss	3,0
    77                           	endm
    78  0000                     skipz	macro
    79                           	btfss	3,2
    80                           	endm
    81  0000                     skipnc	macro
    82                           	btfsc	3,0
    83                           	endm
    84  0000                     skipnz	macro
    85                           	btfsc	3,2
    86                           	endm
    87  0000                     # 54 "C:\Program Files (x86)\Microchip\xc8\v2.00\pic\include\pic16f877a.h"
    88                           INDF equ 00h ;# 
    89  0000                     # 61 "C:\Program Files (x86)\Microchip\xc8\v2.00\pic\include\pic16f877a.h"
    90                           TMR0 equ 01h ;# 
    91  0001                     # 68 "C:\Program Files (x86)\Microchip\xc8\v2.00\pic\include\pic16f877a.h"
    92                           PCL equ 02h ;# 
    93  0002                     # 75 "C:\Program Files (x86)\Microchip\xc8\v2.00\pic\include\pic16f877a.h"
    94                           STATUS equ 03h ;# 
    95  0003                     # 161 "C:\Program Files (x86)\Microchip\xc8\v2.00\pic\include\pic16f877a.h"
    96                           FSR equ 04h ;# 
    97  0004                     # 168 "C:\Program Files (x86)\Microchip\xc8\v2.00\pic\include\pic16f877a.h"
    98                           PORTA equ 05h ;# 
    99  0005                     # 218 "C:\Program Files (x86)\Microchip\xc8\v2.00\pic\include\pic16f877a.h"
   100                           PORTB equ 06h ;# 
   101  0006                     # 280 "C:\Program Files (x86)\Microchip\xc8\v2.00\pic\include\pic16f877a.h"
   102                           PORTC equ 07h ;# 
   103  0007                     # 342 "C:\Program Files (x86)\Microchip\xc8\v2.00\pic\include\pic16f877a.h"
   104                           PORTD equ 08h ;# 
   105  0008                     # 404 "C:\Program Files (x86)\Microchip\xc8\v2.00\pic\include\pic16f877a.h"
   106                           PORTE equ 09h ;# 
   107  0009                     # 436 "C:\Program Files (x86)\Microchip\xc8\v2.00\pic\include\pic16f877a.h"
   108                           PCLATH equ 0Ah ;# 
   109  000A                     # 456 "C:\Program Files (x86)\Microchip\xc8\v2.00\pic\include\pic16f877a.h"
   110                           INTCON equ 0Bh ;# 
   111  000B                     # 534 "C:\Program Files (x86)\Microchip\xc8\v2.00\pic\include\pic16f877a.h"
   112                           PIR1 equ 0Ch ;# 
   113  000C                     # 596 "C:\Program Files (x86)\Microchip\xc8\v2.00\pic\include\pic16f877a.h"
   114                           PIR2 equ 0Dh ;# 
   115  000D                     # 636 "C:\Program Files (x86)\Microchip\xc8\v2.00\pic\include\pic16f877a.h"
   116                           TMR1 equ 0Eh ;# 
   117  000E                     # 643 "C:\Program Files (x86)\Microchip\xc8\v2.00\pic\include\pic16f877a.h"
   118                           TMR1L equ 0Eh ;# 
   119  000E                     # 650 "C:\Program Files (x86)\Microchip\xc8\v2.00\pic\include\pic16f877a.h"
   120                           TMR1H equ 0Fh ;# 
   121  000F                     # 657 "C:\Program Files (x86)\Microchip\xc8\v2.00\pic\include\pic16f877a.h"
   122                           T1CON equ 010h ;# 
   123  0010                     # 732 "C:\Program Files (x86)\Microchip\xc8\v2.00\pic\include\pic16f877a.h"
   124                           TMR2 equ 011h ;# 
   125  0011                     # 739 "C:\Program Files (x86)\Microchip\xc8\v2.00\pic\include\pic16f877a.h"
   126                           T2CON equ 012h ;# 
   127  0012                     # 810 "C:\Program Files (x86)\Microchip\xc8\v2.00\pic\include\pic16f877a.h"
   128                           SSPBUF equ 013h ;# 
   129  0013                     # 817 "C:\Program Files (x86)\Microchip\xc8\v2.00\pic\include\pic16f877a.h"
   130                           SSPCON equ 014h ;# 
   131  0014                     # 887 "C:\Program Files (x86)\Microchip\xc8\v2.00\pic\include\pic16f877a.h"
   132                           CCPR1 equ 015h ;# 
   133  0015                     # 894 "C:\Program Files (x86)\Microchip\xc8\v2.00\pic\include\pic16f877a.h"
   134                           CCPR1L equ 015h ;# 
   135  0015                     # 901 "C:\Program Files (x86)\Microchip\xc8\v2.00\pic\include\pic16f877a.h"
   136                           CCPR1H equ 016h ;# 
   137  0016                     # 908 "C:\Program Files (x86)\Microchip\xc8\v2.00\pic\include\pic16f877a.h"
   138                           CCP1CON equ 017h ;# 
   139  0017                     # 966 "C:\Program Files (x86)\Microchip\xc8\v2.00\pic\include\pic16f877a.h"
   140                           RCSTA equ 018h ;# 
   141  0018                     # 1061 "C:\Program Files (x86)\Microchip\xc8\v2.00\pic\include\pic16f877a.h"
   142                           TXREG equ 019h ;# 
   143  0019                     # 1068 "C:\Program Files (x86)\Microchip\xc8\v2.00\pic\include\pic16f877a.h"
   144                           RCREG equ 01Ah ;# 
   145  001A                     # 1075 "C:\Program Files (x86)\Microchip\xc8\v2.00\pic\include\pic16f877a.h"
   146                           CCPR2 equ 01Bh ;# 
   147  001B                     # 1082 "C:\Program Files (x86)\Microchip\xc8\v2.00\pic\include\pic16f877a.h"
   148                           CCPR2L equ 01Bh ;# 
   149  001B                     # 1089 "C:\Program Files (x86)\Microchip\xc8\v2.00\pic\include\pic16f877a.h"
   150                           CCPR2H equ 01Ch ;# 
   151  001C                     # 1096 "C:\Program Files (x86)\Microchip\xc8\v2.00\pic\include\pic16f877a.h"
   152                           CCP2CON equ 01Dh ;# 
   153  001D                     # 1154 "C:\Program Files (x86)\Microchip\xc8\v2.00\pic\include\pic16f877a.h"
   154                           ADRESH equ 01Eh ;# 
   155  001E                     # 1161 "C:\Program Files (x86)\Microchip\xc8\v2.00\pic\include\pic16f877a.h"
   156                           ADCON0 equ 01Fh ;# 
   157  001F                     # 1257 "C:\Program Files (x86)\Microchip\xc8\v2.00\pic\include\pic16f877a.h"
   158                           OPTION_REG equ 081h ;# 
   159  0081                     # 1327 "C:\Program Files (x86)\Microchip\xc8\v2.00\pic\include\pic16f877a.h"
   160                           TRISA equ 085h ;# 
   161  0085                     # 1377 "C:\Program Files (x86)\Microchip\xc8\v2.00\pic\include\pic16f877a.h"
   162                           TRISB equ 086h ;# 
   163  0086                     # 1439 "C:\Program Files (x86)\Microchip\xc8\v2.00\pic\include\pic16f877a.h"
   164                           TRISC equ 087h ;# 
   165  0087                     # 1501 "C:\Program Files (x86)\Microchip\xc8\v2.00\pic\include\pic16f877a.h"
   166                           TRISD equ 088h ;# 
   167  0088                     # 1563 "C:\Program Files (x86)\Microchip\xc8\v2.00\pic\include\pic16f877a.h"
   168                           TRISE equ 089h ;# 
   169  0089                     # 1620 "C:\Program Files (x86)\Microchip\xc8\v2.00\pic\include\pic16f877a.h"
   170                           PIE1 equ 08Ch ;# 
   171  008C                     # 1682 "C:\Program Files (x86)\Microchip\xc8\v2.00\pic\include\pic16f877a.h"
   172                           PIE2 equ 08Dh ;# 
   173  008D                     # 1722 "C:\Program Files (x86)\Microchip\xc8\v2.00\pic\include\pic16f877a.h"
   174                           PCON equ 08Eh ;# 
   175  008E                     # 1756 "C:\Program Files (x86)\Microchip\xc8\v2.00\pic\include\pic16f877a.h"
   176                           SSPCON2 equ 091h ;# 
   177  0091                     # 1818 "C:\Program Files (x86)\Microchip\xc8\v2.00\pic\include\pic16f877a.h"
   178                           PR2 equ 092h ;# 
   179  0092                     # 1825 "C:\Program Files (x86)\Microchip\xc8\v2.00\pic\include\pic16f877a.h"
   180                           SSPADD equ 093h ;# 
   181  0093                     # 1832 "C:\Program Files (x86)\Microchip\xc8\v2.00\pic\include\pic16f877a.h"
   182                           SSPSTAT equ 094h ;# 
   183  0094                     # 2001 "C:\Program Files (x86)\Microchip\xc8\v2.00\pic\include\pic16f877a.h"
   184                           TXSTA equ 098h ;# 
   185  0098                     # 2082 "C:\Program Files (x86)\Microchip\xc8\v2.00\pic\include\pic16f877a.h"
   186                           SPBRG equ 099h ;# 
   187  0099                     # 2089 "C:\Program Files (x86)\Microchip\xc8\v2.00\pic\include\pic16f877a.h"
   188                           CMCON equ 09Ch ;# 
   189  009C                     # 2159 "C:\Program Files (x86)\Microchip\xc8\v2.00\pic\include\pic16f877a.h"
   190                           CVRCON equ 09Dh ;# 
   191  009D                     # 2224 "C:\Program Files (x86)\Microchip\xc8\v2.00\pic\include\pic16f877a.h"
   192                           ADRESL equ 09Eh ;# 
   193  009E                     # 2231 "C:\Program Files (x86)\Microchip\xc8\v2.00\pic\include\pic16f877a.h"
   194                           ADCON1 equ 09Fh ;# 
   195  009F                     # 2290 "C:\Program Files (x86)\Microchip\xc8\v2.00\pic\include\pic16f877a.h"
   196                           EEDATA equ 010Ch ;# 
   197  010C                     # 2297 "C:\Program Files (x86)\Microchip\xc8\v2.00\pic\include\pic16f877a.h"
   198                           EEADR equ 010Dh ;# 
   199  010D                     # 2304 "C:\Program Files (x86)\Microchip\xc8\v2.00\pic\include\pic16f877a.h"
   200                           EEDATH equ 010Eh ;# 
   201  010E                     # 2311 "C:\Program Files (x86)\Microchip\xc8\v2.00\pic\include\pic16f877a.h"
   202                           EEADRH equ 010Fh ;# 
   203  010F                     # 2318 "C:\Program Files (x86)\Microchip\xc8\v2.00\pic\include\pic16f877a.h"
   204                           EECON1 equ 018Ch ;# 
   205  018C                     # 2363 "C:\Program Files (x86)\Microchip\xc8\v2.00\pic\include\pic16f877a.h"
   206                           EECON2 equ 018Dh ;# 
   207  018D                     # 54 "C:\Program Files (x86)\Microchip\xc8\v2.00\pic\include\pic16f877a.h"
   208                           INDF equ 00h ;# 
   209  0000                     # 61 "C:\Program Files (x86)\Microchip\xc8\v2.00\pic\include\pic16f877a.h"
   210                           TMR0 equ 01h ;# 
   211  0001                     # 68 "C:\Program Files (x86)\Microchip\xc8\v2.00\pic\include\pic16f877a.h"
   212                           PCL equ 02h ;# 
   213  0002                     # 75 "C:\Program Files (x86)\Microchip\xc8\v2.00\pic\include\pic16f877a.h"
   214                           STATUS equ 03h ;# 
   215  0003                     # 161 "C:\Program Files (x86)\Microchip\xc8\v2.00\pic\include\pic16f877a.h"
   216                           FSR equ 04h ;# 
   217  0004                     # 168 "C:\Program Files (x86)\Microchip\xc8\v2.00\pic\include\pic16f877a.h"
   218                           PORTA equ 05h ;# 
   219  0005                     # 218 "C:\Program Files (x86)\Microchip\xc8\v2.00\pic\include\pic16f877a.h"
   220                           PORTB equ 06h ;# 
   221  0006                     # 280 "C:\Program Files (x86)\Microchip\xc8\v2.00\pic\include\pic16f877a.h"
   222                           PORTC equ 07h ;# 
   223  0007                     # 342 "C:\Program Files (x86)\Microchip\xc8\v2.00\pic\include\pic16f877a.h"
   224                           PORTD equ 08h ;# 
   225  0008                     # 404 "C:\Program Files (x86)\Microchip\xc8\v2.00\pic\include\pic16f877a.h"
   226                           PORTE equ 09h ;# 
   227  0009                     # 436 "C:\Program Files (x86)\Microchip\xc8\v2.00\pic\include\pic16f877a.h"
   228                           PCLATH equ 0Ah ;# 
   229  000A                     # 456 "C:\Program Files (x86)\Microchip\xc8\v2.00\pic\include\pic16f877a.h"
   230                           INTCON equ 0Bh ;# 
   231  000B                     # 534 "C:\Program Files (x86)\Microchip\xc8\v2.00\pic\include\pic16f877a.h"
   232                           PIR1 equ 0Ch ;# 
   233  000C                     # 596 "C:\Program Files (x86)\Microchip\xc8\v2.00\pic\include\pic16f877a.h"
   234                           PIR2 equ 0Dh ;# 
   235  000D                     # 636 "C:\Program Files (x86)\Microchip\xc8\v2.00\pic\include\pic16f877a.h"
   236                           TMR1 equ 0Eh ;# 
   237  000E                     # 643 "C:\Program Files (x86)\Microchip\xc8\v2.00\pic\include\pic16f877a.h"
   238                           TMR1L equ 0Eh ;# 
   239  000E                     # 650 "C:\Program Files (x86)\Microchip\xc8\v2.00\pic\include\pic16f877a.h"
   240                           TMR1H equ 0Fh ;# 
   241  000F                     # 657 "C:\Program Files (x86)\Microchip\xc8\v2.00\pic\include\pic16f877a.h"
   242                           T1CON equ 010h ;# 
   243  0010                     # 732 "C:\Program Files (x86)\Microchip\xc8\v2.00\pic\include\pic16f877a.h"
   244                           TMR2 equ 011h ;# 
   245  0011                     # 739 "C:\Program Files (x86)\Microchip\xc8\v2.00\pic\include\pic16f877a.h"
   246                           T2CON equ 012h ;# 
   247  0012                     # 810 "C:\Program Files (x86)\Microchip\xc8\v2.00\pic\include\pic16f877a.h"
   248                           SSPBUF equ 013h ;# 
   249  0013                     # 817 "C:\Program Files (x86)\Microchip\xc8\v2.00\pic\include\pic16f877a.h"
   250                           SSPCON equ 014h ;# 
   251  0014                     # 887 "C:\Program Files (x86)\Microchip\xc8\v2.00\pic\include\pic16f877a.h"
   252                           CCPR1 equ 015h ;# 
   253  0015                     # 894 "C:\Program Files (x86)\Microchip\xc8\v2.00\pic\include\pic16f877a.h"
   254                           CCPR1L equ 015h ;# 
   255  0015                     # 901 "C:\Program Files (x86)\Microchip\xc8\v2.00\pic\include\pic16f877a.h"
   256                           CCPR1H equ 016h ;# 
   257  0016                     # 908 "C:\Program Files (x86)\Microchip\xc8\v2.00\pic\include\pic16f877a.h"
   258                           CCP1CON equ 017h ;# 
   259  0017                     # 966 "C:\Program Files (x86)\Microchip\xc8\v2.00\pic\include\pic16f877a.h"
   260                           RCSTA equ 018h ;# 
   261  0018                     # 1061 "C:\Program Files (x86)\Microchip\xc8\v2.00\pic\include\pic16f877a.h"
   262                           TXREG equ 019h ;# 
   263  0019                     # 1068 "C:\Program Files (x86)\Microchip\xc8\v2.00\pic\include\pic16f877a.h"
   264                           RCREG equ 01Ah ;# 
   265  001A                     # 1075 "C:\Program Files (x86)\Microchip\xc8\v2.00\pic\include\pic16f877a.h"
   266                           CCPR2 equ 01Bh ;# 
   267  001B                     # 1082 "C:\Program Files (x86)\Microchip\xc8\v2.00\pic\include\pic16f877a.h"
   268                           CCPR2L equ 01Bh ;# 
   269  001B                     # 1089 "C:\Program Files (x86)\Microchip\xc8\v2.00\pic\include\pic16f877a.h"
   270                           CCPR2H equ 01Ch ;# 
   271  001C                     # 1096 "C:\Program Files (x86)\Microchip\xc8\v2.00\pic\include\pic16f877a.h"
   272                           CCP2CON equ 01Dh ;# 
   273  001D                     # 1154 "C:\Program Files (x86)\Microchip\xc8\v2.00\pic\include\pic16f877a.h"
   274                           ADRESH equ 01Eh ;# 
   275  001E                     # 1161 "C:\Program Files (x86)\Microchip\xc8\v2.00\pic\include\pic16f877a.h"
   276                           ADCON0 equ 01Fh ;# 
   277  001F                     # 1257 "C:\Program Files (x86)\Microchip\xc8\v2.00\pic\include\pic16f877a.h"
   278                           OPTION_REG equ 081h ;# 
   279  0081                     # 1327 "C:\Program Files (x86)\Microchip\xc8\v2.00\pic\include\pic16f877a.h"
   280                           TRISA equ 085h ;# 
   281  0085                     # 1377 "C:\Program Files (x86)\Microchip\xc8\v2.00\pic\include\pic16f877a.h"
   282                           TRISB equ 086h ;# 
   283  0086                     # 1439 "C:\Program Files (x86)\Microchip\xc8\v2.00\pic\include\pic16f877a.h"
   284                           TRISC equ 087h ;# 
   285  0087                     # 1501 "C:\Program Files (x86)\Microchip\xc8\v2.00\pic\include\pic16f877a.h"
   286                           TRISD equ 088h ;# 
   287  0088                     # 1563 "C:\Program Files (x86)\Microchip\xc8\v2.00\pic\include\pic16f877a.h"
   288                           TRISE equ 089h ;# 
   289  0089                     # 1620 "C:\Program Files (x86)\Microchip\xc8\v2.00\pic\include\pic16f877a.h"
   290                           PIE1 equ 08Ch ;# 
   291  008C                     # 1682 "C:\Program Files (x86)\Microchip\xc8\v2.00\pic\include\pic16f877a.h"
   292                           PIE2 equ 08Dh ;# 
   293  008D                     # 1722 "C:\Program Files (x86)\Microchip\xc8\v2.00\pic\include\pic16f877a.h"
   294                           PCON equ 08Eh ;# 
   295  008E                     # 1756 "C:\Program Files (x86)\Microchip\xc8\v2.00\pic\include\pic16f877a.h"
   296                           SSPCON2 equ 091h ;# 
   297  0091                     # 1818 "C:\Program Files (x86)\Microchip\xc8\v2.00\pic\include\pic16f877a.h"
   298                           PR2 equ 092h ;# 
   299  0092                     # 1825 "C:\Program Files (x86)\Microchip\xc8\v2.00\pic\include\pic16f877a.h"
   300                           SSPADD equ 093h ;# 
   301  0093                     # 1832 "C:\Program Files (x86)\Microchip\xc8\v2.00\pic\include\pic16f877a.h"
   302                           SSPSTAT equ 094h ;# 
   303  0094                     # 2001 "C:\Program Files (x86)\Microchip\xc8\v2.00\pic\include\pic16f877a.h"
   304                           TXSTA equ 098h ;# 
   305  0098                     # 2082 "C:\Program Files (x86)\Microchip\xc8\v2.00\pic\include\pic16f877a.h"
   306                           SPBRG equ 099h ;# 
   307  0099                     # 2089 "C:\Program Files (x86)\Microchip\xc8\v2.00\pic\include\pic16f877a.h"
   308                           CMCON equ 09Ch ;# 
   309  009C                     # 2159 "C:\Program Files (x86)\Microchip\xc8\v2.00\pic\include\pic16f877a.h"
   310                           CVRCON equ 09Dh ;# 
   311  009D                     # 2224 "C:\Program Files (x86)\Microchip\xc8\v2.00\pic\include\pic16f877a.h"
   312                           ADRESL equ 09Eh ;# 
   313  009E                     # 2231 "C:\Program Files (x86)\Microchip\xc8\v2.00\pic\include\pic16f877a.h"
   314                           ADCON1 equ 09Fh ;# 
   315  009F                     # 2290 "C:\Program Files (x86)\Microchip\xc8\v2.00\pic\include\pic16f877a.h"
   316                           EEDATA equ 010Ch ;# 
   317  010C                     # 2297 "C:\Program Files (x86)\Microchip\xc8\v2.00\pic\include\pic16f877a.h"
   318                           EEADR equ 010Dh ;# 
   319  010D                     # 2304 "C:\Program Files (x86)\Microchip\xc8\v2.00\pic\include\pic16f877a.h"
   320                           EEDATH equ 010Eh ;# 
   321  010E                     # 2311 "C:\Program Files (x86)\Microchip\xc8\v2.00\pic\include\pic16f877a.h"
   322                           EEADRH equ 010Fh ;# 
   323  010F                     # 2318 "C:\Program Files (x86)\Microchip\xc8\v2.00\pic\include\pic16f877a.h"
   324                           EECON1 equ 018Ch ;# 
   325  018C                     # 2363 "C:\Program Files (x86)\Microchip\xc8\v2.00\pic\include\pic16f877a.h"
   326                           EECON2 equ 018Dh ;# 
   327  018D                     # 54 "C:\Program Files (x86)\Microchip\xc8\v2.00\pic\include\pic16f877a.h"
   328                           INDF equ 00h ;# 
   329  0000                     # 61 "C:\Program Files (x86)\Microchip\xc8\v2.00\pic\include\pic16f877a.h"
   330                           TMR0 equ 01h ;# 
   331  0001                     # 68 "C:\Program Files (x86)\Microchip\xc8\v2.00\pic\include\pic16f877a.h"
   332                           PCL equ 02h ;# 
   333  0002                     # 75 "C:\Program Files (x86)\Microchip\xc8\v2.00\pic\include\pic16f877a.h"
   334                           STATUS equ 03h ;# 
   335  0003                     # 161 "C:\Program Files (x86)\Microchip\xc8\v2.00\pic\include\pic16f877a.h"
   336                           FSR equ 04h ;# 
   337  0004                     # 168 "C:\Program Files (x86)\Microchip\xc8\v2.00\pic\include\pic16f877a.h"
   338                           PORTA equ 05h ;# 
   339  0005                     # 218 "C:\Program Files (x86)\Microchip\xc8\v2.00\pic\include\pic16f877a.h"
   340                           PORTB equ 06h ;# 
   341  0006                     # 280 "C:\Program Files (x86)\Microchip\xc8\v2.00\pic\include\pic16f877a.h"
   342                           PORTC equ 07h ;# 
   343  0007                     # 342 "C:\Program Files (x86)\Microchip\xc8\v2.00\pic\include\pic16f877a.h"
   344                           PORTD equ 08h ;# 
   345  0008                     # 404 "C:\Program Files (x86)\Microchip\xc8\v2.00\pic\include\pic16f877a.h"
   346                           PORTE equ 09h ;# 
   347  0009                     # 436 "C:\Program Files (x86)\Microchip\xc8\v2.00\pic\include\pic16f877a.h"
   348                           PCLATH equ 0Ah ;# 
   349  000A                     # 456 "C:\Program Files (x86)\Microchip\xc8\v2.00\pic\include\pic16f877a.h"
   350                           INTCON equ 0Bh ;# 
   351  000B                     # 534 "C:\Program Files (x86)\Microchip\xc8\v2.00\pic\include\pic16f877a.h"
   352                           PIR1 equ 0Ch ;# 
   353  000C                     # 596 "C:\Program Files (x86)\Microchip\xc8\v2.00\pic\include\pic16f877a.h"
   354                           PIR2 equ 0Dh ;# 
   355  000D                     # 636 "C:\Program Files (x86)\Microchip\xc8\v2.00\pic\include\pic16f877a.h"
   356                           TMR1 equ 0Eh ;# 
   357  000E                     # 643 "C:\Program Files (x86)\Microchip\xc8\v2.00\pic\include\pic16f877a.h"
   358                           TMR1L equ 0Eh ;# 
   359  000E                     # 650 "C:\Program Files (x86)\Microchip\xc8\v2.00\pic\include\pic16f877a.h"
   360                           TMR1H equ 0Fh ;# 
   361  000F                     # 657 "C:\Program Files (x86)\Microchip\xc8\v2.00\pic\include\pic16f877a.h"
   362                           T1CON equ 010h ;# 
   363  0010                     # 732 "C:\Program Files (x86)\Microchip\xc8\v2.00\pic\include\pic16f877a.h"
   364                           TMR2 equ 011h ;# 
   365  0011                     # 739 "C:\Program Files (x86)\Microchip\xc8\v2.00\pic\include\pic16f877a.h"
   366                           T2CON equ 012h ;# 
   367  0012                     # 810 "C:\Program Files (x86)\Microchip\xc8\v2.00\pic\include\pic16f877a.h"
   368                           SSPBUF equ 013h ;# 
   369  0013                     # 817 "C:\Program Files (x86)\Microchip\xc8\v2.00\pic\include\pic16f877a.h"
   370                           SSPCON equ 014h ;# 
   371  0014                     # 887 "C:\Program Files (x86)\Microchip\xc8\v2.00\pic\include\pic16f877a.h"
   372                           CCPR1 equ 015h ;# 
   373  0015                     # 894 "C:\Program Files (x86)\Microchip\xc8\v2.00\pic\include\pic16f877a.h"
   374                           CCPR1L equ 015h ;# 
   375  0015                     # 901 "C:\Program Files (x86)\Microchip\xc8\v2.00\pic\include\pic16f877a.h"
   376                           CCPR1H equ 016h ;# 
   377  0016                     # 908 "C:\Program Files (x86)\Microchip\xc8\v2.00\pic\include\pic16f877a.h"
   378                           CCP1CON equ 017h ;# 
   379  0017                     # 966 "C:\Program Files (x86)\Microchip\xc8\v2.00\pic\include\pic16f877a.h"
   380                           RCSTA equ 018h ;# 
   381  0018                     # 1061 "C:\Program Files (x86)\Microchip\xc8\v2.00\pic\include\pic16f877a.h"
   382                           TXREG equ 019h ;# 
   383  0019                     # 1068 "C:\Program Files (x86)\Microchip\xc8\v2.00\pic\include\pic16f877a.h"
   384                           RCREG equ 01Ah ;# 
   385  001A                     # 1075 "C:\Program Files (x86)\Microchip\xc8\v2.00\pic\include\pic16f877a.h"
   386                           CCPR2 equ 01Bh ;# 
   387  001B                     # 1082 "C:\Program Files (x86)\Microchip\xc8\v2.00\pic\include\pic16f877a.h"
   388                           CCPR2L equ 01Bh ;# 
   389  001B                     # 1089 "C:\Program Files (x86)\Microchip\xc8\v2.00\pic\include\pic16f877a.h"
   390                           CCPR2H equ 01Ch ;# 
   391  001C                     # 1096 "C:\Program Files (x86)\Microchip\xc8\v2.00\pic\include\pic16f877a.h"
   392                           CCP2CON equ 01Dh ;# 
   393  001D                     # 1154 "C:\Program Files (x86)\Microchip\xc8\v2.00\pic\include\pic16f877a.h"
   394                           ADRESH equ 01Eh ;# 
   395  001E                     # 1161 "C:\Program Files (x86)\Microchip\xc8\v2.00\pic\include\pic16f877a.h"
   396                           ADCON0 equ 01Fh ;# 
   397  001F                     # 1257 "C:\Program Files (x86)\Microchip\xc8\v2.00\pic\include\pic16f877a.h"
   398                           OPTION_REG equ 081h ;# 
   399  0081                     # 1327 "C:\Program Files (x86)\Microchip\xc8\v2.00\pic\include\pic16f877a.h"
   400                           TRISA equ 085h ;# 
   401  0085                     # 1377 "C:\Program Files (x86)\Microchip\xc8\v2.00\pic\include\pic16f877a.h"
   402                           TRISB equ 086h ;# 
   403  0086                     # 1439 "C:\Program Files (x86)\Microchip\xc8\v2.00\pic\include\pic16f877a.h"
   404                           TRISC equ 087h ;# 
   405  0087                     # 1501 "C:\Program Files (x86)\Microchip\xc8\v2.00\pic\include\pic16f877a.h"
   406                           TRISD equ 088h ;# 
   407  0088                     # 1563 "C:\Program Files (x86)\Microchip\xc8\v2.00\pic\include\pic16f877a.h"
   408                           TRISE equ 089h ;# 
   409  0089                     # 1620 "C:\Program Files (x86)\Microchip\xc8\v2.00\pic\include\pic16f877a.h"
   410                           PIE1 equ 08Ch ;# 
   411  008C                     # 1682 "C:\Program Files (x86)\Microchip\xc8\v2.00\pic\include\pic16f877a.h"
   412                           PIE2 equ 08Dh ;# 
   413  008D                     # 1722 "C:\Program Files (x86)\Microchip\xc8\v2.00\pic\include\pic16f877a.h"
   414                           PCON equ 08Eh ;# 
   415  008E                     # 1756 "C:\Program Files (x86)\Microchip\xc8\v2.00\pic\include\pic16f877a.h"
   416                           SSPCON2 equ 091h ;# 
   417  0091                     # 1818 "C:\Program Files (x86)\Microchip\xc8\v2.00\pic\include\pic16f877a.h"
   418                           PR2 equ 092h ;# 
   419  0092                     # 1825 "C:\Program Files (x86)\Microchip\xc8\v2.00\pic\include\pic16f877a.h"
   420                           SSPADD equ 093h ;# 
   421  0093                     # 1832 "C:\Program Files (x86)\Microchip\xc8\v2.00\pic\include\pic16f877a.h"
   422                           SSPSTAT equ 094h ;# 
   423  0094                     # 2001 "C:\Program Files (x86)\Microchip\xc8\v2.00\pic\include\pic16f877a.h"
   424                           TXSTA equ 098h ;# 
   425  0098                     # 2082 "C:\Program Files (x86)\Microchip\xc8\v2.00\pic\include\pic16f877a.h"
   426                           SPBRG equ 099h ;# 
   427  0099                     # 2089 "C:\Program Files (x86)\Microchip\xc8\v2.00\pic\include\pic16f877a.h"
   428                           CMCON equ 09Ch ;# 
   429  009C                     # 2159 "C:\Program Files (x86)\Microchip\xc8\v2.00\pic\include\pic16f877a.h"
   430                           CVRCON equ 09Dh ;# 
   431  009D                     # 2224 "C:\Program Files (x86)\Microchip\xc8\v2.00\pic\include\pic16f877a.h"
   432                           ADRESL equ 09Eh ;# 
   433  009E                     # 2231 "C:\Program Files (x86)\Microchip\xc8\v2.00\pic\include\pic16f877a.h"
   434                           ADCON1 equ 09Fh ;# 
   435  009F                     # 2290 "C:\Program Files (x86)\Microchip\xc8\v2.00\pic\include\pic16f877a.h"
   436                           EEDATA equ 010Ch ;# 
   437  010C                     # 2297 "C:\Program Files (x86)\Microchip\xc8\v2.00\pic\include\pic16f877a.h"
   438                           EEADR equ 010Dh ;# 
   439  010D                     # 2304 "C:\Program Files (x86)\Microchip\xc8\v2.00\pic\include\pic16f877a.h"
   440                           EEDATH equ 010Eh ;# 
   441  010E                     # 2311 "C:\Program Files (x86)\Microchip\xc8\v2.00\pic\include\pic16f877a.h"
   442                           EEADRH equ 010Fh ;# 
   443  010F                     # 2318 "C:\Program Files (x86)\Microchip\xc8\v2.00\pic\include\pic16f877a.h"
   444                           EECON1 equ 018Ch ;# 
   445  018C                     # 2363 "C:\Program Files (x86)\Microchip\xc8\v2.00\pic\include\pic16f877a.h"
   446                           EECON2 equ 018Dh ;# 
   447  018D                     	FNCALL	_main,_EEPROM_Read
   448                           	FNCALL	_main,_EEPROM_Write
   449                           	FNCALL	_main,_I2C_Master_Init
   450                           	FNCALL	_I2C_Master_Init,___lldiv
   451                           	FNCALL	_EEPROM_Write,_I2C_Master_RepeatedStart
   452                           	FNCALL	_EEPROM_Write,_I2C_Master_Start
   453                           	FNCALL	_EEPROM_Write,_I2C_Master_Stop
   454                           	FNCALL	_EEPROM_Write,_I2C_Master_Write
   455                           	FNCALL	_EEPROM_Read,_I2C_Master_RepeatedStart
   456                           	FNCALL	_EEPROM_Read,_I2C_Master_Start
   457                           	FNCALL	_EEPROM_Read,_I2C_Master_Stop
   458                           	FNCALL	_EEPROM_Read,_I2C_Master_Write
   459                           	FNCALL	_EEPROM_Read,_I2C_NACK
   460                           	FNCALL	_EEPROM_Read,_I2C_Read_Byte
   461                           	FNCALL	_I2C_Read_Byte,_I2C_Master_Wait
   462                           	FNCALL	_I2C_NACK,_I2C_Master_Wait
   463                           	FNCALL	_I2C_Master_Write,_I2C_Master_Wait
   464                           	FNCALL	_I2C_Master_Stop,_I2C_Master_Wait
   465                           	FNCALL	_I2C_Master_Start,_I2C_Master_Wait
   466                           	FNCALL	_I2C_Master_RepeatedStart,_I2C_Master_Wait
   467                           	FNROOT	_main
   468                           	global	_SSPBUF
   469                           _SSPBUF	set	0x13
   470  0013                     	global	_SSPCON
   471                           _SSPCON	set	0x14
   472  0014                     	global	_PORTD
   473                           _PORTD	set	0x8
   474  0008                     	global	_SSPIF
   475                           _SSPIF	set	0x63
   476  0063                     	global	_SSPSTAT
   477                           _SSPSTAT	set	0x94
   478  0094                     	global	_SSPADD
   479                           _SSPADD	set	0x93
   480  0093                     	global	_SSPCON2
   481                           _SSPCON2	set	0x91
   482  0091                     	global	_TRISD
   483                           _TRISD	set	0x88
   484  0088                     	global	_ACKEN
   485                           _ACKEN	set	0x48C
   486  048C                     	global	_ACKDT
   487                           _ACKDT	set	0x48D
   488  048D                     	global	_RCEN
   489                           _RCEN	set	0x48B
   490  048B                     	global	_ACKSTAT
   491                           _ACKSTAT	set	0x48E
   492  048E                     	global	_PEN
   493                           _PEN	set	0x48A
   494  048A                     	global	_RSEN
   495                           _RSEN	set	0x489
   496  0489                     	global	_SEN
   497                           _SEN	set	0x488
   498  0488                     	global	_TRISC4
   499                           _TRISC4	set	0x43C
   500  043C                     	global	_TRISC3
   501                           _TRISC3	set	0x43B
   502  043B                     ; #config settings
   503                           global __CFG_FOSC$HS
   504                           __CFG_FOSC$HS equ 0x0
   505  0000                     global __CFG_WDTE$OFF
   506                           __CFG_WDTE$OFF equ 0x0
   507  0000                     global __CFG_PWRTE$OFF
   508                           __CFG_PWRTE$OFF equ 0x0
   509  0000                     global __CFG_BOREN$OFF
   510                           __CFG_BOREN$OFF equ 0x0
   511  0000                     global __CFG_LVP$OFF
   512                           __CFG_LVP$OFF equ 0x0
   513  0000                     global __CFG_CPD$OFF
   514                           __CFG_CPD$OFF equ 0x0
   515  0000                     global __CFG_WRT$OFF
   516                           __CFG_WRT$OFF equ 0x0
   517  0000                     global __CFG_CP$OFF
   518                           __CFG_CP$OFF equ 0x0
   519  0000                     	file	"C:\Users\KHALED~1\AppData\Local\Temp\s4kk."
   520                           	line	#
   521                           psect cinit,class=CODE,delta=2
   522                           global start_initialization
   523                           start_initialization:
   524  07FC                     
   525                           global __initialization
   526                           __initialization:
   527  07FC                     psect cinit,class=CODE,delta=2,merge=1
   528                           global end_of_initialization,__end_of__initialization
   529                           
   530                           ;End of C runtime variable initialization code
   531                           
   532                           end_of_initialization:
   533  07FC                     __end_of__initialization:
   534  07FC                     clrf status
   535  07FC  0183               ljmp _main	;jump to C main() function
   536  07FD  120A  118A  2F39   psect	cstackCOMMON,class=COMMON,space=1,noexec
   537                           global __pcstackCOMMON
   538                           __pcstackCOMMON:
   539  0070                     ?_main:	; 1 bytes @ 0x0
   540  0070                     ?_I2C_Master_Wait:	; 1 bytes @ 0x0
   541  0070                     ??_I2C_Master_Wait:	; 1 bytes @ 0x0
   542  0070                     ?_I2C_Master_Start:	; 1 bytes @ 0x0
   543  0070                     ??_I2C_Master_Start:	; 1 bytes @ 0x0
   544  0070                     ?_I2C_Master_RepeatedStart:	; 1 bytes @ 0x0
   545  0070                     ??_I2C_Master_RepeatedStart:	; 1 bytes @ 0x0
   546  0070                     ?_I2C_Master_Stop:	; 1 bytes @ 0x0
   547  0070                     ??_I2C_Master_Stop:	; 1 bytes @ 0x0
   548  0070                     ?_I2C_Master_Write:	; 1 bytes @ 0x0
   549  0070                     ??_I2C_Master_Write:	; 1 bytes @ 0x0
   550  0070                     ?_I2C_Read_Byte:	; 1 bytes @ 0x0
   551  0070                     ??_I2C_Read_Byte:	; 1 bytes @ 0x0
   552  0070                     ?_I2C_NACK:	; 1 bytes @ 0x0
   553  0070                     ??_I2C_NACK:	; 1 bytes @ 0x0
   554  0070                     	global	?___lldiv
   555                           ?___lldiv:	; 4 bytes @ 0x0
   556  0070                     	global	I2C_Master_Write@data
   557                           I2C_Master_Write@data:	; 1 bytes @ 0x0
   558  0070                     	global	___lldiv@divisor
   559                           ___lldiv@divisor:	; 4 bytes @ 0x0
   560  0070                     	ds	1
   561  0070                     ?_EEPROM_Write:	; 1 bytes @ 0x1
   562  0071                     ?_EEPROM_Read:	; 1 bytes @ 0x1
   563  0071                     	global	EEPROM_Write@add
   564                           EEPROM_Write@add:	; 2 bytes @ 0x1
   565  0071                     	global	EEPROM_Read@add
   566                           EEPROM_Read@add:	; 2 bytes @ 0x1
   567  0071                     	ds	2
   568  0071                     ??_EEPROM_Read:	; 1 bytes @ 0x3
   569  0073                     	global	EEPROM_Write@data
   570                           EEPROM_Write@data:	; 1 bytes @ 0x3
   571  0073                     	ds	1
   572  0073                     ??_EEPROM_Write:	; 1 bytes @ 0x4
   573  0074                     	global	EEPROM_Read@Data
   574                           EEPROM_Read@Data:	; 1 bytes @ 0x4
   575  0074                     	global	___lldiv@dividend
   576                           ___lldiv@dividend:	; 4 bytes @ 0x4
   577  0074                     	ds	4
   578  0074                     ??___lldiv:	; 1 bytes @ 0x8
   579  0078                     	ds	1
   580  0078                     	global	___lldiv@quotient
   581                           ___lldiv@quotient:	; 4 bytes @ 0x9
   582  0079                     	ds	4
   583  0079                     	global	___lldiv@counter
   584                           ___lldiv@counter:	; 1 bytes @ 0xD
   585  007D                     	ds	1
   586  007D                     psect	cstackBANK0,class=BANK0,space=1,noexec
   587                           global __pcstackBANK0
   588                           __pcstackBANK0:
   589  0020                     ?_I2C_Master_Init:	; 1 bytes @ 0x0
   590  0020                     	global	I2C_Master_Init@baud
   591                           I2C_Master_Init@baud:	; 4 bytes @ 0x0
   592  0020                     	ds	4
   593  0020                     ??_I2C_Master_Init:	; 1 bytes @ 0x4
   594  0024                     	ds	4
   595  0024                     ??_main:	; 1 bytes @ 0x8
   596  0028                     	ds	3
   597  0028                     	global	main@Data
   598                           main@Data:	; 1 bytes @ 0xB
   599  002B                     	ds	1
   600  002B                     	global	main@Address
   601                           main@Address:	; 2 bytes @ 0xC
   602  002C                     	ds	2
   603  002C                     ;!
   604                           ;!Data Sizes:
   605                           ;!    Strings     0
   606                           ;!    Constant    0
   607                           ;!    Data        0
   608                           ;!    BSS         0
   609                           ;!    Persistent  0
   610                           ;!    Stack       0
   611                           ;!
   612                           ;!Auto Spaces:
   613                           ;!    Space          Size  Autos    Used
   614                           ;!    COMMON           14     14      14
   615                           ;!    BANK0            80     14      14
   616                           ;!    BANK1            80      0       0
   617                           ;!    BANK3            96      0       0
   618                           ;!    BANK2            96      0       0
   619                           
   620                           ;!
   621                           ;!Pointer List with Targets:
   622                           ;!
   623                           ;!    None.
   624                           
   625                           
   626                           ;!
   627                           ;!Critical Paths under _main in COMMON
   628                           ;!
   629                           ;!    _I2C_Master_Init->___lldiv
   630                           ;!    _EEPROM_Write->_I2C_Master_Write
   631                           ;!    _EEPROM_Read->_I2C_Master_Write
   632                           ;!
   633                           ;!Critical Paths under _main in BANK0
   634                           ;!
   635                           ;!    _main->_I2C_Master_Init
   636                           ;!
   637                           ;!Critical Paths under _main in BANK1
   638                           ;!
   639                           ;!    None.
   640                           ;!
   641                           ;!Critical Paths under _main in BANK3
   642                           ;!
   643                           ;!    None.
   644                           ;!
   645                           ;!Critical Paths under _main in BANK2
   646                           ;!
   647                           ;!    None.
   648                           
   649 ;;
   650 ;;Main: autosize = 0, tempsize = 3, incstack = 0, save=0
   651 ;;
   652                           
   653                           ;!
   654                           ;!Call Graph Tables:
   655                           ;!
   656                           ;! ---------------------------------------------------------------------------------
   657                           ;! (Depth) Function   	        Calls       Base Space   Used Autos Params    Refs
   658                           ;! ---------------------------------------------------------------------------------
   659                           ;! (0) _main                                                 6     6      0    1480
   660                           ;!                                              8 BANK0      6     6      0
   661                           ;!                        _EEPROM_Read
   662                           ;!                       _EEPROM_Write
   663                           ;!                    _I2C_Master_Init
   664                           ;! ---------------------------------------------------------------------------------
   665                           ;! (1) _I2C_Master_Init                                      8     4      4     412
   666                           ;!                                              0 BANK0      8     4      4
   667                           ;!                            ___lldiv
   668                           ;! ---------------------------------------------------------------------------------
   669                           ;! (2) ___lldiv                                             14     6      8     314
   670                           ;!                                              0 COMMON    14     6      8
   671                           ;! ---------------------------------------------------------------------------------
   672                           ;! (1) _EEPROM_Write                                         3     0      3     544
   673                           ;!                                              1 COMMON     3     0      3
   674                           ;!           _I2C_Master_RepeatedStart
   675                           ;!                   _I2C_Master_Start
   676                           ;!                    _I2C_Master_Stop
   677                           ;!                   _I2C_Master_Write
   678                           ;! ---------------------------------------------------------------------------------
   679                           ;! (1) _EEPROM_Read                                          4     2      2     317
   680                           ;!                                              1 COMMON     4     2      2
   681                           ;!           _I2C_Master_RepeatedStart
   682                           ;!                   _I2C_Master_Start
   683                           ;!                    _I2C_Master_Stop
   684                           ;!                   _I2C_Master_Write
   685                           ;!                           _I2C_NACK
   686                           ;!                      _I2C_Read_Byte
   687                           ;! ---------------------------------------------------------------------------------
   688                           ;! (2) _I2C_Read_Byte                                        0     0      0       0
   689                           ;!                    _I2C_Master_Wait
   690                           ;! ---------------------------------------------------------------------------------
   691                           ;! (2) _I2C_NACK                                             0     0      0       0
   692                           ;!                    _I2C_Master_Wait
   693                           ;! ---------------------------------------------------------------------------------
   694                           ;! (2) _I2C_Master_Write                                     1     1      0      22
   695                           ;!                                              0 COMMON     1     1      0
   696                           ;!                    _I2C_Master_Wait
   697                           ;! ---------------------------------------------------------------------------------
   698                           ;! (2) _I2C_Master_Stop                                      0     0      0       0
   699                           ;!                    _I2C_Master_Wait
   700                           ;! ---------------------------------------------------------------------------------
   701                           ;! (2) _I2C_Master_Start                                     0     0      0       0
   702                           ;!                    _I2C_Master_Wait
   703                           ;! ---------------------------------------------------------------------------------
   704                           ;! (2) _I2C_Master_RepeatedStart                             0     0      0       0
   705                           ;!                    _I2C_Master_Wait
   706                           ;! ---------------------------------------------------------------------------------
   707                           ;! (3) _I2C_Master_Wait                                      0     0      0       0
   708                           ;! ---------------------------------------------------------------------------------
   709                           ;! Estimated maximum stack depth 3
   710                           ;! ---------------------------------------------------------------------------------
   711                           ;!
   712                           ;! Call Graph Graphs:
   713                           ;!
   714                           ;! _main (ROOT)
   715                           ;!   _EEPROM_Read
   716                           ;!     _I2C_Master_RepeatedStart
   717                           ;!       _I2C_Master_Wait
   718                           ;!     _I2C_Master_Start
   719                           ;!       _I2C_Master_Wait
   720                           ;!     _I2C_Master_Stop
   721                           ;!       _I2C_Master_Wait
   722                           ;!     _I2C_Master_Write
   723                           ;!       _I2C_Master_Wait
   724                           ;!     _I2C_NACK
   725                           ;!       _I2C_Master_Wait
   726                           ;!     _I2C_Read_Byte
   727                           ;!       _I2C_Master_Wait
   728                           ;!   _EEPROM_Write
   729                           ;!     _I2C_Master_RepeatedStart
   730                           ;!       _I2C_Master_Wait
   731                           ;!     _I2C_Master_Start
   732                           ;!       _I2C_Master_Wait
   733                           ;!     _I2C_Master_Stop
   734                           ;!       _I2C_Master_Wait
   735                           ;!     _I2C_Master_Write
   736                           ;!       _I2C_Master_Wait
   737                           ;!   _I2C_Master_Init
   738                           ;!     ___lldiv
   739                           ;!
   740                           
   741                           ;! Address spaces:
   742                           
   743                           ;!Name               Size   Autos  Total    Cost      Usage
   744                           ;!BITCOMMON            E      0       0       0        0.0%
   745                           ;!EEDATA             100      0       0       0        0.0%
   746                           ;!NULL                 0      0       0       0        0.0%
   747                           ;!CODE                 0      0       0       0        0.0%
   748                           ;!COMMON               E      E       E       1      100.0%
   749                           ;!BITSFR0              0      0       0       1        0.0%
   750                           ;!SFR0                 0      0       0       1        0.0%
   751                           ;!BITSFR1              0      0       0       2        0.0%
   752                           ;!SFR1                 0      0       0       2        0.0%
   753                           ;!STACK                0      0       0       2        0.0%
   754                           ;!ABS                  0      0       0       3        0.0%
   755                           ;!BITBANK0            50      0       0       4        0.0%
   756                           ;!BITSFR3              0      0       0       4        0.0%
   757                           ;!SFR3                 0      0       0       4        0.0%
   758                           ;!BANK0               50      E       E       5       17.5%
   759                           ;!BITSFR2              0      0       0       5        0.0%
   760                           ;!SFR2                 0      0       0       5        0.0%
   761                           ;!BITBANK1            50      0       0       6        0.0%
   762                           ;!BANK1               50      0       0       7        0.0%
   763                           ;!BITBANK3            60      0       0       8        0.0%
   764                           ;!BANK3               60      0       0       9        0.0%
   765                           ;!BITBANK2            60      0       0      10        0.0%
   766                           ;!BANK2               60      0       0      11        0.0%
   767                           ;!DATA                 0      0       0      12        0.0%
   768                           
   769                           	global	_main
   770                           
   771 ;; *************** function _main *****************
   772 ;; Defined at:
   773 ;;		line 12 in file "main.c"
   774 ;; Parameters:    Size  Location     Type
   775 ;;		None
   776 ;; Auto vars:     Size  Location     Type
   777 ;;  Address         2   12[BANK0 ] unsigned int 
   778 ;;  Data            1   11[BANK0 ] unsigned char 
   779 ;; Return value:  Size  Location     Type
   780 ;;                  1    wreg      void 
   781 ;; Registers used:
   782 ;;		wreg, status,2, status,0, pclath, cstack
   783 ;; Tracked objects:
   784 ;;		On entry : B00/0
   785 ;;		On exit  : 0/0
   786 ;;		Unchanged: 0/0
   787 ;; Data sizes:     COMMON   BANK0   BANK1   BANK3   BANK2
   788 ;;      Params:         0       0       0       0       0
   789 ;;      Locals:         0       3       0       0       0
   790 ;;      Temps:          0       3       0       0       0
   791 ;;      Totals:         0       6       0       0       0
   792 ;;Total ram usage:        6 bytes
   793 ;; Hardware stack levels required when called:    3
   794 ;; This function calls:
   795 ;;		_EEPROM_Read
   796 ;;		_EEPROM_Write
   797 ;;		_I2C_Master_Init
   798 ;; This function is called by:
   799 ;;		Startup code after reset
   800 ;; This function uses a non-reentrant model
   801 ;;
   802                           psect	maintext,global,class=CODE,delta=2,split=1,group=0
   803                           	file	"main.c"
   804                           	line	12
   805                           global __pmaintext
   806                           __pmaintext:	;psect for function _main
   807  0739                     psect	maintext
   808                           	file	"main.c"
   809                           	line	12
   810                           	global	__size_of_main
   811                           	__size_of_main	equ	__end_of_main-_main
   812  00C3                     	
   813                           _main:	
   814  0739                     ;incstack = 0
   815                           	opt	stack 5
   816                           ; Regs used in _main: [wreg+status,2+status,0+pclath+cstack]
   817                           	line	14
   818                           	
   819                           l955:	
   820  0739                     ;main.c: 14:     I2C_Master_Init(100000);
   821                           	movlw	0
   822  0739  3000               	bcf	status, 5	;RP0=0, select bank0
   823  073A  1283               	bcf	status, 6	;RP1=0, select bank0
   824  073B  1303               	movwf	(I2C_Master_Init@baud+3)
   825  073C  00A3               	movlw	01h
   826  073D  3001               	movwf	(I2C_Master_Init@baud+2)
   827  073E  00A2               	movlw	086h
   828  073F  3086               	movwf	(I2C_Master_Init@baud+1)
   829  0740  00A1               	movlw	0A0h
   830  0741  30A0               	movwf	(I2C_Master_Init@baud)
   831  0742  00A0               
   832                           	fcall	_I2C_Master_Init
   833  0743  120A  118A  2651  120A  118A  	line	15
   834                           	
   835                           l957:	
   836  0748                     ;main.c: 15:     unsigned int Address = 0x0020;
   837                           	movlw	020h
   838  0748  3020               	bcf	status, 5	;RP0=0, select bank0
   839  0749  1283               	bcf	status, 6	;RP1=0, select bank0
   840  074A  1303               	movwf	(main@Address)
   841  074B  00AC               	movlw	0
   842  074C  3000               	movwf	((main@Address))+1
   843  074D  00AD               	line	16
   844                           	
   845                           l959:	
   846  074E                     ;main.c: 16:     unsigned char Data = 0x04;
   847                           	movlw	low(04h)
   848  074E  3004               	movwf	(??_main+0)+0
   849  074F  00A8               	movf	(??_main+0)+0,w
   850  0750  0828               	movwf	(main@Data)
   851  0751  00AB               	line	18
   852                           ;main.c: 18:     EEPROM_Write(Address++, Data++);
   853                           	movf	(main@Address+1),w
   854  0752  082D               	movwf	(EEPROM_Write@add+1)
   855  0753  00F2               	movf	(main@Address),w
   856  0754  082C               	movwf	(EEPROM_Write@add)
   857  0755  00F1               	movf	(main@Data),w
   858  0756  082B               	movwf	(??_main+0)+0
   859  0757  00A8               	movf	(??_main+0)+0,w
   860  0758  0828               	movwf	(EEPROM_Write@data)
   861  0759  00F3               	fcall	_EEPROM_Write
   862  075A  120A  118A  2622  120A  118A  	
   863                           l961:	
   864  075F                     	movlw	low(01h)
   865  075F  3001               	bcf	status, 5	;RP0=0, select bank0
   866  0760  1283               	bcf	status, 6	;RP1=0, select bank0
   867  0761  1303               	movwf	(??_main+0)+0
   868  0762  00A8               	movf	(??_main+0)+0,w
   869  0763  0828               	addwf	(main@Data),f
   870  0764  07AB               	
   871                           l963:	
   872  0765                     	movlw	01h
   873  0765  3001               	addwf	(main@Address),f
   874  0766  07AC               	skipnc
   875  0767  1803               	incf	(main@Address+1),f
   876  0768  0AAD               	movlw	0
   877  0769  3000               	addwf	(main@Address+1),f
   878  076A  07AD               	line	19
   879                           	
   880                           l965:	
   881  076B                     ;main.c: 19:     EEPROM_Write(Address++, Data++);
   882                           	movf	(main@Address+1),w
   883  076B  082D               	movwf	(EEPROM_Write@add+1)
   884  076C  00F2               	movf	(main@Address),w
   885  076D  082C               	movwf	(EEPROM_Write@add)
   886  076E  00F1               	movf	(main@Data),w
   887  076F  082B               	movwf	(??_main+0)+0
   888  0770  00A8               	movf	(??_main+0)+0,w
   889  0771  0828               	movwf	(EEPROM_Write@data)
   890  0772  00F3               	fcall	_EEPROM_Write
   891  0773  120A  118A  2622  120A  118A  	
   892                           l967:	
   893  0778                     	movlw	low(01h)
   894  0778  3001               	bcf	status, 5	;RP0=0, select bank0
   895  0779  1283               	bcf	status, 6	;RP1=0, select bank0
   896  077A  1303               	movwf	(??_main+0)+0
   897  077B  00A8               	movf	(??_main+0)+0,w
   898  077C  0828               	addwf	(main@Data),f
   899  077D  07AB               	movlw	01h
   900  077E  3001               	addwf	(main@Address),f
   901  077F  07AC               	skipnc
   902  0780  1803               	incf	(main@Address+1),f
   903  0781  0AAD               	movlw	0
   904  0782  3000               	addwf	(main@Address+1),f
   905  0783  07AD               	line	20
   906                           	
   907                           l969:	
   908  0784                     ;main.c: 20:     EEPROM_Write(Address, Data);
   909                           	movf	(main@Address+1),w
   910  0784  082D               	movwf	(EEPROM_Write@add+1)
   911  0785  00F2               	movf	(main@Address),w
   912  0786  082C               	movwf	(EEPROM_Write@add)
   913  0787  00F1               	movf	(main@Data),w
   914  0788  082B               	movwf	(??_main+0)+0
   915  0789  00A8               	movf	(??_main+0)+0,w
   916  078A  0828               	movwf	(EEPROM_Write@data)
   917  078B  00F3               	fcall	_EEPROM_Write
   918  078C  120A  118A  2622  120A  118A  	line	21
   919                           	
   920                           l971:	
   921  0791                     ;main.c: 21:     _delay((unsigned long)((10)*(16000000/4000.0)));
   922                           	opt asmopt_push
   923                           opt asmopt_off
   924                           movlw	52
   925  0791  3034               	bcf	status, 5	;RP0=0, select bank0
   926  0792  1283               	bcf	status, 6	;RP1=0, select bank0
   927  0793  1303               movwf	((??_main+0)+0+1),f
   928  0794  00A9               	movlw	241
   929  0795  30F1               movwf	((??_main+0)+0),f
   930  0796  00A8               	u377:
   931  0797                     decfsz	((??_main+0)+0),f
   932  0797  0BA8               	goto	u377
   933  0798  2F97               	decfsz	((??_main+0)+0+1),f
   934  0799  0BA9               	goto	u377
   935  079A  2F97               opt asmopt_pop
   936                           
   937                           	line	23
   938                           	
   939                           l973:	
   940  079B                     ;main.c: 23:     Address = 0x0020;
   941                           	movlw	020h
   942  079B  3020               	bcf	status, 5	;RP0=0, select bank0
   943  079C  1283               	bcf	status, 6	;RP1=0, select bank0
   944  079D  1303               	movwf	(main@Address)
   945  079E  00AC               	movlw	0
   946  079F  3000               	movwf	((main@Address))+1
   947  07A0  00AD               	line	24
   948                           	
   949                           l975:	
   950  07A1                     ;main.c: 24:     TRISD = 0x00;
   951                           	bsf	status, 5	;RP0=1, select bank1
   952  07A1  1683               	bcf	status, 6	;RP1=0, select bank1
   953  07A2  1303               	clrf	(136)^080h	;volatile
   954  07A3  0188               	line	25
   955                           	
   956                           l977:	
   957  07A4                     ;main.c: 25:     PORTD = EEPROM_Read(Address++);
   958                           	bcf	status, 5	;RP0=0, select bank0
   959  07A4  1283               	bcf	status, 6	;RP1=0, select bank0
   960  07A5  1303               	movf	(main@Address+1),w
   961  07A6  082D               	movwf	(EEPROM_Read@add+1)
   962  07A7  00F2               	movf	(main@Address),w
   963  07A8  082C               	movwf	(EEPROM_Read@add)
   964  07A9  00F1               	fcall	_EEPROM_Read
   965  07AA  120A  118A  2689  120A  118A  	bcf	status, 5	;RP0=0, select bank0
   966  07AF  1283               	bcf	status, 6	;RP1=0, select bank0
   967  07B0  1303               	movwf	(8)	;volatile
   968  07B1  0088               	
   969                           l979:	
   970  07B2                     	movlw	01h
   971  07B2  3001               	addwf	(main@Address),f
   972  07B3  07AC               	skipnc
   973  07B4  1803               	incf	(main@Address+1),f
   974  07B5  0AAD               	movlw	0
   975  07B6  3000               	addwf	(main@Address+1),f
   976  07B7  07AD               	line	26
   977                           	
   978                           l981:	
   979  07B8                     ;main.c: 26:     _delay((unsigned long)((1000)*(16000000/4000.0)));
   980                           	opt asmopt_push
   981                           opt asmopt_off
   982                           movlw  21
   983  07B8  3015               	bcf	status, 5	;RP0=0, select bank0
   984  07B9  1283               	bcf	status, 6	;RP1=0, select bank0
   985  07BA  1303               movwf	((??_main+0)+0+2),f
   986  07BB  00AA               movlw	75
   987  07BC  304B               movwf	((??_main+0)+0+1),f
   988  07BD  00A9               	movlw	189
   989  07BE  30BD               movwf	((??_main+0)+0),f
   990  07BF  00A8               	u387:
   991  07C0                     decfsz	((??_main+0)+0),f
   992  07C0  0BA8               	goto	u387
   993  07C1  2FC0               	decfsz	((??_main+0)+0+1),f
   994  07C2  0BA9               	goto	u387
   995  07C3  2FC0               	decfsz	((??_main+0)+0+2),f
   996  07C4  0BAA               	goto	u387
   997  07C5  2FC0               	nop2
   998  07C6  2FC7               opt asmopt_pop
   999                           
  1000                           	line	27
  1001                           	
  1002                           l983:	
  1003  07C7                     ;main.c: 27:     PORTD = EEPROM_Read(Address++);
  1004                           	bcf	status, 5	;RP0=0, select bank0
  1005  07C7  1283               	bcf	status, 6	;RP1=0, select bank0
  1006  07C8  1303               	movf	(main@Address+1),w
  1007  07C9  082D               	movwf	(EEPROM_Read@add+1)
  1008  07CA  00F2               	movf	(main@Address),w
  1009  07CB  082C               	movwf	(EEPROM_Read@add)
  1010  07CC  00F1               	fcall	_EEPROM_Read
  1011  07CD  120A  118A  2689  120A  118A  	bcf	status, 5	;RP0=0, select bank0
  1012  07D2  1283               	bcf	status, 6	;RP1=0, select bank0
  1013  07D3  1303               	movwf	(8)	;volatile
  1014  07D4  0088               	
  1015                           l985:	
  1016  07D5                     	movlw	01h
  1017  07D5  3001               	addwf	(main@Address),f
  1018  07D6  07AC               	skipnc
  1019  07D7  1803               	incf	(main@Address+1),f
  1020  07D8  0AAD               	movlw	0
  1021  07D9  3000               	addwf	(main@Address+1),f
  1022  07DA  07AD               	line	28
  1023                           	
  1024                           l987:	
  1025  07DB                     ;main.c: 28:     _delay((unsigned long)((1000)*(16000000/4000.0)));
  1026                           	opt asmopt_push
  1027                           opt asmopt_off
  1028                           movlw  21
  1029  07DB  3015               	bcf	status, 5	;RP0=0, select bank0
  1030  07DC  1283               	bcf	status, 6	;RP1=0, select bank0
  1031  07DD  1303               movwf	((??_main+0)+0+2),f
  1032  07DE  00AA               movlw	75
  1033  07DF  304B               movwf	((??_main+0)+0+1),f
  1034  07E0  00A9               	movlw	189
  1035  07E1  30BD               movwf	((??_main+0)+0),f
  1036  07E2  00A8               	u397:
  1037  07E3                     decfsz	((??_main+0)+0),f
  1038  07E3  0BA8               	goto	u397
  1039  07E4  2FE3               	decfsz	((??_main+0)+0+1),f
  1040  07E5  0BA9               	goto	u397
  1041  07E6  2FE3               	decfsz	((??_main+0)+0+2),f
  1042  07E7  0BAA               	goto	u397
  1043  07E8  2FE3               	nop2
  1044  07E9  2FEA               opt asmopt_pop
  1045                           
  1046                           	line	29
  1047                           	
  1048                           l989:	
  1049  07EA                     ;main.c: 29:     PORTD = EEPROM_Read(Address);
  1050                           	bcf	status, 5	;RP0=0, select bank0
  1051  07EA  1283               	bcf	status, 6	;RP1=0, select bank0
  1052  07EB  1303               	movf	(main@Address+1),w
  1053  07EC  082D               	movwf	(EEPROM_Read@add+1)
  1054  07ED  00F2               	movf	(main@Address),w
  1055  07EE  082C               	movwf	(EEPROM_Read@add)
  1056  07EF  00F1               	fcall	_EEPROM_Read
  1057  07F0  120A  118A  2689  120A  118A  	bcf	status, 5	;RP0=0, select bank0
  1058  07F5  1283               	bcf	status, 6	;RP1=0, select bank0
  1059  07F6  1303               	movwf	(8)	;volatile
  1060  07F7  0088               	line	32
  1061                           ;main.c: 32:     while(1)
  1062                           	
  1063                           l17:	
  1064  07F8                     	line	35
  1065                           ;main.c: 33:     {;main.c: 35:     }
  1066                           	
  1067                           l18:	
  1068  07F8                     	goto	l17
  1069  07F8  2FF8               	
  1070                           l19:	
  1071  07F9                     	line	37
  1072                           ;main.c: 36:     return;
  1073                           	
  1074                           l20:	
  1075  07F9                     	global	start
  1076                           	ljmp	start
  1077  07F9  120A  118A  2800   	opt stack 0
  1078                           GLOBAL	__end_of_main
  1079                           	__end_of_main:
  1080  07FC                     	signat	_main,89
  1081                           	global	_I2C_Master_Init
  1082                           
  1083 ;; *************** function _I2C_Master_Init *****************
  1084 ;; Defined at:
  1085 ;;		line 9 in file "I2C_EEPROM.c"
  1086 ;; Parameters:    Size  Location     Type
  1087 ;;  baud            4    0[BANK0 ] const unsigned long 
  1088 ;; Auto vars:     Size  Location     Type
  1089 ;;		None
  1090 ;; Return value:  Size  Location     Type
  1091 ;;                  1    wreg      void 
  1092 ;; Registers used:
  1093 ;;		wreg, status,2, status,0, pclath, cstack
  1094 ;; Tracked objects:
  1095 ;;		On entry : 0/0
  1096 ;;		On exit  : 0/0
  1097 ;;		Unchanged: 0/0
  1098 ;; Data sizes:     COMMON   BANK0   BANK1   BANK3   BANK2
  1099 ;;      Params:         0       4       0       0       0
  1100 ;;      Locals:         0       0       0       0       0
  1101 ;;      Temps:          0       4       0       0       0
  1102 ;;      Totals:         0       8       0       0       0
  1103 ;;Total ram usage:        8 bytes
  1104 ;; Hardware stack levels used:    1
  1105 ;; Hardware stack levels required when called:    1
  1106 ;; This function calls:
  1107 ;;		___lldiv
  1108 ;; This function is called by:
  1109 ;;		_main
  1110 ;; This function uses a non-reentrant model
  1111 ;;
  1112                           psect	text1,local,class=CODE,delta=2,merge=1,group=0
  1113                           	file	"I2C_EEPROM.c"
  1114                           	line	9
  1115                           global __ptext1
  1116                           __ptext1:	;psect for function _I2C_Master_Init
  1117  0651                     psect	text1
  1118                           	file	"I2C_EEPROM.c"
  1119                           	line	9
  1120                           	global	__size_of_I2C_Master_Init
  1121                           	__size_of_I2C_Master_Init	equ	__end_of_I2C_Master_Init-_I2C_Master_Init
  1122  0038                     	
  1123                           _I2C_Master_Init:	
  1124  0651                     ;incstack = 0
  1125                           	opt	stack 6
  1126                           ; Regs used in _I2C_Master_Init: [wreg+status,2+status,0+pclath+cstack]
  1127                           	line	11
  1128                           	
  1129                           l921:	
  1130  0651                     ;I2C_EEPROM.c: 9: void I2C_Master_Init(const unsigned long baud);I2C_EEPROM.c: 10: {;I2C
                                 _EEPROM.c: 11:     SSPCON = 0b00101000;
  1131                           	movlw	low(028h)
  1132  0651  3028               	bcf	status, 5	;RP0=0, select bank0
  1133  0652  1283               	bcf	status, 6	;RP1=0, select bank0
  1134  0653  1303               	movwf	(20)	;volatile
  1135  0654  0094               	line	12
  1136                           	
  1137                           l923:	
  1138  0655                     ;I2C_EEPROM.c: 12:     SSPCON2 = 0;
  1139                           	bsf	status, 5	;RP0=1, select bank1
  1140  0655  1683               	bcf	status, 6	;RP1=0, select bank1
  1141  0656  1303               	clrf	(145)^080h	;volatile
  1142  0657  0191               	line	13
  1143                           	
  1144                           l925:	
  1145  0658                     ;I2C_EEPROM.c: 13:     SSPADD = (16000000/(4*baud))-1;
  1146                           	bcf	status, 5	;RP0=0, select bank0
  1147  0658  1283               	bcf	status, 6	;RP1=0, select bank0
  1148  0659  1303               	movf	(I2C_Master_Init@baud),w
  1149  065A  0820               	movwf	(??_I2C_Master_Init+0)+0
  1150  065B  00A4               	movf	(I2C_Master_Init@baud+1),w
  1151  065C  0821               	movwf	((??_I2C_Master_Init+0)+0+1)
  1152  065D  00A5               	movf	(I2C_Master_Init@baud+2),w
  1153  065E  0822               	movwf	((??_I2C_Master_Init+0)+0+2)
  1154  065F  00A6               	movf	(I2C_Master_Init@baud+3),w
  1155  0660  0823               	movwf	((??_I2C_Master_Init+0)+0+3)
  1156  0661  00A7               	movlw	02h
  1157  0662  3002               u305:
  1158  0663                     	clrc
  1159  0663  1003               	rlf	(??_I2C_Master_Init+0)+0,f
  1160  0664  0DA4               	rlf	(??_I2C_Master_Init+0)+1,f
  1161  0665  0DA5               	rlf	(??_I2C_Master_Init+0)+2,f
  1162  0666  0DA6               	rlf	(??_I2C_Master_Init+0)+3,f
  1163  0667  0DA7               u300:
  1164  0668                     	addlw	-1
  1165  0668  3EFF               	skipz
  1166  0669  1D03               	goto	u305
  1167  066A  2E63               	movf	3+(??_I2C_Master_Init+0)+0,w
  1168  066B  0827               	movwf	(___lldiv@divisor+3)
  1169  066C  00F3               	movf	2+(??_I2C_Master_Init+0)+0,w
  1170  066D  0826               	movwf	(___lldiv@divisor+2)
  1171  066E  00F2               	movf	1+(??_I2C_Master_Init+0)+0,w
  1172  066F  0825               	movwf	(___lldiv@divisor+1)
  1173  0670  00F1               	movf	0+(??_I2C_Master_Init+0)+0,w
  1174  0671  0824               	movwf	(___lldiv@divisor)
  1175  0672  00F0               
  1176                           	movlw	0
  1177  0673  3000               	movwf	(___lldiv@dividend+3)
  1178  0674  00F7               	movlw	0F4h
  1179  0675  30F4               	movwf	(___lldiv@dividend+2)
  1180  0676  00F6               	movlw	024h
  1181  0677  3024               	movwf	(___lldiv@dividend+1)
  1182  0678  00F5               	movlw	0
  1183  0679  3000               	movwf	(___lldiv@dividend)
  1184  067A  00F4               
  1185                           	fcall	___lldiv
  1186  067B  120A  118A  26CC  120A  118A  	movf	(0+(?___lldiv)),w
  1187  0680  0870               	addlw	0FFh
  1188  0681  3EFF               	bsf	status, 5	;RP0=1, select bank1
  1189  0682  1683               	bcf	status, 6	;RP1=0, select bank1
  1190  0683  1303               	movwf	(147)^080h	;volatile
  1191  0684  0093               	line	14
  1192                           	
  1193                           l927:	
  1194  0685                     ;I2C_EEPROM.c: 14:     SSPSTAT = 0;
  1195                           	clrf	(148)^080h	;volatile
  1196  0685  0194               	line	15
  1197                           	
  1198                           l929:	
  1199  0686                     ;I2C_EEPROM.c: 15:     TRISC3 = 1;
  1200                           	bsf	(1083/8)^080h,(1083)&7	;volatile
  1201  0686  1587               	line	16
  1202                           	
  1203                           l931:	
  1204  0687                     ;I2C_EEPROM.c: 16:     TRISC4 = 1;
  1205                           	bsf	(1084/8)^080h,(1084)&7	;volatile
  1206  0687  1607               	line	17
  1207                           	
  1208                           l53:	
  1209  0688                     	return
  1210  0688  0008               	opt stack 0
  1211                           GLOBAL	__end_of_I2C_Master_Init
  1212                           	__end_of_I2C_Master_Init:
  1213  0689                     	signat	_I2C_Master_Init,4217
  1214                           	global	___lldiv
  1215                           
  1216 ;; *************** function ___lldiv *****************
  1217 ;; Defined at:
  1218 ;;		line 5 in file "C:\Program Files (x86)\Microchip\xc8\v2.00\pic\sources\c90\common\__lldiv.c"
  1219 ;; Parameters:    Size  Location     Type
  1220 ;;  divisor         4    0[COMMON] unsigned long 
  1221 ;;  dividend        4    4[COMMON] unsigned long 
  1222 ;; Auto vars:     Size  Location     Type
  1223 ;;  quotient        4    9[COMMON] unsigned long 
  1224 ;;  counter         1   13[COMMON] unsigned char 
  1225 ;; Return value:  Size  Location     Type
  1226 ;;                  4    0[COMMON] unsigned long 
  1227 ;; Registers used:
  1228 ;;		wreg, status,2, status,0
  1229 ;; Tracked objects:
  1230 ;;		On entry : 0/0
  1231 ;;		On exit  : 0/0
  1232 ;;		Unchanged: 0/0
  1233 ;; Data sizes:     COMMON   BANK0   BANK1   BANK3   BANK2
  1234 ;;      Params:         8       0       0       0       0
  1235 ;;      Locals:         5       0       0       0       0
  1236 ;;      Temps:          1       0       0       0       0
  1237 ;;      Totals:        14       0       0       0       0
  1238 ;;Total ram usage:       14 bytes
  1239 ;; Hardware stack levels used:    1
  1240 ;; This function calls:
  1241 ;;		Nothing
  1242 ;; This function is called by:
  1243 ;;		_I2C_Master_Init
  1244 ;; This function uses a non-reentrant model
  1245 ;;
  1246                           psect	text2,local,class=CODE,delta=2,merge=1,group=1
  1247                           	file	"C:\Program Files (x86)\Microchip\xc8\v2.00\pic\sources\c90\common\__lldiv.c"
  1248                           	line	5
  1249                           global __ptext2
  1250                           __ptext2:	;psect for function ___lldiv
  1251  06CC                     psect	text2
  1252                           	file	"C:\Program Files (x86)\Microchip\xc8\v2.00\pic\sources\c90\common\__lldiv.c"
  1253                           	line	5
  1254                           	global	__size_of___lldiv
  1255                           	__size_of___lldiv	equ	__end_of___lldiv-___lldiv
  1256  006D                     	
  1257                           ___lldiv:	
  1258  06CC                     ;incstack = 0
  1259                           	opt	stack 6
  1260                           ; Regs used in ___lldiv: [wreg+status,2+status,0]
  1261                           	line	13
  1262                           	
  1263                           l897:	
  1264  06CC                     	movlw	high highword(0)
  1265  06CC  3000               	movwf	(___lldiv@quotient+3)
  1266  06CD  00FC               	movlw	low highword(0)
  1267  06CE  3000               	movwf	(___lldiv@quotient+2)
  1268  06CF  00FB               	movlw	high(0)
  1269  06D0  3000               	movwf	(___lldiv@quotient+1)
  1270  06D1  00FA               	movlw	low(0)
  1271  06D2  3000               	movwf	(___lldiv@quotient)
  1272  06D3  00F9               
  1273                           	line	14
  1274                           	movf	(___lldiv@divisor+3),w
  1275  06D4  0873               	iorwf	(___lldiv@divisor+2),w
  1276  06D5  0472               	iorwf	(___lldiv@divisor+1),w
  1277  06D6  0471               	iorwf	(___lldiv@divisor),w
  1278  06D7  0470               	skipnz
  1279  06D8  1903               	goto	u231
  1280  06D9  2EDB               	goto	u230
  1281  06DA  2EDC               u231:
  1282  06DB                     	goto	l917
  1283  06DB  2F2F               u230:
  1284  06DC                     	line	15
  1285                           	
  1286                           l899:	
  1287  06DC                     	clrf	(___lldiv@counter)
  1288  06DC  01FD               	incf	(___lldiv@counter),f
  1289  06DD  0AFD               	line	16
  1290                           	goto	l903
  1291  06DE  2EED               	
  1292                           l233:	
  1293  06DF                     	line	17
  1294                           	
  1295                           l901:	
  1296  06DF                     	movlw	01h
  1297  06DF  3001               	movwf	(??___lldiv+0)+0
  1298  06E0  00F8               u245:
  1299  06E1                     	clrc
  1300  06E1  1003               	rlf	(___lldiv@divisor),f
  1301  06E2  0DF0               	rlf	(___lldiv@divisor+1),f
  1302  06E3  0DF1               	rlf	(___lldiv@divisor+2),f
  1303  06E4  0DF2               	rlf	(___lldiv@divisor+3),f
  1304  06E5  0DF3               	decfsz	(??___lldiv+0)+0
  1305  06E6  0BF8               	goto	u245
  1306  06E7  2EE1               	line	18
  1307                           	movlw	low(01h)
  1308  06E8  3001               	movwf	(??___lldiv+0)+0
  1309  06E9  00F8               	movf	(??___lldiv+0)+0,w
  1310  06EA  0878               	addwf	(___lldiv@counter),f
  1311  06EB  07FD               	goto	l903
  1312  06EC  2EED               	line	19
  1313                           	
  1314                           l232:	
  1315  06ED                     	line	16
  1316                           	
  1317                           l903:	
  1318  06ED                     	btfss	(___lldiv@divisor+3),(31)&7
  1319  06ED  1FF3               	goto	u251
  1320  06EE  2EF0               	goto	u250
  1321  06EF  2EF1               u251:
  1322  06F0                     	goto	l901
  1323  06F0  2EDF               u250:
  1324  06F1                     	goto	l905
  1325  06F1  2EF3               	
  1326                           l234:	
  1327  06F2                     	goto	l905
  1328  06F2  2EF3               	line	20
  1329                           	
  1330                           l235:	
  1331  06F3                     	line	21
  1332                           	
  1333                           l905:	
  1334  06F3                     	movlw	01h
  1335  06F3  3001               	movwf	(??___lldiv+0)+0
  1336  06F4  00F8               u265:
  1337  06F5                     	clrc
  1338  06F5  1003               	rlf	(___lldiv@quotient),f
  1339  06F6  0DF9               	rlf	(___lldiv@quotient+1),f
  1340  06F7  0DFA               	rlf	(___lldiv@quotient+2),f
  1341  06F8  0DFB               	rlf	(___lldiv@quotient+3),f
  1342  06F9  0DFC               	decfsz	(??___lldiv+0)+0
  1343  06FA  0BF8               	goto	u265
  1344  06FB  2EF5               	line	22
  1345                           	
  1346                           l907:	
  1347  06FC                     	movf	(___lldiv@divisor+3),w
  1348  06FC  0873               	subwf	(___lldiv@dividend+3),w
  1349  06FD  0277               	skipz
  1350  06FE  1D03               	goto	u275
  1351  06FF  2F0A               	movf	(___lldiv@divisor+2),w
  1352  0700  0872               	subwf	(___lldiv@dividend+2),w
  1353  0701  0276               	skipz
  1354  0702  1D03               	goto	u275
  1355  0703  2F0A               	movf	(___lldiv@divisor+1),w
  1356  0704  0871               	subwf	(___lldiv@dividend+1),w
  1357  0705  0275               	skipz
  1358  0706  1D03               	goto	u275
  1359  0707  2F0A               	movf	(___lldiv@divisor),w
  1360  0708  0870               	subwf	(___lldiv@dividend),w
  1361  0709  0274               u275:
  1362  070A                     	skipc
  1363  070A  1C03               	goto	u271
  1364  070B  2F0D               	goto	u270
  1365  070C  2F0E               u271:
  1366  070D                     	goto	l913
  1367  070D  2F1E               u270:
  1368  070E                     	line	23
  1369                           	
  1370                           l909:	
  1371  070E                     	movf	(___lldiv@divisor),w
  1372  070E  0870               	subwf	(___lldiv@dividend),f
  1373  070F  02F4               	movf	(___lldiv@divisor+1),w
  1374  0710  0871               	skipc
  1375  0711  1C03               	incfsz	(___lldiv@divisor+1),w
  1376  0712  0F71               	subwf	(___lldiv@dividend+1),f
  1377  0713  02F5               	movf	(___lldiv@divisor+2),w
  1378  0714  0872               	skipc
  1379  0715  1C03               	incfsz	(___lldiv@divisor+2),w
  1380  0716  0F72               	subwf	(___lldiv@dividend+2),f
  1381  0717  02F6               	movf	(___lldiv@divisor+3),w
  1382  0718  0873               	skipc
  1383  0719  1C03               	incfsz	(___lldiv@divisor+3),w
  1384  071A  0F73               	subwf	(___lldiv@dividend+3),f
  1385  071B  02F7               	line	24
  1386                           	
  1387                           l911:	
  1388  071C                     	bsf	(___lldiv@quotient)+(0/8),(0)&7
  1389  071C  1479               	goto	l913
  1390  071D  2F1E               	line	25
  1391                           	
  1392                           l236:	
  1393  071E                     	line	26
  1394                           	
  1395                           l913:	
  1396  071E                     	movlw	01h
  1397  071E  3001               u285:
  1398  071F                     	clrc
  1399  071F  1003               	rrf	(___lldiv@divisor+3),f
  1400  0720  0CF3               	rrf	(___lldiv@divisor+2),f
  1401  0721  0CF2               	rrf	(___lldiv@divisor+1),f
  1402  0722  0CF1               	rrf	(___lldiv@divisor),f
  1403  0723  0CF0               	addlw	-1
  1404  0724  3EFF               	skipz
  1405  0725  1D03               	goto	u285
  1406  0726  2F1F               
  1407                           	line	27
  1408                           	
  1409                           l915:	
  1410  0727                     	movlw	01h
  1411  0727  3001               	subwf	(___lldiv@counter),f
  1412  0728  02FD               	btfss	status,2
  1413  0729  1D03               	goto	u291
  1414  072A  2F2C               	goto	u290
  1415  072B  2F2D               u291:
  1416  072C                     	goto	l905
  1417  072C  2EF3               u290:
  1418  072D                     	goto	l917
  1419  072D  2F2F               	
  1420                           l237:	
  1421  072E                     	goto	l917
  1422  072E  2F2F               	line	28
  1423                           	
  1424                           l231:	
  1425  072F                     	line	29
  1426                           	
  1427                           l917:	
  1428  072F                     	movf	(___lldiv@quotient+3),w
  1429  072F  087C               	movwf	(?___lldiv+3)
  1430  0730  00F3               	movf	(___lldiv@quotient+2),w
  1431  0731  087B               	movwf	(?___lldiv+2)
  1432  0732  00F2               	movf	(___lldiv@quotient+1),w
  1433  0733  087A               	movwf	(?___lldiv+1)
  1434  0734  00F1               	movf	(___lldiv@quotient),w
  1435  0735  0879               	movwf	(?___lldiv)
  1436  0736  00F0               
  1437                           	goto	l238
  1438  0737  2F38               	
  1439                           l919:	
  1440  0738                     	line	30
  1441                           	
  1442                           l238:	
  1443  0738                     	return
  1444  0738  0008               	opt stack 0
  1445                           GLOBAL	__end_of___lldiv
  1446                           	__end_of___lldiv:
  1447  0739                     	signat	___lldiv,8316
  1448                           	global	_EEPROM_Write
  1449                           
  1450 ;; *************** function _EEPROM_Write *****************
  1451 ;; Defined at:
  1452 ;;		line 73 in file "I2C_EEPROM.c"
  1453 ;; Parameters:    Size  Location     Type
  1454 ;;  add             2    1[COMMON] unsigned int 
  1455 ;;  data            1    3[COMMON] unsigned char 
  1456 ;; Auto vars:     Size  Location     Type
  1457 ;;		None
  1458 ;; Return value:  Size  Location     Type
  1459 ;;                  1    wreg      void 
  1460 ;; Registers used:
  1461 ;;		wreg, status,2, status,0, pclath, cstack
  1462 ;; Tracked objects:
  1463 ;;		On entry : 0/0
  1464 ;;		On exit  : 0/0
  1465 ;;		Unchanged: 0/0
  1466 ;; Data sizes:     COMMON   BANK0   BANK1   BANK3   BANK2
  1467 ;;      Params:         3       0       0       0       0
  1468 ;;      Locals:         0       0       0       0       0
  1469 ;;      Temps:          0       0       0       0       0
  1470 ;;      Totals:         3       0       0       0       0
  1471 ;;Total ram usage:        3 bytes
  1472 ;; Hardware stack levels used:    1
  1473 ;; Hardware stack levels required when called:    2
  1474 ;; This function calls:
  1475 ;;		_I2C_Master_RepeatedStart
  1476 ;;		_I2C_Master_Start
  1477 ;;		_I2C_Master_Stop
  1478 ;;		_I2C_Master_Write
  1479 ;; This function is called by:
  1480 ;;		_main
  1481 ;; This function uses a non-reentrant model
  1482 ;;
  1483                           psect	text3,local,class=CODE,delta=2,merge=1,group=0
  1484                           	file	"I2C_EEPROM.c"
  1485                           	line	73
  1486                           global __ptext3
  1487                           __ptext3:	;psect for function _EEPROM_Write
  1488  0622                     psect	text3
  1489                           	file	"I2C_EEPROM.c"
  1490                           	line	73
  1491                           	global	__size_of_EEPROM_Write
  1492                           	__size_of_EEPROM_Write	equ	__end_of_EEPROM_Write-_EEPROM_Write
  1493  002F                     	
  1494                           _EEPROM_Write:	
  1495  0622                     ;incstack = 0
  1496                           	opt	stack 5
  1497                           ; Regs used in _EEPROM_Write: [wreg+status,2+status,0+pclath+cstack]
  1498                           	line	75
  1499                           	
  1500                           l933:	
  1501  0622                     ;I2C_EEPROM.c: 73: void EEPROM_Write(unsigned int add, unsigned char data);I2C_EEPROM.c:
                                  74: {;I2C_EEPROM.c: 75:    I2C_Master_Start();
  1502                           	fcall	_I2C_Master_Start
  1503  0622  120A  118A  25C5  120A  118A  	line	78
  1504                           ;I2C_EEPROM.c: 78:    while(I2C_Master_Write(0xA0))
  1505                           	goto	l89
  1506  0627  2E2D               	
  1507                           l90:	
  1508  0628                     	line	79
  1509                           	
  1510                           l935:	
  1511  0628                     ;I2C_EEPROM.c: 79:      I2C_Master_RepeatedStart();
  1512                           	fcall	_I2C_Master_RepeatedStart
  1513  0628  120A  118A  25BC  120A  118A  	
  1514                           l89:	
  1515  062D                     	line	78
  1516                           ;I2C_EEPROM.c: 78:    while(I2C_Master_Write(0xA0))
  1517                           	movlw	low(0A0h)
  1518  062D  30A0               	fcall	_I2C_Master_Write
  1519  062E  120A  118A  25F2  120A  118A  	xorlw	0
  1520  0633  3A00               	skipz
  1521  0634  1D03               	goto	u311
  1522  0635  2E37               	goto	u310
  1523  0636  2E38               u311:
  1524  0637                     	goto	l935
  1525  0637  2E28               u310:
  1526  0638                     	goto	l937
  1527  0638  2E39               	
  1528                           l91:	
  1529  0639                     	line	81
  1530                           	
  1531                           l937:	
  1532  0639                     ;I2C_EEPROM.c: 81:    I2C_Master_Write(add>>8);
  1533                           	movf	(EEPROM_Write@add+1),w
  1534  0639  0872               	fcall	_I2C_Master_Write
  1535  063A  120A  118A  25F2  120A  118A  	line	82
  1536                           ;I2C_EEPROM.c: 82:    I2C_Master_Write((unsigned char)add);
  1537                           	movf	(EEPROM_Write@add),w
  1538  063F  0871               	fcall	_I2C_Master_Write
  1539  0640  120A  118A  25F2  120A  118A  	line	83
  1540                           ;I2C_EEPROM.c: 83:    I2C_Master_Write(data);
  1541                           	movf	(EEPROM_Write@data),w
  1542  0645  0873               	fcall	_I2C_Master_Write
  1543  0646  120A  118A  25F2  120A  118A  	line	84
  1544                           ;I2C_EEPROM.c: 84:    I2C_Master_Stop();
  1545                           	fcall	_I2C_Master_Stop
  1546  064B  120A  118A  25CE  120A  118A  	line	85
  1547                           	
  1548                           l92:	
  1549  0650                     	return
  1550  0650  0008               	opt stack 0
  1551                           GLOBAL	__end_of_EEPROM_Write
  1552                           	__end_of_EEPROM_Write:
  1553  0651                     	signat	_EEPROM_Write,8313
  1554                           	global	_EEPROM_Read
  1555                           
  1556 ;; *************** function _EEPROM_Read *****************
  1557 ;; Defined at:
  1558 ;;		line 104 in file "I2C_EEPROM.c"
  1559 ;; Parameters:    Size  Location     Type
  1560 ;;  add             2    1[COMMON] unsigned int 
  1561 ;; Auto vars:     Size  Location     Type
  1562 ;;  Data            1    4[COMMON] unsigned char 
  1563 ;; Return value:  Size  Location     Type
  1564 ;;                  1    wreg      unsigned char 
  1565 ;; Registers used:
  1566 ;;		wreg, status,2, status,0, pclath, cstack
  1567 ;; Tracked objects:
  1568 ;;		On entry : 0/0
  1569 ;;		On exit  : 0/0
  1570 ;;		Unchanged: 0/0
  1571 ;; Data sizes:     COMMON   BANK0   BANK1   BANK3   BANK2
  1572 ;;      Params:         2       0       0       0       0
  1573 ;;      Locals:         1       0       0       0       0
  1574 ;;      Temps:          1       0       0       0       0
  1575 ;;      Totals:         4       0       0       0       0
  1576 ;;Total ram usage:        4 bytes
  1577 ;; Hardware stack levels used:    1
  1578 ;; Hardware stack levels required when called:    2
  1579 ;; This function calls:
  1580 ;;		_I2C_Master_RepeatedStart
  1581 ;;		_I2C_Master_Start
  1582 ;;		_I2C_Master_Stop
  1583 ;;		_I2C_Master_Write
  1584 ;;		_I2C_NACK
  1585 ;;		_I2C_Read_Byte
  1586 ;; This function is called by:
  1587 ;;		_main
  1588 ;; This function uses a non-reentrant model
  1589 ;;
  1590                           psect	text4,local,class=CODE,delta=2,merge=1,group=0
  1591                           	line	104
  1592                           global __ptext4
  1593                           __ptext4:	;psect for function _EEPROM_Read
  1594  0689                     psect	text4
  1595                           	file	"I2C_EEPROM.c"
  1596                           	line	104
  1597                           	global	__size_of_EEPROM_Read
  1598                           	__size_of_EEPROM_Read	equ	__end_of_EEPROM_Read-_EEPROM_Read
  1599  0043                     	
  1600                           _EEPROM_Read:	
  1601  0689                     ;incstack = 0
  1602                           	opt	stack 5
  1603                           ; Regs used in _EEPROM_Read: [wreg+status,2+status,0+pclath+cstack]
  1604                           	line	107
  1605                           	
  1606                           l939:	
  1607  0689                     ;I2C_EEPROM.c: 104: unsigned char EEPROM_Read(unsigned int add);I2C_EEPROM.c: 105: {;I2C
                                 _EEPROM.c: 106:    unsigned char Data;;I2C_EEPROM.c: 107:    I2C_Master_Start();
  1608                           	fcall	_I2C_Master_Start
  1609  0689  120A  118A  25C5  120A  118A  	line	110
  1610                           ;I2C_EEPROM.c: 110:    while(I2C_Master_Write(0xA0))
  1611                           	goto	l104
  1612  068E  2E94               	
  1613                           l105:	
  1614  068F                     	line	111
  1615                           	
  1616                           l941:	
  1617  068F                     ;I2C_EEPROM.c: 111:      I2C_Master_RepeatedStart();
  1618                           	fcall	_I2C_Master_RepeatedStart
  1619  068F  120A  118A  25BC  120A  118A  	
  1620                           l104:	
  1621  0694                     	line	110
  1622                           ;I2C_EEPROM.c: 110:    while(I2C_Master_Write(0xA0))
  1623                           	movlw	low(0A0h)
  1624  0694  30A0               	fcall	_I2C_Master_Write
  1625  0695  120A  118A  25F2  120A  118A  	xorlw	0
  1626  069A  3A00               	skipz
  1627  069B  1D03               	goto	u321
  1628  069C  2E9E               	goto	u320
  1629  069D  2E9F               u321:
  1630  069E                     	goto	l941
  1631  069E  2E8F               u320:
  1632  069F                     	goto	l943
  1633  069F  2EA0               	
  1634                           l106:	
  1635  06A0                     	line	113
  1636                           	
  1637                           l943:	
  1638  06A0                     ;I2C_EEPROM.c: 113:    I2C_Master_Write(add>>8);
  1639                           	movf	(EEPROM_Read@add+1),w
  1640  06A0  0872               	fcall	_I2C_Master_Write
  1641  06A1  120A  118A  25F2  120A  118A  	line	114
  1642                           ;I2C_EEPROM.c: 114:    I2C_Master_Write((unsigned char)add);
  1643                           	movf	(EEPROM_Read@add),w
  1644  06A6  0871               	fcall	_I2C_Master_Write
  1645  06A7  120A  118A  25F2  120A  118A  	line	115
  1646                           ;I2C_EEPROM.c: 115:    I2C_Master_RepeatedStart();
  1647                           	fcall	_I2C_Master_RepeatedStart
  1648  06AC  120A  118A  25BC  120A  118A  	line	117
  1649                           ;I2C_EEPROM.c: 117:    I2C_Master_Write(0xA1);
  1650                           	movlw	low(0A1h)
  1651  06B1  30A1               	fcall	_I2C_Master_Write
  1652  06B2  120A  118A  25F2  120A  118A  	line	118
  1653                           ;I2C_EEPROM.c: 118:    Data = I2C_Read_Byte();
  1654                           	fcall	_I2C_Read_Byte
  1655  06B7  120A  118A  2609  120A  118A  	movwf	(??_EEPROM_Read+0)+0
  1656  06BC  00F3               	movf	(??_EEPROM_Read+0)+0,w
  1657  06BD  0873               	movwf	(EEPROM_Read@Data)
  1658  06BE  00F4               	line	119
  1659                           ;I2C_EEPROM.c: 119:    I2C_NACK();
  1660                           	fcall	_I2C_NACK
  1661  06BF  120A  118A  25D7  120A  118A  	line	120
  1662                           ;I2C_EEPROM.c: 120:    I2C_Master_Stop();
  1663                           	fcall	_I2C_Master_Stop
  1664  06C4  120A  118A  25CE  120A  118A  	line	122
  1665                           	
  1666                           l945:	
  1667  06C9                     ;I2C_EEPROM.c: 122:    return Data;
  1668                           	movf	(EEPROM_Read@Data),w
  1669  06C9  0874               	goto	l107
  1670  06CA  2ECB               	
  1671                           l947:	
  1672  06CB                     	line	123
  1673                           	
  1674                           l107:	
  1675  06CB                     	return
  1676  06CB  0008               	opt stack 0
  1677                           GLOBAL	__end_of_EEPROM_Read
  1678                           	__end_of_EEPROM_Read:
  1679  06CC                     	signat	_EEPROM_Read,4217
  1680                           	global	_I2C_Read_Byte
  1681                           
  1682 ;; *************** function _I2C_Read_Byte *****************
  1683 ;; Defined at:
  1684 ;;		line 45 in file "I2C_EEPROM.c"
  1685 ;; Parameters:    Size  Location     Type
  1686 ;;		None
  1687 ;; Auto vars:     Size  Location     Type
  1688 ;;		None
  1689 ;; Return value:  Size  Location     Type
  1690 ;;                  1    wreg      unsigned char 
  1691 ;; Registers used:
  1692 ;;		wreg, status,2, status,0, pclath, cstack
  1693 ;; Tracked objects:
  1694 ;;		On entry : 0/0
  1695 ;;		On exit  : 0/0
  1696 ;;		Unchanged: 0/0
  1697 ;; Data sizes:     COMMON   BANK0   BANK1   BANK3   BANK2
  1698 ;;      Params:         0       0       0       0       0
  1699 ;;      Locals:         0       0       0       0       0
  1700 ;;      Temps:          0       0       0       0       0
  1701 ;;      Totals:         0       0       0       0       0
  1702 ;;Total ram usage:        0 bytes
  1703 ;; Hardware stack levels used:    1
  1704 ;; Hardware stack levels required when called:    1
  1705 ;; This function calls:
  1706 ;;		_I2C_Master_Wait
  1707 ;; This function is called by:
  1708 ;;		_EEPROM_Read
  1709 ;;		_EEPROM_Read_Page
  1710 ;; This function uses a non-reentrant model
  1711 ;;
  1712                           psect	text5,local,class=CODE,delta=2,merge=1,group=0
  1713                           	line	45
  1714                           global __ptext5
  1715                           __ptext5:	;psect for function _I2C_Read_Byte
  1716  0609                     psect	text5
  1717                           	file	"I2C_EEPROM.c"
  1718                           	line	45
  1719                           	global	__size_of_I2C_Read_Byte
  1720                           	__size_of_I2C_Read_Byte	equ	__end_of_I2C_Read_Byte-_I2C_Read_Byte
  1721  0019                     	
  1722                           _I2C_Read_Byte:	
  1723  0609                     ;incstack = 0
  1724                           	opt	stack 5
  1725                           ; Regs used in _I2C_Read_Byte: [wreg+status,2+status,0+pclath+cstack]
  1726                           	line	48
  1727                           	
  1728                           l881:	
  1729  0609                     ;I2C_EEPROM.c: 48:  I2C_Master_Wait();
  1730                           	fcall	_I2C_Master_Wait
  1731  0609  120A  118A  25E3  120A  118A  	line	49
  1732                           	
  1733                           l883:	
  1734  060E                     ;I2C_EEPROM.c: 49:     RCEN = 1;
  1735                           	bsf	status, 5	;RP0=1, select bank1
  1736  060E  1683               	bcf	status, 6	;RP1=0, select bank1
  1737  060F  1303               	bsf	(1163/8)^080h,(1163)&7	;volatile
  1738  0610  1591               	line	50
  1739                           ;I2C_EEPROM.c: 50:  while(!SSPIF);
  1740                           	goto	l77
  1741  0611  2E12               	
  1742                           l78:	
  1743  0612                     	
  1744                           l77:	
  1745  0612                     	bcf	status, 5	;RP0=0, select bank0
  1746  0612  1283               	btfss	(99/8),(99)&7	;volatile
  1747  0613  1D8C               	goto	u221
  1748  0614  2E16               	goto	u220
  1749  0615  2E17               u221:
  1750  0616                     	goto	l77
  1751  0616  2E12               u220:
  1752  0617                     	
  1753                           l79:	
  1754  0617                     	line	51
  1755                           ;I2C_EEPROM.c: 51:  SSPIF = 0;
  1756                           	bcf	(99/8),(99)&7	;volatile
  1757  0617  118C               	line	52
  1758                           	
  1759                           l885:	
  1760  0618                     ;I2C_EEPROM.c: 52:     I2C_Master_Wait();
  1761                           	fcall	_I2C_Master_Wait
  1762  0618  120A  118A  25E3  120A  118A  	line	53
  1763                           	
  1764                           l887:	
  1765  061D                     ;I2C_EEPROM.c: 53:     return SSPBUF;
  1766                           	bcf	status, 5	;RP0=0, select bank0
  1767  061D  1283               	bcf	status, 6	;RP1=0, select bank0
  1768  061E  1303               	movf	(19),w	;volatile
  1769  061F  0813               	goto	l80
  1770  0620  2E21               	
  1771                           l889:	
  1772  0621                     	line	54
  1773                           	
  1774                           l80:	
  1775  0621                     	return
  1776  0621  0008               	opt stack 0
  1777                           GLOBAL	__end_of_I2C_Read_Byte
  1778                           	__end_of_I2C_Read_Byte:
  1779  0622                     	signat	_I2C_Read_Byte,89
  1780                           	global	_I2C_NACK
  1781                           
  1782 ;; *************** function _I2C_NACK *****************
  1783 ;; Defined at:
  1784 ;;		line 61 in file "I2C_EEPROM.c"
  1785 ;; Parameters:    Size  Location     Type
  1786 ;;		None
  1787 ;; Auto vars:     Size  Location     Type
  1788 ;;		None
  1789 ;; Return value:  Size  Location     Type
  1790 ;;                  1    wreg      void 
  1791 ;; Registers used:
  1792 ;;		wreg, status,2, status,0, pclath, cstack
  1793 ;; Tracked objects:
  1794 ;;		On entry : 0/0
  1795 ;;		On exit  : 0/0
  1796 ;;		Unchanged: 0/0
  1797 ;; Data sizes:     COMMON   BANK0   BANK1   BANK3   BANK2
  1798 ;;      Params:         0       0       0       0       0
  1799 ;;      Locals:         0       0       0       0       0
  1800 ;;      Temps:          0       0       0       0       0
  1801 ;;      Totals:         0       0       0       0       0
  1802 ;;Total ram usage:        0 bytes
  1803 ;; Hardware stack levels used:    1
  1804 ;; Hardware stack levels required when called:    1
  1805 ;; This function calls:
  1806 ;;		_I2C_Master_Wait
  1807 ;; This function is called by:
  1808 ;;		_EEPROM_Read
  1809 ;; This function uses a non-reentrant model
  1810 ;;
  1811                           psect	text6,local,class=CODE,delta=2,merge=1,group=0
  1812                           	line	61
  1813                           global __ptext6
  1814                           __ptext6:	;psect for function _I2C_NACK
  1815  05D7                     psect	text6
  1816                           	file	"I2C_EEPROM.c"
  1817                           	line	61
  1818                           	global	__size_of_I2C_NACK
  1819                           	__size_of_I2C_NACK	equ	__end_of_I2C_NACK-_I2C_NACK
  1820  000C                     	
  1821                           _I2C_NACK:	
  1822  05D7                     ;incstack = 0
  1823                           	opt	stack 5
  1824                           ; Regs used in _I2C_NACK: [wreg+status,2+status,0+pclath+cstack]
  1825                           	line	63
  1826                           	
  1827                           l891:	
  1828  05D7                     ;I2C_EEPROM.c: 63:  ACKDT = 1;
  1829                           	bsf	status, 5	;RP0=1, select bank1
  1830  05D7  1683               	bcf	status, 6	;RP1=0, select bank1
  1831  05D8  1303               	bsf	(1165/8)^080h,(1165)&7	;volatile
  1832  05D9  1691               	line	64
  1833                           	
  1834                           l893:	
  1835  05DA                     ;I2C_EEPROM.c: 64:     I2C_Master_Wait();
  1836                           	fcall	_I2C_Master_Wait
  1837  05DA  120A  118A  25E3  120A  118A  	line	65
  1838                           	
  1839                           l895:	
  1840  05DF                     ;I2C_EEPROM.c: 65:  ACKEN = 1;
  1841                           	bsf	status, 5	;RP0=1, select bank1
  1842  05DF  1683               	bcf	status, 6	;RP1=0, select bank1
  1843  05E0  1303               	bsf	(1164/8)^080h,(1164)&7	;volatile
  1844  05E1  1611               	line	66
  1845                           	
  1846                           l86:	
  1847  05E2                     	return
  1848  05E2  0008               	opt stack 0
  1849                           GLOBAL	__end_of_I2C_NACK
  1850                           	__end_of_I2C_NACK:
  1851  05E3                     	signat	_I2C_NACK,89
  1852                           	global	_I2C_Master_Write
  1853                           
  1854 ;; *************** function _I2C_Master_Write *****************
  1855 ;; Defined at:
  1856 ;;		line 37 in file "I2C_EEPROM.c"
  1857 ;; Parameters:    Size  Location     Type
  1858 ;;  data            1    wreg     unsigned char 
  1859 ;; Auto vars:     Size  Location     Type
  1860 ;;  data            1    0[COMMON] unsigned char 
  1861 ;; Return value:  Size  Location     Type
  1862 ;;                  1    wreg      unsigned char 
  1863 ;; Registers used:
  1864 ;;		wreg, status,2, status,0, pclath, cstack
  1865 ;; Tracked objects:
  1866 ;;		On entry : 0/0
  1867 ;;		On exit  : 0/0
  1868 ;;		Unchanged: 0/0
  1869 ;; Data sizes:     COMMON   BANK0   BANK1   BANK3   BANK2
  1870 ;;      Params:         0       0       0       0       0
  1871 ;;      Locals:         1       0       0       0       0
  1872 ;;      Temps:          0       0       0       0       0
  1873 ;;      Totals:         1       0       0       0       0
  1874 ;;Total ram usage:        1 bytes
  1875 ;; Hardware stack levels used:    1
  1876 ;; Hardware stack levels required when called:    1
  1877 ;; This function calls:
  1878 ;;		_I2C_Master_Wait
  1879 ;; This function is called by:
  1880 ;;		_EEPROM_Write
  1881 ;;		_EEPROM_Read
  1882 ;;		_EEPROM_Write_Page
  1883 ;;		_EEPROM_Read_Page
  1884 ;; This function uses a non-reentrant model
  1885 ;;
  1886                           psect	text7,local,class=CODE,delta=2,merge=1,group=0
  1887                           	line	37
  1888                           global __ptext7
  1889                           __ptext7:	;psect for function _I2C_Master_Write
  1890  05F2                     psect	text7
  1891                           	file	"I2C_EEPROM.c"
  1892                           	line	37
  1893                           	global	__size_of_I2C_Master_Write
  1894                           	__size_of_I2C_Master_Write	equ	__end_of_I2C_Master_Write-_I2C_Master_Write
  1895  0017                     	
  1896                           _I2C_Master_Write:	
  1897  05F2                     ;incstack = 0
  1898                           	opt	stack 5
  1899                           ; Regs used in _I2C_Master_Write: [wreg+status,2+status,0+pclath+cstack]
  1900                           ;I2C_Master_Write@data stored from wreg
  1901                           	movwf	(I2C_Master_Write@data)
  1902  05F2  00F0               	line	39
  1903                           	
  1904                           l873:	
  1905  05F3                     ;I2C_EEPROM.c: 37: unsigned char I2C_Master_Write(unsigned char data);I2C_EEPROM.c: 38: 
                                 {;I2C_EEPROM.c: 39:     I2C_Master_Wait();
  1906                           	fcall	_I2C_Master_Wait
  1907  05F3  120A  118A  25E3  120A  118A  	line	40
  1908                           	
  1909                           l875:	
  1910  05F8                     ;I2C_EEPROM.c: 40:     SSPBUF = data;
  1911                           	movf	(I2C_Master_Write@data),w
  1912  05F8  0870               	bcf	status, 5	;RP0=0, select bank0
  1913  05F9  1283               	bcf	status, 6	;RP1=0, select bank0
  1914  05FA  1303               	movwf	(19)	;volatile
  1915  05FB  0093               	line	41
  1916                           ;I2C_EEPROM.c: 41:     while(!SSPIF);
  1917                           	goto	l71
  1918  05FC  2DFD               	
  1919                           l72:	
  1920  05FD                     	
  1921                           l71:	
  1922  05FD                     	btfss	(99/8),(99)&7	;volatile
  1923  05FD  1D8C               	goto	u211
  1924  05FE  2E00               	goto	u210
  1925  05FF  2E01               u211:
  1926  0600                     	goto	l71
  1927  0600  2DFD               u210:
  1928  0601                     	
  1929                           l73:	
  1930  0601                     	line	42
  1931                           ;I2C_EEPROM.c: 42:  SSPIF = 0;
  1932                           	bcf	(99/8),(99)&7	;volatile
  1933  0601  118C               	line	43
  1934                           	
  1935                           l877:	
  1936  0602                     ;I2C_EEPROM.c: 43:     return ACKSTAT;
  1937                           	movlw	0
  1938  0602  3000               	bsf	status, 5	;RP0=1, select bank1
  1939  0603  1683               	bcf	status, 6	;RP1=0, select bank1
  1940  0604  1303               	btfsc	(1166/8)^080h,(1166)&7	;volatile
  1941  0605  1B11               	movlw	1
  1942  0606  3001               	goto	l74
  1943  0607  2E08               	
  1944                           l879:	
  1945  0608                     	line	44
  1946                           	
  1947                           l74:	
  1948  0608                     	return
  1949  0608  0008               	opt stack 0
  1950                           GLOBAL	__end_of_I2C_Master_Write
  1951                           	__end_of_I2C_Master_Write:
  1952  0609                     	signat	_I2C_Master_Write,4217
  1953                           	global	_I2C_Master_Stop
  1954                           
  1955 ;; *************** function _I2C_Master_Stop *****************
  1956 ;; Defined at:
  1957 ;;		line 32 in file "I2C_EEPROM.c"
  1958 ;; Parameters:    Size  Location     Type
  1959 ;;		None
  1960 ;; Auto vars:     Size  Location     Type
  1961 ;;		None
  1962 ;; Return value:  Size  Location     Type
  1963 ;;                  1    wreg      void 
  1964 ;; Registers used:
  1965 ;;		wreg, status,2, status,0, pclath, cstack
  1966 ;; Tracked objects:
  1967 ;;		On entry : 0/0
  1968 ;;		On exit  : 0/0
  1969 ;;		Unchanged: 0/0
  1970 ;; Data sizes:     COMMON   BANK0   BANK1   BANK3   BANK2
  1971 ;;      Params:         0       0       0       0       0
  1972 ;;      Locals:         0       0       0       0       0
  1973 ;;      Temps:          0       0       0       0       0
  1974 ;;      Totals:         0       0       0       0       0
  1975 ;;Total ram usage:        0 bytes
  1976 ;; Hardware stack levels used:    1
  1977 ;; Hardware stack levels required when called:    1
  1978 ;; This function calls:
  1979 ;;		_I2C_Master_Wait
  1980 ;; This function is called by:
  1981 ;;		_EEPROM_Write
  1982 ;;		_EEPROM_Read
  1983 ;;		_EEPROM_Write_Page
  1984 ;;		_EEPROM_Read_Page
  1985 ;; This function uses a non-reentrant model
  1986 ;;
  1987                           psect	text8,local,class=CODE,delta=2,merge=1,group=0
  1988                           	line	32
  1989                           global __ptext8
  1990                           __ptext8:	;psect for function _I2C_Master_Stop
  1991  05CE                     psect	text8
  1992                           	file	"I2C_EEPROM.c"
  1993                           	line	32
  1994                           	global	__size_of_I2C_Master_Stop
  1995                           	__size_of_I2C_Master_Stop	equ	__end_of_I2C_Master_Stop-_I2C_Master_Stop
  1996  0009                     	
  1997                           _I2C_Master_Stop:	
  1998  05CE                     ;incstack = 0
  1999                           	opt	stack 5
  2000                           ; Regs used in _I2C_Master_Stop: [wreg+status,2+status,0+pclath+cstack]
  2001                           	line	34
  2002                           	
  2003                           l869:	
  2004  05CE                     ;I2C_EEPROM.c: 34:     I2C_Master_Wait();
  2005                           	fcall	_I2C_Master_Wait
  2006  05CE  120A  118A  25E3  120A  118A  	line	35
  2007                           	
  2008                           l871:	
  2009  05D3                     ;I2C_EEPROM.c: 35:     PEN = 1;
  2010                           	bsf	status, 5	;RP0=1, select bank1
  2011  05D3  1683               	bcf	status, 6	;RP1=0, select bank1
  2012  05D4  1303               	bsf	(1162/8)^080h,(1162)&7	;volatile
  2013  05D5  1511               	line	36
  2014                           	
  2015                           l68:	
  2016  05D6                     	return
  2017  05D6  0008               	opt stack 0
  2018                           GLOBAL	__end_of_I2C_Master_Stop
  2019                           	__end_of_I2C_Master_Stop:
  2020  05D7                     	signat	_I2C_Master_Stop,89
  2021                           	global	_I2C_Master_Start
  2022                           
  2023 ;; *************** function _I2C_Master_Start *****************
  2024 ;; Defined at:
  2025 ;;		line 22 in file "I2C_EEPROM.c"
  2026 ;; Parameters:    Size  Location     Type
  2027 ;;		None
  2028 ;; Auto vars:     Size  Location     Type
  2029 ;;		None
  2030 ;; Return value:  Size  Location     Type
  2031 ;;                  1    wreg      void 
  2032 ;; Registers used:
  2033 ;;		wreg, status,2, status,0, pclath, cstack
  2034 ;; Tracked objects:
  2035 ;;		On entry : 0/0
  2036 ;;		On exit  : 0/0
  2037 ;;		Unchanged: 0/0
  2038 ;; Data sizes:     COMMON   BANK0   BANK1   BANK3   BANK2
  2039 ;;      Params:         0       0       0       0       0
  2040 ;;      Locals:         0       0       0       0       0
  2041 ;;      Temps:          0       0       0       0       0
  2042 ;;      Totals:         0       0       0       0       0
  2043 ;;Total ram usage:        0 bytes
  2044 ;; Hardware stack levels used:    1
  2045 ;; Hardware stack levels required when called:    1
  2046 ;; This function calls:
  2047 ;;		_I2C_Master_Wait
  2048 ;; This function is called by:
  2049 ;;		_EEPROM_Write
  2050 ;;		_EEPROM_Read
  2051 ;;		_EEPROM_Write_Page
  2052 ;;		_EEPROM_Read_Page
  2053 ;; This function uses a non-reentrant model
  2054 ;;
  2055                           psect	text9,local,class=CODE,delta=2,merge=1,group=0
  2056                           	line	22
  2057                           global __ptext9
  2058                           __ptext9:	;psect for function _I2C_Master_Start
  2059  05C5                     psect	text9
  2060                           	file	"I2C_EEPROM.c"
  2061                           	line	22
  2062                           	global	__size_of_I2C_Master_Start
  2063                           	__size_of_I2C_Master_Start	equ	__end_of_I2C_Master_Start-_I2C_Master_Start
  2064  0009                     	
  2065                           _I2C_Master_Start:	
  2066  05C5                     ;incstack = 0
  2067                           	opt	stack 5
  2068                           ; Regs used in _I2C_Master_Start: [wreg+status,2+status,0+pclath+cstack]
  2069                           	line	24
  2070                           	
  2071                           l861:	
  2072  05C5                     ;I2C_EEPROM.c: 24:     I2C_Master_Wait();
  2073                           	fcall	_I2C_Master_Wait
  2074  05C5  120A  118A  25E3  120A  118A  	line	25
  2075                           	
  2076                           l863:	
  2077  05CA                     ;I2C_EEPROM.c: 25:     SEN = 1;
  2078                           	bsf	status, 5	;RP0=1, select bank1
  2079  05CA  1683               	bcf	status, 6	;RP1=0, select bank1
  2080  05CB  1303               	bsf	(1160/8)^080h,(1160)&7	;volatile
  2081  05CC  1411               	line	26
  2082                           	
  2083                           l62:	
  2084  05CD                     	return
  2085  05CD  0008               	opt stack 0
  2086                           GLOBAL	__end_of_I2C_Master_Start
  2087                           	__end_of_I2C_Master_Start:
  2088  05CE                     	signat	_I2C_Master_Start,89
  2089                           	global	_I2C_Master_RepeatedStart
  2090                           
  2091 ;; *************** function _I2C_Master_RepeatedStart *****************
  2092 ;; Defined at:
  2093 ;;		line 27 in file "I2C_EEPROM.c"
  2094 ;; Parameters:    Size  Location     Type
  2095 ;;		None
  2096 ;; Auto vars:     Size  Location     Type
  2097 ;;		None
  2098 ;; Return value:  Size  Location     Type
  2099 ;;                  1    wreg      void 
  2100 ;; Registers used:
  2101 ;;		wreg, status,2, status,0, pclath, cstack
  2102 ;; Tracked objects:
  2103 ;;		On entry : 0/0
  2104 ;;		On exit  : 0/0
  2105 ;;		Unchanged: 0/0
  2106 ;; Data sizes:     COMMON   BANK0   BANK1   BANK3   BANK2
  2107 ;;      Params:         0       0       0       0       0
  2108 ;;      Locals:         0       0       0       0       0
  2109 ;;      Temps:          0       0       0       0       0
  2110 ;;      Totals:         0       0       0       0       0
  2111 ;;Total ram usage:        0 bytes
  2112 ;; Hardware stack levels used:    1
  2113 ;; Hardware stack levels required when called:    1
  2114 ;; This function calls:
  2115 ;;		_I2C_Master_Wait
  2116 ;; This function is called by:
  2117 ;;		_EEPROM_Write
  2118 ;;		_EEPROM_Read
  2119 ;;		_EEPROM_Write_Page
  2120 ;;		_EEPROM_Read_Page
  2121 ;; This function uses a non-reentrant model
  2122 ;;
  2123                           psect	text10,local,class=CODE,delta=2,merge=1,group=0
  2124                           	line	27
  2125                           global __ptext10
  2126                           __ptext10:	;psect for function _I2C_Master_RepeatedStart
  2127  05BC                     psect	text10
  2128                           	file	"I2C_EEPROM.c"
  2129                           	line	27
  2130                           	global	__size_of_I2C_Master_RepeatedStart
  2131                           	__size_of_I2C_Master_RepeatedStart	equ	__end_of_I2C_Master_RepeatedStart-_I2C_Master_Re
                                 peatedStart
  2132  0009                     	
  2133                           _I2C_Master_RepeatedStart:	
  2134  05BC                     ;incstack = 0
  2135                           	opt	stack 5
  2136                           ; Regs used in _I2C_Master_RepeatedStart: [wreg+status,2+status,0+pclath+cstack]
  2137                           	line	29
  2138                           	
  2139                           l865:	
  2140  05BC                     ;I2C_EEPROM.c: 29:     I2C_Master_Wait();
  2141                           	fcall	_I2C_Master_Wait
  2142  05BC  120A  118A  25E3  120A  118A  	line	30
  2143                           	
  2144                           l867:	
  2145  05C1                     ;I2C_EEPROM.c: 30:     RSEN = 1;
  2146                           	bsf	status, 5	;RP0=1, select bank1
  2147  05C1  1683               	bcf	status, 6	;RP1=0, select bank1
  2148  05C2  1303               	bsf	(1161/8)^080h,(1161)&7	;volatile
  2149  05C3  1491               	line	31
  2150                           	
  2151                           l65:	
  2152  05C4                     	return
  2153  05C4  0008               	opt stack 0
  2154                           GLOBAL	__end_of_I2C_Master_RepeatedStart
  2155                           	__end_of_I2C_Master_RepeatedStart:
  2156  05C5                     	signat	_I2C_Master_RepeatedStart,89
  2157                           	global	_I2C_Master_Wait
  2158                           
  2159 ;; *************** function _I2C_Master_Wait *****************
  2160 ;; Defined at:
  2161 ;;		line 18 in file "I2C_EEPROM.c"
  2162 ;; Parameters:    Size  Location     Type
  2163 ;;		None
  2164 ;; Auto vars:     Size  Location     Type
  2165 ;;		None
  2166 ;; Return value:  Size  Location     Type
  2167 ;;                  1    wreg      void 
  2168 ;; Registers used:
  2169 ;;		wreg, status,2
  2170 ;; Tracked objects:
  2171 ;;		On entry : 0/0
  2172 ;;		On exit  : 0/0
  2173 ;;		Unchanged: 0/0
  2174 ;; Data sizes:     COMMON   BANK0   BANK1   BANK3   BANK2
  2175 ;;      Params:         0       0       0       0       0
  2176 ;;      Locals:         0       0       0       0       0
  2177 ;;      Temps:          0       0       0       0       0
  2178 ;;      Totals:         0       0       0       0       0
  2179 ;;Total ram usage:        0 bytes
  2180 ;; Hardware stack levels used:    1
  2181 ;; This function calls:
  2182 ;;		Nothing
  2183 ;; This function is called by:
  2184 ;;		_I2C_Master_Start
  2185 ;;		_I2C_Master_RepeatedStart
  2186 ;;		_I2C_Master_Stop
  2187 ;;		_I2C_Master_Write
  2188 ;;		_I2C_Read_Byte
  2189 ;;		_I2C_NACK
  2190 ;;		_I2C_ACK
  2191 ;; This function uses a non-reentrant model
  2192 ;;
  2193                           psect	text11,local,class=CODE,delta=2,merge=1,group=0
  2194                           	line	18
  2195                           global __ptext11
  2196                           __ptext11:	;psect for function _I2C_Master_Wait
  2197  05E3                     psect	text11
  2198                           	file	"I2C_EEPROM.c"
  2199                           	line	18
  2200                           	global	__size_of_I2C_Master_Wait
  2201                           	__size_of_I2C_Master_Wait	equ	__end_of_I2C_Master_Wait-_I2C_Master_Wait
  2202  000F                     	
  2203                           _I2C_Master_Wait:	
  2204  05E3                     ;incstack = 0
  2205                           	opt	stack 5
  2206                           ; Regs used in _I2C_Master_Wait: [wreg+status,2]
  2207                           	line	20
  2208                           	
  2209                           l857:	
  2210  05E3                     ;I2C_EEPROM.c: 20:     while ((SSPSTAT & 0x04) || (SSPCON2 & 0x1F));
  2211                           	goto	l56
  2212  05E3  2DE4               	
  2213                           l57:	
  2214  05E4                     	
  2215                           l56:	
  2216  05E4                     	bsf	status, 5	;RP0=1, select bank1
  2217  05E4  1683               	bcf	status, 6	;RP1=0, select bank1
  2218  05E5  1303               	btfsc	(148)^080h,(2)&7	;volatile
  2219  05E6  1914               	goto	u191
  2220  05E7  2DE9               	goto	u190
  2221  05E8  2DEA               u191:
  2222  05E9                     	goto	l56
  2223  05E9  2DE4               u190:
  2224  05EA                     	
  2225                           l859:	
  2226  05EA                     	movf	(145)^080h,w	;volatile
  2227  05EA  0811               	andlw	01Fh
  2228  05EB  391F               	btfss	status,2
  2229  05EC  1D03               	goto	u201
  2230  05ED  2DEF               	goto	u200
  2231  05EE  2DF0               u201:
  2232  05EF                     	goto	l56
  2233  05EF  2DE4               u200:
  2234  05F0                     	goto	l59
  2235  05F0  2DF1               	
  2236                           l58:	
  2237  05F1                     	line	21
  2238                           	
  2239                           l59:	
  2240  05F1                     	return
  2241  05F1  0008               	opt stack 0
  2242                           GLOBAL	__end_of_I2C_Master_Wait
  2243                           	__end_of_I2C_Master_Wait:
  2244  05F2                     	signat	_I2C_Master_Wait,89
  2245                           global	___latbits
  2246                           ___latbits	equ	2
  2247  0002                     	global	btemp
  2248                           	btemp set 07Eh
  2249  007E                     
  2250                           	DABS	1,126,2	;btemp
  2251                           	global	wtemp0
  2252                           	wtemp0 set btemp+0
  2253  007E                     	end


Data Sizes:
    Strings     0
    Constant    0
    Data        0
    BSS         0
    Persistent  0
    Stack       0

Auto Spaces:
    Space          Size  Autos    Used
    COMMON           14     14      14
    BANK0            80     14      14
    BANK1            80      0       0
    BANK3            96      0       0
    BANK2            96      0       0

Pointer List with Targets:

    None.

Critical Paths under _main in COMMON

    _I2C_Master_Init->___lldiv
    _EEPROM_Write->_I2C_Master_Write
    _EEPROM_Read->_I2C_Master_Write

Critical Paths under _main in BANK0

    _main->_I2C_Master_Init

Critical Paths under _main in BANK1

    None.

Critical Paths under _main in BANK3

    None.

Critical Paths under _main in BANK2

    None.

Call Graph Tables:

 ---------------------------------------------------------------------------------
 (Depth) Function   	        Calls       Base Space   Used Autos Params    Refs
 ---------------------------------------------------------------------------------
 (0) _main                                                 6     6      0    1480
                                              8 BANK0      6     6      0
                        _EEPROM_Read
                       _EEPROM_Write
                    _I2C_Master_Init
 ---------------------------------------------------------------------------------
 (1) _I2C_Master_Init                                      8     4      4     412
                                              0 BANK0      8     4      4
                            ___lldiv
 ---------------------------------------------------------------------------------
 (2) ___lldiv                                             14     6      8     314
                                              0 COMMON    14     6      8
 ---------------------------------------------------------------------------------
 (1) _EEPROM_Write                                         3     0      3     544
                                              1 COMMON     3     0      3
           _I2C_Master_RepeatedStart
                   _I2C_Master_Start
                    _I2C_Master_Stop
                   _I2C_Master_Write
 ---------------------------------------------------------------------------------
 (1) _EEPROM_Read                                          4     2      2     317
                                              1 COMMON     4     2      2
           _I2C_Master_RepeatedStart
                   _I2C_Master_Start
                    _I2C_Master_Stop
                   _I2C_Master_Write
                           _I2C_NACK
                      _I2C_Read_Byte
 ---------------------------------------------------------------------------------
 (2) _I2C_Read_Byte                                        0     0      0       0
                    _I2C_Master_Wait
 ---------------------------------------------------------------------------------
 (2) _I2C_NACK                                             0     0      0       0
                    _I2C_Master_Wait
 ---------------------------------------------------------------------------------
 (2) _I2C_Master_Write                                     1     1      0      22
                                              0 COMMON     1     1      0
                    _I2C_Master_Wait
 ---------------------------------------------------------------------------------
 (2) _I2C_Master_Stop                                      0     0      0       0
                    _I2C_Master_Wait
 ---------------------------------------------------------------------------------
 (2) _I2C_Master_Start                                     0     0      0       0
                    _I2C_Master_Wait
 ---------------------------------------------------------------------------------
 (2) _I2C_Master_RepeatedStart                             0     0      0       0
                    _I2C_Master_Wait
 ---------------------------------------------------------------------------------
 (3) _I2C_Master_Wait                                      0     0      0       0
 ---------------------------------------------------------------------------------
 Estimated maximum stack depth 3
 ---------------------------------------------------------------------------------

 Call Graph Graphs:

 _main (ROOT)
   _EEPROM_Read
     _I2C_Master_RepeatedStart
       _I2C_Master_Wait
     _I2C_Master_Start
       _I2C_Master_Wait
     _I2C_Master_Stop
       _I2C_Master_Wait
     _I2C_Master_Write
       _I2C_Master_Wait
     _I2C_NACK
       _I2C_Master_Wait
     _I2C_Read_Byte
       _I2C_Master_Wait
   _EEPROM_Write
     _I2C_Master_RepeatedStart
       _I2C_Master_Wait
     _I2C_Master_Start
       _I2C_Master_Wait
     _I2C_Master_Stop
       _I2C_Master_Wait
     _I2C_Master_Write
       _I2C_Master_Wait
   _I2C_Master_Init
     ___lldiv

 Address spaces:
Name               Size   Autos  Total    Cost      Usage
BITCOMMON            E      0       0       0        0.0%
EEDATA             100      0       0       0        0.0%
NULL                 0      0       0       0        0.0%
CODE                 0      0       0       0        0.0%
COMMON               E      E       E       1      100.0%
BITSFR0              0      0       0       1        0.0%
SFR0                 0      0       0       1        0.0%
BITSFR1              0      0       0       2        0.0%
SFR1                 0      0       0       2        0.0%
STACK                0      0       0       2        0.0%
ABS                  0      0       0       3        0.0%
BITBANK0            50      0       0       4        0.0%
BITSFR3              0      0       0       4        0.0%
SFR3                 0      0       0       4        0.0%
BANK0               50      E       E       5       17.5%
BITSFR2              0      0       0       5        0.0%
SFR2                 0      0       0       5        0.0%
BITBANK1            50      0       0       6        0.0%
BANK1               50      0       0       7        0.0%
BITBANK3            60      0       0       8        0.0%
BANK3               60      0       0       9        0.0%
BITBANK2            60      0       0      10        0.0%
BANK2               60      0       0      11        0.0%
DATA                 0      0       0      12        0.0%


Microchip Technology PIC Macro Assembler V2.00 build -1524193055 
Symbol Table                                                                                   Sun Sep 29 18:07:43 2019

                      __CFG_CP$OFF 0000                                 l20 07F9  
                               l17 07F8                                 l18 07F8  
                               l19 07F9                                 l53 0688  
                               l62 05CD                                 l71 05FD  
                               l56 05E4                                 l72 05FD  
                               l80 0621                                 l57 05E4  
                               l65 05C4                                 l73 0601  
                               l58 05F1                                 l74 0608  
                               l90 0628                                 l59 05F1  
                               l91 0639                                 l68 05D6  
                               l92 0650                                 l77 0612  
                               l86 05E2                                 l78 0612  
                               l79 0617                                 l89 062D  
                              l104 0694                                l105 068F  
                              l106 06A0                                l107 06CB  
                              l231 072F                                l232 06ED  
                              l233 06DF                                l234 06F2  
                              l235 06F3                                l236 071E  
                              l237 072E                                l238 0738  
                              l901 06DF                                l911 071C  
                              l903 06ED                                l913 071E  
                              l905 06F3                                l921 0651  
                              l915 0727                                l907 06FC  
                              l931 0687                                l923 0655  
                              l861 05C5                                l941 068F  
                              l933 0622                                l909 070E  
                              l917 072F                                l925 0658  
                              l863 05CA                                l871 05D3  
                              l943 06A0                                l935 0628  
                              l919 0738                                l927 0685  
                              l857 05E3                                l865 05BC  
                              l873 05F3                                l881 0609  
                              l945 06C9                                l937 0639  
                              l929 0686                                l961 075F  
                              l859 05EA                                l867 05C1  
                              l875 05F8                                l891 05D7  
                              l883 060E                                l947 06CB  
                              l939 0689                                l971 0791  
                              l963 0765                                l955 0739  
                              l869 05CE                                l877 0602  
                              l893 05DA                                l885 0618  
                              l981 07B8                                l973 079B  
                              l965 076B                                l957 0748  
                              l879 0608                                l895 05DF  
                              l887 061D                                l983 07C7  
                              l975 07A1                                l967 0778  
                              l959 074E                                l889 0621  
                              l897 06CC                                l985 07D5  
                              l977 07A4                                l969 0784  
                              l899 06DC                                l987 07DB  
                              l979 07B2                                l989 07EA  
                              u200 05F0                                u201 05EF  
                              u210 0601                                u211 0600  
                              u220 0617                                u300 0668  
                              u221 0616                                u310 0638  
                              u230 06DC                                u311 0637  
                              u231 06DB                                u320 069F  
                              u321 069E                                u305 0663  
                              u250 06F1                                u251 06F0  
                              u245 06E1                                u190 05EA  
                              u270 070E                                u191 05E9  
                              u271 070D                                _PEN 048A  
                              u265 06F5                                u290 072D  
                     __CFG_CPD$OFF 0000                                u291 072C  
                              u275 070A                                u285 071F  
                              u377 0797                                u387 07C0  
                              _SEN 0488                                u397 07E3  
                     __CFG_FOSC$HS 0000                       __CFG_LVP$OFF 0000  
                             _RCEN 048B                               _RSEN 0489  
                     __CFG_WRT$OFF 0000                   __end_of_I2C_NACK 05E3  
 __end_of_I2C_Master_RepeatedStart 05C5                               _main 0739  
                             btemp 007E                               start 0000  
                  EEPROM_Write@add 0071               __end_of_EEPROM_Write 0651  
                 ?_I2C_Master_Init 0020                   ?_I2C_Master_Wait 0070  
                 ?_I2C_Master_Stop 0070                              ?_main 0070  
                            _ACKEN 048C                              _ACKDT 048D  
                    __CFG_WDTE$OFF 0000                    __end_of___lldiv 0739  
                            _PORTD 0008                              _TRISD 0088  
                            _SSPIF 0063             __size_of_I2C_Read_Byte 0019  
                   __CFG_BOREN$OFF 0000                              status 0003  
                            wtemp0 007E                   EEPROM_Write@data 0073  
             __size_of_EEPROM_Read 0043                    __initialization 07FC  
                     __end_of_main 07FC                             ??_main 0028  
                ?_I2C_Master_Start 0070                  ?_I2C_Master_Write 0070  
               ??_I2C_Master_Start 0070                 ??_I2C_Master_Write 0070  
                           _SSPADD 0093                             _TRISC3 043B  
                           _TRISC4 043C                             _SSPCON 0014  
                           _SSPBUF 0013                     __CFG_PWRTE$OFF 0000  
         _I2C_Master_RepeatedStart 05BC                      _I2C_Read_Byte 0609  
                        ??___lldiv 0078                          ?_I2C_NACK 0070  
          __end_of__initialization 07FC              __size_of_EEPROM_Write 002F  
                   ?_I2C_Read_Byte 0070                     __pcstackCOMMON 0070  
                       ??_I2C_NACK 0070                       _EEPROM_Write 0622  
                       __pmaintext 0739                            _ACKSTAT 048E  
                          _SSPCON2 0091                            _SSPSTAT 0094  
                  ??_I2C_Read_Byte 0070                            ___lldiv 06CC  
                          __ptext1 0651                            __ptext2 06CC  
                          __ptext3 0622                            __ptext4 0689  
                          __ptext5 0609                            __ptext6 05D7  
                          __ptext7 05F2                            __ptext8 05CE  
                          __ptext9 05C5           __size_of_I2C_Master_Init 0038  
         __size_of_I2C_Master_Wait 000F           __size_of_I2C_Master_Stop 0009  
             end_of_initialization 07FC         ??_I2C_Master_RepeatedStart 0070  
                    ??_EEPROM_Read 0073          __size_of_I2C_Master_Start 0009  
        __size_of_I2C_Master_Write 0017                    ___lldiv@divisor 0070  
                  ___lldiv@counter 007D                  __size_of_I2C_NACK 000C  
              __end_of_EEPROM_Read 06CC                start_initialization 07FC  
                ??_I2C_Master_Init 0024                  ??_I2C_Master_Wait 0070  
                ??_I2C_Master_Stop 0070                          ___latbits 0002  
                    __pcstackBANK0 0020                        _EEPROM_Read 0689  
                 _I2C_Master_Start 05C5                   _I2C_Master_Write 05F2  
                         ?___lldiv 0070               I2C_Master_Write@data 0070  
                         _I2C_NACK 05D7              __end_of_I2C_Read_Byte 0622  
              I2C_Master_Init@baud 0020  __size_of_I2C_Master_RepeatedStart 0009  
        ?_I2C_Master_RepeatedStart 0070                   __size_of___lldiv 006D  
                  _I2C_Master_Init 0651                    _I2C_Master_Wait 05E3  
                  _I2C_Master_Stop 05CE                           __ptext10 05BC  
                         __ptext11 05E3                      ?_EEPROM_Write 0071  
                    __size_of_main 00C3                           main@Data 002B  
         __end_of_I2C_Master_Start 05CE           __end_of_I2C_Master_Write 0609  
                   ??_EEPROM_Write 0074                       ?_EEPROM_Read 0071  
                 ___lldiv@dividend 0074            __end_of_I2C_Master_Init 0689  
          __end_of_I2C_Master_Wait 05F2            __end_of_I2C_Master_Stop 05D7  
                 ___lldiv@quotient 0079                    EEPROM_Read@Data 0074  
                   EEPROM_Read@add 0071                        main@Address 002C  
