

Microchip MPLAB XC8 Assembler V3.00 build 20241204225717 
                                                                                               Sat May 03 22:55:30 2025

Microchip MPLAB XC8 C Compiler v3.00 (Free license) build 20241204225717 Og1 
     1                           	processor	16F877A
     2                           	pagewidth 120
     3                           	opt	flic
     4                           	psect	idataBANK0,global,class=CODE,space=0,delta=2,noexec
     5                           	psect	cinit,global,class=CODE,space=0,merge=1,delta=2
     6                           	psect	bssBANK0,global,class=BANK0,space=1,delta=1,noexec
     7                           	psect	dataBANK0,global,class=BANK0,space=1,delta=1,noexec
     8                           	psect	inittext,global,class=CODE,space=0,delta=2
     9                           	psect	cstackCOMMON,global,class=COMMON,space=1,delta=1,noexec
    10                           	psect	cstackBANK0,global,class=BANK0,space=1,delta=1,noexec
    11                           	psect	maintext,global,class=CODE,space=0,split=1,delta=2
    12                           	psect	text1,local,class=CODE,space=0,merge=1,delta=2
    13                           	psect	text2,local,class=CODE,space=0,merge=1,delta=2,group=1
    14                           	psect	text3,local,class=CODE,space=0,merge=1,delta=2,group=1
    15                           	psect	text4,local,class=CODE,space=0,merge=1,delta=2
    16                           	psect	text5,local,class=CODE,space=0,merge=1,delta=2
    17                           	psect	text6,local,class=CODE,space=0,merge=1,delta=2,group=1
    18                           	psect	text7,local,class=CODE,space=0,merge=1,delta=2,group=1
    19                           	psect	text8,local,class=CODE,space=0,merge=1,delta=2
    20                           	psect	text9,local,class=CODE,space=0,merge=1,delta=2
    21                           	psect	text10,local,class=CODE,space=0,merge=1,delta=2
    22                           	psect	text11,local,class=CODE,space=0,merge=1,delta=2
    23                           	psect	text12,local,class=CODE,space=0,merge=1,delta=2
    24                           	psect	config,global,abs,ovrld,class=CONFIG,space=4,delta=2,noexec
    25                           	dabs	1,0x7E,2
    26     0000                     
    27                           ; Generated 12/10/2023 GMT
    28                           ; 
    29                           ; Copyright © 2023, Microchip Technology Inc. and its subsidiaries ("Microchip")
    30                           ; All rights reserved.
    31                           ; 
    32                           ; This software is developed by Microchip Technology Inc. and its subsidiaries ("Microch
      +                          ip").
    33                           ; 
    34                           ; Redistribution and use in source and binary forms, with or without modification, are
    35                           ; permitted provided that the following conditions are met:
    36                           ; 
    37                           ;     1. Redistributions of source code must retain the above copyright notice, this lis
      +                          t of
    38                           ;        conditions and the following disclaimer.
    39                           ; 
    40                           ;     2. Redistributions in binary form must reproduce the above copyright notice, this 
      +                          list
    41                           ;        of conditions and the following disclaimer in the documentation and/or other
    42                           ;        materials provided with the distribution. Publication is not required when
    43                           ;        this file is used in an embedded application.
    44                           ; 
    45                           ;     3. Microchip's name may not be used to endorse or promote products derived from th
      +                          is
    46                           ;        software without specific prior written permission.
    47                           ; 
    48                           ; THIS SOFTWARE IS PROVIDED BY MICROCHIP "AS IS" AND ANY EXPRESS OR IMPLIED WARRANTIES,
    49                           ; INCLUDING, BUT NOT LIMITED TO, THE IMPLIED WARRANTIES OF MERCHANTABILITY AND FITNESS F
      +                          OR
    50                           ; PURPOSE ARE DISCLAIMED.  IN NO EVENT SHALL MICROCHIP BE LIABLE FOR ANY DIRECT, INDIREC
      +                          T,
    51                           ; INCIDENTAL, SPECIAL, EXEMPLARY, OR CONSEQUENTIAL DAMAGES (INCLUDING BUT NOT LIMITED TO
    52                           ; PROCUREMENT OF SUBSTITUTE GOODS OR SERVICES; LOSS OF USE, DATA OR PROFITS; OR BUSINESS
    53                           ; INTERRUPTION) HOWSOEVER CAUSED AND ON ANY THEORY OF LIABILITY, WHETHER IN CONTRACT, ST
      +                          RICT
    54                           ; LIABILITY, OR TORT (INCLUDING NEGLIGENCE OR OTHERWISE) ARISING IN ANY WAY OUT OF THE U
      +                          SE OF
    55                           ; THIS SOFTWARE, EVEN IF ADVISED OF THE POSSIBILITY OF SUCH DAMAGE.
    56                           ; 
    57                           ; 
    58                           ; Code-generator required, PIC16F877A Definitions
    59                           ; 
    60                           ; SFR Addresses
    61     0004                     fsr             equ	4
    62     0004                     fsr0            equ	4
    63     0000                     indf            equ	0
    64     0000                     indf0           equ	0
    65     0002                     pc              equ	2
    66     0002                     pcl             equ	2
    67     000A                     pclath          equ	10
    68     0003                     status          equ	3
    69     0000                     INDF            equ	0	;# 
    70     0001                     TMR0            equ	1	;# 
    71     0002                     PCL             equ	2	;# 
    72     0003                     STATUS          equ	3	;# 
    73     0004                     FSR             equ	4	;# 
    74     0005                     PORTA           equ	5	;# 
    75     0006                     PORTB           equ	6	;# 
    76     0007                     PORTC           equ	7	;# 
    77     0008                     PORTD           equ	8	;# 
    78     0009                     PORTE           equ	9	;# 
    79     000A                     PCLATH          equ	10	;# 
    80     000B                     INTCON          equ	11	;# 
    81     000C                     PIR1            equ	12	;# 
    82     000D                     PIR2            equ	13	;# 
    83     000E                     TMR1            equ	14	;# 
    84     000E                     TMR1L           equ	14	;# 
    85     000F                     TMR1H           equ	15	;# 
    86     0010                     T1CON           equ	16	;# 
    87     0011                     TMR2            equ	17	;# 
    88     0012                     T2CON           equ	18	;# 
    89     0013                     SSPBUF          equ	19	;# 
    90     0014                     SSPCON          equ	20	;# 
    91     0015                     CCPR1           equ	21	;# 
    92     0015                     CCPR1L          equ	21	;# 
    93     0016                     CCPR1H          equ	22	;# 
    94     0017                     CCP1CON         equ	23	;# 
    95     0018                     RCSTA           equ	24	;# 
    96     0019                     TXREG           equ	25	;# 
    97     001A                     RCREG           equ	26	;# 
    98     001B                     CCPR2           equ	27	;# 
    99     001B                     CCPR2L          equ	27	;# 
   100     001C                     CCPR2H          equ	28	;# 
   101     001D                     CCP2CON         equ	29	;# 
   102     001E                     ADRESH          equ	30	;# 
   103     001F                     ADCON0          equ	31	;# 
   104     0081                     OPTION_REG      equ	129	;# 
   105     0085                     TRISA           equ	133	;# 
   106     0086                     TRISB           equ	134	;# 
   107     0087                     TRISC           equ	135	;# 
   108     0088                     TRISD           equ	136	;# 
   109     0089                     TRISE           equ	137	;# 
   110     008C                     PIE1            equ	140	;# 
   111     008D                     PIE2            equ	141	;# 
   112     008E                     PCON            equ	142	;# 
   113     0091                     SSPCON2         equ	145	;# 
   114     0092                     PR2             equ	146	;# 
   115     0093                     SSPADD          equ	147	;# 
   116     0094                     SSPSTAT         equ	148	;# 
   117     0098                     TXSTA           equ	152	;# 
   118     0099                     SPBRG           equ	153	;# 
   119     009C                     CMCON           equ	156	;# 
   120     009D                     CVRCON          equ	157	;# 
   121     009E                     ADRESL          equ	158	;# 
   122     009F                     ADCON1          equ	159	;# 
   123     010C                     EEDATA          equ	268	;# 
   124     010D                     EEADR           equ	269	;# 
   125     010E                     EEDATH          equ	270	;# 
   126     010F                     EEADRH          equ	271	;# 
   127     018C                     EECON1          equ	396	;# 
   128     018D                     EECON2          equ	397	;# 
   129     0000                     INDF            equ	0	;# 
   130     0001                     TMR0            equ	1	;# 
   131     0002                     PCL             equ	2	;# 
   132     0003                     STATUS          equ	3	;# 
   133     0004                     FSR             equ	4	;# 
   134     0005                     PORTA           equ	5	;# 
   135     0006                     PORTB           equ	6	;# 
   136     0007                     PORTC           equ	7	;# 
   137     0008                     PORTD           equ	8	;# 
   138     0009                     PORTE           equ	9	;# 
   139     000A                     PCLATH          equ	10	;# 
   140     000B                     INTCON          equ	11	;# 
   141     000C                     PIR1            equ	12	;# 
   142     000D                     PIR2            equ	13	;# 
   143     000E                     TMR1            equ	14	;# 
   144     000E                     TMR1L           equ	14	;# 
   145     000F                     TMR1H           equ	15	;# 
   146     0010                     T1CON           equ	16	;# 
   147     0011                     TMR2            equ	17	;# 
   148     0012                     T2CON           equ	18	;# 
   149     0013                     SSPBUF          equ	19	;# 
   150     0014                     SSPCON          equ	20	;# 
   151     0015                     CCPR1           equ	21	;# 
   152     0015                     CCPR1L          equ	21	;# 
   153     0016                     CCPR1H          equ	22	;# 
   154     0017                     CCP1CON         equ	23	;# 
   155     0018                     RCSTA           equ	24	;# 
   156     0019                     TXREG           equ	25	;# 
   157     001A                     RCREG           equ	26	;# 
   158     001B                     CCPR2           equ	27	;# 
   159     001B                     CCPR2L          equ	27	;# 
   160     001C                     CCPR2H          equ	28	;# 
   161     001D                     CCP2CON         equ	29	;# 
   162     001E                     ADRESH          equ	30	;# 
   163     001F                     ADCON0          equ	31	;# 
   164     0081                     OPTION_REG      equ	129	;# 
   165     0085                     TRISA           equ	133	;# 
   166     0086                     TRISB           equ	134	;# 
   167     0087                     TRISC           equ	135	;# 
   168     0088                     TRISD           equ	136	;# 
   169     0089                     TRISE           equ	137	;# 
   170     008C                     PIE1            equ	140	;# 
   171     008D                     PIE2            equ	141	;# 
   172     008E                     PCON            equ	142	;# 
   173     0091                     SSPCON2         equ	145	;# 
   174     0092                     PR2             equ	146	;# 
   175     0093                     SSPADD          equ	147	;# 
   176     0094                     SSPSTAT         equ	148	;# 
   177     0098                     TXSTA           equ	152	;# 
   178     0099                     SPBRG           equ	153	;# 
   179     009C                     CMCON           equ	156	;# 
   180     009D                     CVRCON          equ	157	;# 
   181     009E                     ADRESL          equ	158	;# 
   182     009F                     ADCON1          equ	159	;# 
   183     010C                     EEDATA          equ	268	;# 
   184     010D                     EEADR           equ	269	;# 
   185     010E                     EEDATH          equ	270	;# 
   186     010F                     EEADRH          equ	271	;# 
   187     018C                     EECON1          equ	396	;# 
   188     018D                     EECON2          equ	397	;# 
   189                           
   190                           	psect	idataBANK0
   191     02D6                     __pidataBANK0:
   192                           
   193                           ;initializer for _CH4
   194     02D6  3443               	retlw	67
   195     02D7  3448               	retlw	72
   196     02D8  3434               	retlw	52
   197     02D9  343A               	retlw	58
   198                           
   199                           ;initializer for _CH1
   200     02DA  3443               	retlw	67
   201     02DB  3448               	retlw	72
   202     02DC  3431               	retlw	49
   203     02DD  343A               	retlw	58
   204     0008                     _PORTD          set	8
   205     0007                     _PORTC          set	7
   206     001E                     _ADRESH         set	30
   207     001F                     _ADCON0         set	31
   208     009F                     _ADCON1         set	159
   209     0085                     _TRISA          set	133
   210     0088                     _TRISD          set	136
   211     0087                     _TRISC          set	135
   212     009E                     _ADRESL         set	158
   213                           
   214                           	psect	cinit
   215     07E6                     start_initialization:	
   216                           ; #config settings
   217                           
   218     07E6                     __initialization:
   219                           
   220                           ; Initialize objects allocated to BANK0
   221     07E6  1383               	bcf	3,7	;select IRP bank0
   222     07E7  3064               	movlw	low (__pdataBANK0+8)
   223     07E8  00FD               	movwf	btemp+-1
   224     07E9  3002               	movlw	high __pidataBANK0
   225     07EA  00FE               	movwf	btemp
   226     07EB  30D6               	movlw	low __pidataBANK0
   227     07EC  00FF               	movwf	btemp+1
   228     07ED  305C               	movlw	low __pdataBANK0
   229     07EE  0084               	movwf	4
   230     07EF  120A  118A  22F6  120A  118A  	fcall	init_ram0
   231                           
   232                           ; Clear objects allocated to BANK0
   233     07F4  01D4               	clrf	__pbssBANK0& (0+127)
   234     07F5  01D5               	clrf	(__pbssBANK0+1)& (0+127)
   235     07F6  01D6               	clrf	(__pbssBANK0+2)& (0+127)
   236     07F7  01D7               	clrf	(__pbssBANK0+3)& (0+127)
   237     07F8  01D8               	clrf	(__pbssBANK0+4)& (0+127)
   238     07F9  01D9               	clrf	(__pbssBANK0+5)& (0+127)
   239     07FA  01DA               	clrf	(__pbssBANK0+6)& (0+127)
   240     07FB  01DB               	clrf	(__pbssBANK0+7)& (0+127)
   241     07FC                     end_of_initialization:	
   242                           ;End of C runtime variable initialization code
   243                           
   244     07FC                     __end_of__initialization:
   245     07FC  0183               	clrf	3
   246     07FD  120A  118A  2EA3   	ljmp	_main	;jump to C main() function
   247                           
   248                           	psect	bssBANK0
   249     0054                     __pbssBANK0:
   250     0054                     _adcVolt:
   251     0054                     	ds	2
   252     0056                     _calibratedValue:
   253     0056                     	ds	2
   254     0058                     _adcLow:
   255     0058                     	ds	2
   256     005A                     _adcHigh:
   257     005A                     	ds	2
   258                           
   259                           	psect	dataBANK0
   260     005C                     __pdataBANK0:
   261     005C                     _CH4:
   262     005C                     	ds	4
   263     0060                     _CH1:
   264     0060                     	ds	4
   265                           
   266                           	psect	inittext
   267     02F2                     init_fetch0:	
   268                           ;	Called with low address in FSR and high address in W
   269                           
   270     02F2  087E               	movf	btemp,w
   271     02F3  008A               	movwf	10
   272     02F4  087F               	movf	btemp+1,w
   273     02F5  0082               	movwf	2
   274     02F6                     init_ram0:	
   275                           ;Called with:
   276                           ;	high address of idata address in btemp 
   277                           ;	low address of idata address in btemp+1 
   278                           ;	low address of data in FSR
   279                           ;	high address + 1 of data in btemp-1
   280                           
   281     02F6  120A  118A  22F2  120A  118A  	fcall	init_fetch0
   282     02FB  0080               	movwf	0
   283     02FC  0A84               	incf	4,f
   284     02FD  0804               	movf	4,w
   285     02FE  067D               	xorwf	btemp+-1,w
   286     02FF  1903               	btfsc	3,2
   287     0300  3400               	retlw	0
   288     0301  0AFF               	incf	btemp+1,f
   289     0302  1903               	btfsc	3,2
   290     0303  0AFE               	incf	btemp,f
   291     0304  2AF6               	goto	init_ram0
   292                           
   293                           	psect	cstackCOMMON
   294     0070                     __pcstackCOMMON:
   295     0070                     ?_LcdInit:
   296     0070                     ?_adcInit:	
   297                           ; 1 bytes @ 0x0
   298                           
   299     0070                     ?_LcdCommand:	
   300                           ; 1 bytes @ 0x0
   301                           
   302     0070                     ?_LcdData:	
   303                           ; 1 bytes @ 0x0
   304                           
   305     0070                     ?_AN1_init:	
   306                           ; 1 bytes @ 0x0
   307                           
   308     0070                     ?_AN4_init:	
   309                           ; 1 bytes @ 0x0
   310                           
   311     0070                     ?_main:	
   312                           ; 1 bytes @ 0x0
   313                           
   314     0070                     ?___lwdiv:	
   315                           ; 1 bytes @ 0x0
   316                           
   317     0070                     ?___lmul:	
   318                           ; 2 bytes @ 0x0
   319                           
   320     0070                     ___lwdiv@divisor:	
   321                           ; 4 bytes @ 0x0
   322                           
   323     0070                     ___lmul@multiplier:	
   324                           ; 2 bytes @ 0x0
   325                           
   326     0070                     ??_adcInit:	
   327                           ; 4 bytes @ 0x0
   328                           
   329     0070                     ??_LcdCommand:	
   330                           ; 1 bytes @ 0x0
   331                           
   332     0070                     ??_LcdData:	
   333                           ; 1 bytes @ 0x0
   334                           
   335     0070                     ??_AN1_init:	
   336                           ; 1 bytes @ 0x0
   337                           
   338     0070                     ??_AN4_init:	
   339                           ; 1 bytes @ 0x0
   340                           
   341                           
   342                           ; 1 bytes @ 0x0
   343     0070                     	ds	2
   344     0072                     LcdData@i:
   345     0072                     LcdCommand@i:	
   346                           ; 1 bytes @ 0x2
   347                           
   348     0072                     ___lwdiv@dividend:	
   349                           ; 1 bytes @ 0x2
   350                           
   351                           
   352                           ; 2 bytes @ 0x2
   353     0072                     	ds	1
   354     0073                     ??_LcdInit:
   355                           
   356                           ; 1 bytes @ 0x3
   357     0073                     	ds	1
   358     0074                     ___lwdiv@quotient:
   359     0074                     ___lmul@multiplicand:	
   360                           ; 2 bytes @ 0x4
   361                           
   362     0074                     ??___lwdiv:	
   363                           ; 4 bytes @ 0x4
   364                           
   365                           
   366                           ; 1 bytes @ 0x4
   367     0074                     	ds	2
   368     0076                     ___lwdiv@counter:
   369                           
   370                           ; 1 bytes @ 0x6
   371     0076                     	ds	1
   372     0077                     ?___lwmod:
   373     0077                     ___lwmod@divisor:	
   374                           ; 2 bytes @ 0x7
   375                           
   376                           
   377                           ; 2 bytes @ 0x7
   378     0077                     	ds	1
   379     0078                     ??___lmul:
   380                           
   381                           ; 1 bytes @ 0x8
   382     0078                     	ds	1
   383     0079                     ___lwmod@dividend:
   384     0079                     ___lmul@product:	
   385                           ; 2 bytes @ 0x9
   386                           
   387                           
   388                           ; 4 bytes @ 0x9
   389     0079                     	ds	2
   390     007B                     ___lwmod@counter:
   391     007B                     ??___lwmod:	
   392                           ; 1 bytes @ 0xB
   393                           
   394                           
   395                           ; 1 bytes @ 0xB
   396     007B                     	ds	1
   397     007C                     ?_LcdOutput:
   398     007C                     LcdOutput@i:	
   399                           ; 1 bytes @ 0xC
   400                           
   401                           
   402                           ; 2 bytes @ 0xC
   403     007C                     	ds	1
   404     007D                     ??___aldiv:
   405                           
   406                           ; 1 bytes @ 0xD
   407     007D                     	ds	1
   408     007E                     ??_LcdOutput:
   409                           
   410                           	psect	cstackBANK0
   411     0020                     __pcstackBANK0:	
   412                           ; 1 bytes @ 0xE
   413                           
   414     0020                     ?___aldiv:
   415     0020                     LcdOutput@d_3:	
   416                           ; 4 bytes @ 0x0
   417                           
   418     0020                     ___aldiv@divisor:	
   419                           ; 1 bytes @ 0x0
   420                           
   421                           
   422                           ; 4 bytes @ 0x0
   423     0020                     	ds	1
   424     0021                     LcdOutput@d_2:
   425                           
   426                           ; 1 bytes @ 0x1
   427     0021                     	ds	1
   428     0022                     LcdOutput@d_1:
   429                           
   430                           ; 1 bytes @ 0x2
   431     0022                     	ds	1
   432     0023                     LcdOutput@d_0:
   433                           
   434                           ; 1 bytes @ 0x3
   435     0023                     	ds	1
   436     0024                     ___aldiv@dividend:
   437                           
   438                           ; 4 bytes @ 0x4
   439     0024                     	ds	4
   440     0028                     ___aldiv@counter:
   441                           
   442                           ; 1 bytes @ 0x8
   443     0028                     	ds	1
   444     0029                     ___aldiv@sign:
   445                           
   446                           ; 1 bytes @ 0x9
   447     0029                     	ds	1
   448     002A                     ___aldiv@quotient:
   449                           
   450                           ; 4 bytes @ 0xA
   451     002A                     	ds	4
   452     002E                     ?_map:
   453     002E                     map@x:	
   454                           ; 2 bytes @ 0xE
   455                           
   456                           
   457                           ; 4 bytes @ 0xE
   458     002E                     	ds	4
   459     0032                     map@in_min:
   460                           
   461                           ; 4 bytes @ 0x12
   462     0032                     	ds	4
   463     0036                     map@in_max:
   464                           
   465                           ; 4 bytes @ 0x16
   466     0036                     	ds	4
   467     003A                     map@out_min:
   468                           
   469                           ; 4 bytes @ 0x1A
   470     003A                     	ds	4
   471     003E                     map@out_max:
   472                           
   473                           ; 4 bytes @ 0x1E
   474     003E                     	ds	4
   475     0042                     ??_map:
   476                           
   477                           ; 1 bytes @ 0x22
   478     0042                     	ds	12
   479     004E                     ??_main:
   480                           
   481                           ; 1 bytes @ 0x2E
   482     004E                     	ds	2
   483     0050                     main@i:
   484                           
   485                           ; 2 bytes @ 0x30
   486     0050                     	ds	2
   487     0052                     main@i_89:
   488                           
   489                           ; 2 bytes @ 0x32
   490     0052                     	ds	2
   491                           
   492                           	psect	maintext
   493     06A3                     __pmaintext:	
   494 ;;
   495 ;;Main: autosize = 0, tempsize = 2, incstack = 0, save=0
   496 ;;
   497 ;; *************** function _main *****************
   498 ;; Defined at:
   499 ;;		line 37 in file "main.c"
   500 ;; Parameters:    Size  Location     Type
   501 ;;		None
   502 ;; Auto vars:     Size  Location     Type
   503 ;;  i               2   50[BANK0 ] int 
   504 ;;  i               2   48[BANK0 ] int 
   505 ;; Return value:  Size  Location     Type
   506 ;;                  1    wreg      void 
   507 ;; Registers used:
   508 ;;		wreg, fsr0l, fsr0h, status,2, status,0, btemp+1, pclath, cstack
   509 ;; Tracked objects:
   510 ;;		On entry : B00/0
   511 ;;		On exit  : 0/0
   512 ;;		Unchanged: 0/0
   513 ;; Data sizes:     COMMON   BANK0   BANK1   BANK3   BANK2
   514 ;;      Params:         0       0       0       0       0
   515 ;;      Locals:         0       4       0       0       0
   516 ;;      Temps:          0       2       0       0       0
   517 ;;      Totals:         0       6       0       0       0
   518 ;;Total ram usage:        6 bytes
   519 ;; Hardware stack levels required when called: 2
   520 ;; This function calls:
   521 ;;		_AN1_init
   522 ;;		_AN4_init
   523 ;;		_LcdCommand
   524 ;;		_LcdData
   525 ;;		_LcdInit
   526 ;;		_LcdOutput
   527 ;;		_adcInit
   528 ;;		_map
   529 ;; This function is called by:
   530 ;;		Startup code after reset
   531 ;; This function uses a non-reentrant model
   532 ;;
   533                           
   534     06A3                     _main:	
   535                           ;psect for function _main
   536                           
   537     06A3                     l1096:	
   538                           ;incstack = 0
   539                           ; Regs used in _main: [wreg-fsr0h+status,2+status,0+btemp+1+pclath+cstack]
   540                           
   541                           
   542                           ;main.c: 39:         adcHigh = ADRESH;
   543     06A3  120A  118A  2407  120A  118A  	fcall	_LcdInit
   544                           
   545                           ;main.c: 40:         adcLow = ADRESL;
   546     06A8  120A  118A  2330  120A  118A  	fcall	_adcInit
   547                           
   548                           ;main.c: 42:         if(adcVolt < 2) adcVolt = 0;
   549     06AD  3080               	movlw	128
   550     06AE  120A  118A  231A  120A  118A  	fcall	_LcdCommand
   551     06B3                     l1098:
   552                           
   553                           ;main.c: 43:         if(adcVolt == 1022) adcVolt = 1023;
   554     06B3  1283               	bcf	3,5	;RP0=0, select bank0
   555     06B4  1303               	bcf	3,6	;RP1=0, select bank0
   556     06B5  01D0               	clrf	main@i
   557     06B6  01D1               	clrf	main@i+1
   558     06B7                     l1104:
   559                           
   560                           ;main.c: 44:         LcdCommand(0x84);;main.c: 45:         LcdOutput(adcVolt);
   561     06B7  1283               	bcf	3,5	;RP0=0, select bank0
   562     06B8  1303               	bcf	3,6	;RP1=0, select bank0
   563     06B9  0850               	movf	main@i,w
   564     06BA  3E60               	addlw	(low (_CH1| 0))& (0+255)
   565     06BB  0084               	movwf	4
   566     06BC  1383               	bcf	3,7	;select IRP bank0
   567     06BD  0800               	movf	0,w
   568     06BE  120A  118A  2305  120A  118A  	fcall	_LcdData
   569     06C3                     l1106:
   570                           
   571                           ;main.c: 46:         _delay((unsigned long)((10)*(2000000/4000.0)));
   572     06C3  3001               	movlw	1
   573     06C4  1283               	bcf	3,5	;RP0=0, select bank0
   574     06C5  1303               	bcf	3,6	;RP1=0, select bank0
   575     06C6  07D0               	addwf	main@i,f
   576     06C7  1803               	skipnc
   577     06C8  0AD1               	incf	main@i+1,f
   578     06C9  3000               	movlw	0
   579     06CA  07D1               	addwf	main@i+1,f
   580     06CB                     l1108:
   581     06CB  0851               	movf	main@i+1,w
   582     06CC  3A80               	xorlw	128
   583     06CD  00FF               	movwf	btemp+1
   584     06CE  3080               	movlw	128
   585     06CF  027F               	subwf	btemp+1,w
   586     06D0  1D03               	skipz
   587     06D1  2ED4               	goto	u785
   588     06D2  3004               	movlw	4
   589     06D3  0250               	subwf	main@i,w
   590     06D4                     u785:
   591     06D4  1C03               	skipc
   592     06D5  2ED7               	goto	u781
   593     06D6  2ED8               	goto	u780
   594     06D7                     u781:
   595     06D7  2EB7               	goto	l1104
   596     06D8                     u780:
   597     06D8                     l1110:
   598                           
   599                           ;main.c: 48: 
   600     06D8  30C0               	movlw	192
   601     06D9  120A  118A  231A  120A  118A  	fcall	_LcdCommand
   602     06DE                     l1112:
   603                           
   604                           ;main.c: 49:         AN4_init();
   605     06DE  1283               	bcf	3,5	;RP0=0, select bank0
   606     06DF  1303               	bcf	3,6	;RP1=0, select bank0
   607     06E0  01D2               	clrf	main@i_89
   608     06E1  01D3               	clrf	main@i_89+1
   609     06E2                     l1118:
   610                           
   611                           ;main.c: 50:         _delay((unsigned long)((20)*(2000000/4000000.0)));;main.c: 51:     
      +                              ADCON0 |= 0x04;
   612     06E2  1283               	bcf	3,5	;RP0=0, select bank0
   613     06E3  1303               	bcf	3,6	;RP1=0, select bank0
   614     06E4  0852               	movf	main@i_89,w
   615     06E5  3E5C               	addlw	(low (_CH4| 0))& (0+255)
   616     06E6  0084               	movwf	4
   617     06E7  1383               	bcf	3,7	;select IRP bank0
   618     06E8  0800               	movf	0,w
   619     06E9  120A  118A  2305  120A  118A  	fcall	_LcdData
   620     06EE                     l1120:
   621                           
   622                           ;main.c: 52:         while(ADCON0 & 0x04);
   623     06EE  3001               	movlw	1
   624     06EF  1283               	bcf	3,5	;RP0=0, select bank0
   625     06F0  1303               	bcf	3,6	;RP1=0, select bank0
   626     06F1  07D2               	addwf	main@i_89,f
   627     06F2  1803               	skipnc
   628     06F3  0AD3               	incf	main@i_89+1,f
   629     06F4  3000               	movlw	0
   630     06F5  07D3               	addwf	main@i_89+1,f
   631     06F6                     l1122:
   632     06F6  0853               	movf	main@i_89+1,w
   633     06F7  3A80               	xorlw	128
   634     06F8  00FF               	movwf	btemp+1
   635     06F9  3080               	movlw	128
   636     06FA  027F               	subwf	btemp+1,w
   637     06FB  1D03               	skipz
   638     06FC  2EFF               	goto	u795
   639     06FD  3004               	movlw	4
   640     06FE  0252               	subwf	main@i_89,w
   641     06FF                     u795:
   642     06FF  1C03               	skipc
   643     0700  2F02               	goto	u791
   644     0701  2F03               	goto	u790
   645     0702                     u791:
   646     0702  2EE2               	goto	l1118
   647     0703                     u790:
   648     0703                     l1124:
   649                           
   650                           ;main.c: 54:         adcLow = ADRESL;;main.c: 56: 
   651     0703  120A  118A  22DE  120A  118A  	fcall	_AN1_init
   652     0708                     l1126:
   653                           
   654                           ;main.c: 57:         calibratedValue = map(adcVolt, 0, 1023, 0, 135);
   655     0708  3002               	movlw	2
   656     0709  1283               	bcf	3,5	;RP0=0, select bank0
   657     070A  1303               	bcf	3,6	;RP1=0, select bank0
   658     070B  00CE               	movwf	??_main
   659     070C                     u857:
   660     070C  0BCE               	decfsz	??_main,f
   661     070D  2F0C               	goto	u857
   662     070E  0000               	nop
   663     070F                     l1128:
   664                           
   665                           ;main.c: 58:         if(calibratedValue >= 134) calibratedValue = 135;
   666     070F  1283               	bcf	3,5	;RP0=0, select bank0
   667     0710  1303               	bcf	3,6	;RP1=0, select bank0
   668     0711  151F               	bsf	31,2	;volatile
   669     0712                     l58:	
   670                           ;main.c: 59:         LcdCommand(0xC4);
   671                           
   672     0712  191F               	btfsc	31,2	;volatile
   673     0713  2F15               	goto	u801
   674     0714  2F16               	goto	u800
   675     0715                     u801:
   676     0715  2F12               	goto	l58
   677     0716                     u800:
   678     0716                     l1130:
   679                           
   680                           ;main.c: 60:         LcdOutput(calibratedValue);
   681     0716  081E               	movf	30,w	;volatile
   682     0717  00CE               	movwf	??_main
   683     0718  01CF               	clrf	??_main+1
   684     0719  084E               	movf	??_main,w
   685     071A  00DA               	movwf	_adcHigh
   686     071B  084F               	movf	??_main+1,w
   687     071C  00DB               	movwf	_adcHigh+1
   688                           
   689                           ;main.c: 61:     }
   690     071D  1683               	bsf	3,5	;RP0=1, select bank1
   691     071E  1303               	bcf	3,6	;RP1=0, select bank1
   692     071F  081E               	movf	30,w	;volatile
   693     0720  1283               	bcf	3,5	;RP0=0, select bank0
   694     0721  1303               	bcf	3,6	;RP1=0, select bank0
   695     0722  00CE               	movwf	??_main
   696     0723  01CF               	clrf	??_main+1
   697     0724  084E               	movf	??_main,w
   698     0725  00D8               	movwf	_adcLow
   699     0726  084F               	movf	??_main+1,w
   700     0727  00D9               	movwf	_adcLow+1
   701                           
   702                           ;main.c: 62:     return;
   703     0728  085A               	movf	_adcHigh,w
   704     0729  00CF               	movwf	??_main+1
   705     072A  01CE               	clrf	??_main
   706     072B  0858               	movf	_adcLow,w
   707     072C  044E               	iorwf	??_main,w
   708     072D  00D4               	movwf	_adcVolt
   709     072E  0859               	movf	_adcLow+1,w
   710     072F  044F               	iorwf	??_main+1,w
   711     0730  00D5               	movwf	_adcVolt+1
   712                           
   713                           ;main.c: 63: }
   714     0731  3000               	movlw	0
   715     0732  0255               	subwf	_adcVolt+1,w
   716     0733  3002               	movlw	2
   717     0734  1903               	skipnz
   718     0735  0254               	subwf	_adcVolt,w
   719     0736  1803               	skipnc
   720     0737  2F39               	goto	u811
   721     0738  2F3A               	goto	u810
   722     0739                     u811:
   723     0739  2F3C               	goto	l1134
   724     073A                     u810:
   725     073A                     l1132:
   726     073A  01D4               	clrf	_adcVolt
   727     073B  01D5               	clrf	_adcVolt+1
   728     073C                     l1134:
   729                           
   730                           ;main.c: 64: 
   731     073C  30FE               	movlw	254
   732     073D  0654               	xorwf	_adcVolt,w
   733     073E  3003               	movlw	3
   734     073F  1903               	skipnz
   735     0740  0655               	xorwf	_adcVolt+1,w
   736     0741  1D03               	btfss	3,2
   737     0742  2F44               	goto	u821
   738     0743  2F45               	goto	u820
   739     0744                     u821:
   740     0744  2F49               	goto	l1138
   741     0745                     u820:
   742     0745                     l1136:
   743     0745  30FF               	movlw	255
   744     0746  00D4               	movwf	_adcVolt
   745     0747  3003               	movlw	3
   746     0748  00D5               	movwf	_adcVolt+1
   747     0749                     l1138:
   748                           
   749                           ;main.c: 65: 
   750     0749  3084               	movlw	132
   751     074A  120A  118A  231A  120A  118A  	fcall	_LcdCommand
   752     074F                     l1140:
   753                           
   754                           ;main.c: 66: void LcdInit(void)
   755     074F  1283               	bcf	3,5	;RP0=0, select bank0
   756     0750  1303               	bcf	3,6	;RP1=0, select bank0
   757     0751  0855               	movf	_adcVolt+1,w
   758     0752  00FD               	movwf	LcdOutput@i+1
   759     0753  0854               	movf	_adcVolt,w
   760     0754  00FC               	movwf	LcdOutput@i
   761     0755  120A  118A  2590  120A  118A  	fcall	_LcdOutput
   762                           
   763                           ;main.c: 67: {
   764     075A  3007               	movlw	7
   765     075B  1283               	bcf	3,5	;RP0=0, select bank0
   766     075C  1303               	bcf	3,6	;RP1=0, select bank0
   767     075D  00CF               	movwf	??_main+1
   768     075E  307C               	movlw	124
   769     075F  00CE               	movwf	??_main
   770     0760                     u867:
   771     0760  0BCE               	decfsz	??_main,f
   772     0761  2F60               	goto	u867
   773     0762  0BCF               	decfsz	??_main+1,f
   774     0763  2F60               	goto	u867
   775     0764  0000               	nop
   776     0765                     l1142:
   777                           
   778                           ;main.c: 70:     PORTC = 0x00;
   779     0765  120A  118A  22E8  120A  118A  	fcall	_AN4_init
   780     076A                     l1144:
   781                           
   782                           ;main.c: 71:     PORTD = 0x00;
   783     076A  3002               	movlw	2
   784     076B  1283               	bcf	3,5	;RP0=0, select bank0
   785     076C  1303               	bcf	3,6	;RP1=0, select bank0
   786     076D  00CE               	movwf	??_main
   787     076E                     u877:
   788     076E  0BCE               	decfsz	??_main,f
   789     076F  2F6E               	goto	u877
   790     0770  0000               	nop
   791     0771                     l1146:
   792                           
   793                           ;main.c: 72: 
   794     0771  1283               	bcf	3,5	;RP0=0, select bank0
   795     0772  1303               	bcf	3,6	;RP1=0, select bank0
   796     0773  151F               	bsf	31,2	;volatile
   797     0774                     l63:	
   798                           ;main.c: 73: 
   799                           
   800     0774  191F               	btfsc	31,2	;volatile
   801     0775  2F77               	goto	u831
   802     0776  2F78               	goto	u830
   803     0777                     u831:
   804     0777  2F74               	goto	l63
   805     0778                     u830:
   806     0778                     l1148:
   807                           
   808                           ;main.c: 74:     LcdCommand(0x30);
   809     0778  081E               	movf	30,w	;volatile
   810     0779  00CE               	movwf	??_main
   811     077A  01CF               	clrf	??_main+1
   812     077B  084E               	movf	??_main,w
   813     077C  00DA               	movwf	_adcHigh
   814     077D  084F               	movf	??_main+1,w
   815     077E  00DB               	movwf	_adcHigh+1
   816                           
   817                           ;main.c: 75:     _delay((unsigned long)((100)*(2000000/4000.0)));
   818     077F  1683               	bsf	3,5	;RP0=1, select bank1
   819     0780  1303               	bcf	3,6	;RP1=0, select bank1
   820     0781  081E               	movf	30,w	;volatile
   821     0782  1283               	bcf	3,5	;RP0=0, select bank0
   822     0783  1303               	bcf	3,6	;RP1=0, select bank0
   823     0784  00CE               	movwf	??_main
   824     0785  01CF               	clrf	??_main+1
   825     0786  084E               	movf	??_main,w
   826     0787  00D8               	movwf	_adcLow
   827     0788  084F               	movf	??_main+1,w
   828     0789  00D9               	movwf	_adcLow+1
   829                           
   830                           ;main.c: 76:     LcdCommand(0x30);
   831     078A  085A               	movf	_adcHigh,w
   832     078B  00CF               	movwf	??_main+1
   833     078C  01CE               	clrf	??_main
   834     078D  0858               	movf	_adcLow,w
   835     078E  044E               	iorwf	??_main,w
   836     078F  00D4               	movwf	_adcVolt
   837     0790  0859               	movf	_adcLow+1,w
   838     0791  044F               	iorwf	??_main+1,w
   839     0792  00D5               	movwf	_adcVolt+1
   840     0793                     l1150:
   841                           
   842                           ;main.c: 78:     LcdCommand(0x30);
   843     0793  0854               	movf	_adcVolt,w
   844     0794  00AE               	movwf	map@x
   845     0795  0855               	movf	_adcVolt+1,w
   846     0796  00AF               	movwf	map@x+1
   847     0797  01B0               	clrf	map@x+2
   848     0798  01B1               	clrf	map@x+3
   849     0799  3000               	movlw	0
   850     079A  00B5               	movwf	map@in_min+3
   851     079B  3000               	movlw	0
   852     079C  00B4               	movwf	map@in_min+2
   853     079D  3000               	movlw	0
   854     079E  00B3               	movwf	map@in_min+1
   855     079F  3000               	movlw	0
   856     07A0  00B2               	movwf	map@in_min
   857     07A1  3000               	movlw	0
   858     07A2  00B9               	movwf	map@in_max+3
   859     07A3  3000               	movlw	0
   860     07A4  00B8               	movwf	map@in_max+2
   861     07A5  3003               	movlw	3
   862     07A6  00B7               	movwf	map@in_max+1
   863     07A7  30FF               	movlw	255
   864     07A8  00B6               	movwf	map@in_max
   865     07A9  3000               	movlw	0
   866     07AA  00BD               	movwf	map@out_min+3
   867     07AB  3000               	movlw	0
   868     07AC  00BC               	movwf	map@out_min+2
   869     07AD  3000               	movlw	0
   870     07AE  00BB               	movwf	map@out_min+1
   871     07AF  3000               	movlw	0
   872     07B0  00BA               	movwf	map@out_min
   873     07B1  3000               	movlw	0
   874     07B2  00C1               	movwf	map@out_max+3
   875     07B3  3000               	movlw	0
   876     07B4  00C0               	movwf	map@out_max+2
   877     07B5  3000               	movlw	0
   878     07B6  00BF               	movwf	map@out_max+1
   879     07B7  3087               	movlw	135
   880     07B8  00BE               	movwf	map@out_max
   881     07B9  120A  118A  246A  120A  118A  	fcall	_map
   882     07BE  1283               	bcf	3,5	;RP0=0, select bank0
   883     07BF  1303               	bcf	3,6	;RP1=0, select bank0
   884     07C0  082F               	movf	?_map+1,w
   885     07C1  00D7               	movwf	_calibratedValue+1
   886     07C2  082E               	movf	?_map,w
   887     07C3  00D6               	movwf	_calibratedValue
   888     07C4                     l1152:
   889                           
   890                           ;main.c: 79:     _delay((unsigned long)((100)*(2000000/4000.0)));
   891     07C4  3000               	movlw	0
   892     07C5  0257               	subwf	_calibratedValue+1,w
   893     07C6  3086               	movlw	134
   894     07C7  1903               	skipnz
   895     07C8  0256               	subwf	_calibratedValue,w
   896     07C9  1C03               	skipc
   897     07CA  2FCC               	goto	u841
   898     07CB  2FCD               	goto	u840
   899     07CC                     u841:
   900     07CC  2FD1               	goto	l1156
   901     07CD                     u840:
   902     07CD                     l1154:
   903     07CD  3087               	movlw	135
   904     07CE  00D6               	movwf	_calibratedValue
   905     07CF  3000               	movlw	0
   906     07D0  00D7               	movwf	_calibratedValue+1
   907     07D1                     l1156:
   908                           
   909                           ;main.c: 80:     LcdCommand(0x38);
   910     07D1  30C4               	movlw	196
   911     07D2  120A  118A  231A  120A  118A  	fcall	_LcdCommand
   912     07D7                     l1158:
   913                           
   914                           ;main.c: 81:     _delay((unsigned long)((100)*(2000000/4000.0)));
   915     07D7  1283               	bcf	3,5	;RP0=0, select bank0
   916     07D8  1303               	bcf	3,6	;RP1=0, select bank0
   917     07D9  0857               	movf	_calibratedValue+1,w
   918     07DA  00FD               	movwf	LcdOutput@i+1
   919     07DB  0856               	movf	_calibratedValue,w
   920     07DC  00FC               	movwf	LcdOutput@i
   921     07DD  120A  118A  2590  120A  118A  	fcall	_LcdOutput
   922     07E2  2F03               	goto	l1124
   923     07E3  120A  118A  2800   	ljmp	start
   924     07E6                     __end_of_main:
   925                           
   926                           	psect	text1
   927     046A                     __ptext1:	
   928 ;; *************** function _map *****************
   929 ;; Defined at:
   930 ;;		line 136 in file "main.c"
   931 ;; Parameters:    Size  Location     Type
   932 ;;  x               4   14[BANK0 ] long 
   933 ;;  in_min          4   18[BANK0 ] long 
   934 ;;  in_max          4   22[BANK0 ] long 
   935 ;;  out_min         4   26[BANK0 ] long 
   936 ;;  out_max         4   30[BANK0 ] long 
   937 ;; Auto vars:     Size  Location     Type
   938 ;;		None
   939 ;; Return value:  Size  Location     Type
   940 ;;                  2   14[BANK0 ] unsigned short 
   941 ;; Registers used:
   942 ;;		wreg, status,2, status,0, pclath, cstack
   943 ;; Tracked objects:
   944 ;;		On entry : 0/0
   945 ;;		On exit  : 0/0
   946 ;;		Unchanged: 0/0
   947 ;; Data sizes:     COMMON   BANK0   BANK1   BANK3   BANK2
   948 ;;      Params:         0      20       0       0       0
   949 ;;      Locals:         0       0       0       0       0
   950 ;;      Temps:          0      12       0       0       0
   951 ;;      Totals:         0      32       0       0       0
   952 ;;Total ram usage:       32 bytes
   953 ;; Hardware stack levels used: 1
   954 ;; Hardware stack levels required when called: 1
   955 ;; This function calls:
   956 ;;		___aldiv
   957 ;;		___lmul
   958 ;; This function is called by:
   959 ;;		_main
   960 ;; This function uses a non-reentrant model
   961 ;;
   962                           
   963     046A                     _map:	
   964                           ;psect for function _map
   965                           
   966     046A                     l1092:	
   967                           ;incstack = 0
   968                           ; Regs used in _map: [wreg+status,2+status,0+pclath+cstack]
   969                           
   970                           
   971                           ;main.c: 137:         LcdData(0x20);
   972     046A  1283               	bcf	3,5	;RP0=0, select bank0
   973     046B  1303               	bcf	3,6	;RP1=0, select bank0
   974     046C  0836               	movf	map@in_max,w
   975     046D  00C2               	movwf	??_map
   976     046E  0837               	movf	map@in_max+1,w
   977     046F  00C3               	movwf	??_map+1
   978     0470  0838               	movf	map@in_max+2,w
   979     0471  00C4               	movwf	??_map+2
   980     0472  0839               	movf	map@in_max+3,w
   981     0473  00C5               	movwf	??_map+3
   982     0474  0832               	movf	map@in_min,w
   983     0475  02C2               	subwf	??_map,f
   984     0476  0833               	movf	map@in_min+1,w
   985     0477  1C03               	skipc
   986     0478  0F33               	incfsz	map@in_min+1,w
   987     0479  2C7B               	goto	u751
   988     047A  2C7C               	goto	u752
   989     047B                     u751:
   990     047B  02C3               	subwf	??_map+1,f
   991     047C                     u752:
   992     047C  0834               	movf	map@in_min+2,w
   993     047D  1C03               	skipc
   994     047E  0F34               	incfsz	map@in_min+2,w
   995     047F  2C81               	goto	u753
   996     0480  2C82               	goto	u754
   997     0481                     u753:
   998     0481  02C4               	subwf	??_map+2,f
   999     0482                     u754:
  1000     0482  0835               	movf	map@in_min+3,w
  1001     0483  1C03               	skipc
  1002     0484  0F35               	incfsz	map@in_min+3,w
  1003     0485  2C87               	goto	u755
  1004     0486  2C88               	goto	u756
  1005     0487                     u755:
  1006     0487  02C5               	subwf	??_map+3,f
  1007     0488                     u756:
  1008     0488  0845               	movf	??_map+3,w
  1009     0489  00A3               	movwf	___aldiv@divisor+3
  1010     048A  0844               	movf	??_map+2,w
  1011     048B  00A2               	movwf	___aldiv@divisor+2
  1012     048C  0843               	movf	??_map+1,w
  1013     048D  00A1               	movwf	___aldiv@divisor+1
  1014     048E  0842               	movf	??_map,w
  1015     048F  00A0               	movwf	___aldiv@divisor
  1016     0490  082E               	movf	map@x,w
  1017     0491  00C6               	movwf	??_map+4
  1018     0492  082F               	movf	map@x+1,w
  1019     0493  00C7               	movwf	??_map+5
  1020     0494  0830               	movf	map@x+2,w
  1021     0495  00C8               	movwf	??_map+6
  1022     0496  0831               	movf	map@x+3,w
  1023     0497  00C9               	movwf	??_map+7
  1024     0498  0832               	movf	map@in_min,w
  1025     0499  02C6               	subwf	??_map+4,f
  1026     049A  0833               	movf	map@in_min+1,w
  1027     049B  1C03               	skipc
  1028     049C  0F33               	incfsz	map@in_min+1,w
  1029     049D  2C9F               	goto	u761
  1030     049E  2CA0               	goto	u762
  1031     049F                     u761:
  1032     049F  02C7               	subwf	??_map+5,f
  1033     04A0                     u762:
  1034     04A0  0834               	movf	map@in_min+2,w
  1035     04A1  1C03               	skipc
  1036     04A2  0F34               	incfsz	map@in_min+2,w
  1037     04A3  2CA5               	goto	u763
  1038     04A4  2CA6               	goto	u764
  1039     04A5                     u763:
  1040     04A5  02C8               	subwf	??_map+6,f
  1041     04A6                     u764:
  1042     04A6  0835               	movf	map@in_min+3,w
  1043     04A7  1C03               	skipc
  1044     04A8  0F35               	incfsz	map@in_min+3,w
  1045     04A9  2CAB               	goto	u765
  1046     04AA  2CAC               	goto	u766
  1047     04AB                     u765:
  1048     04AB  02C9               	subwf	??_map+7,f
  1049     04AC                     u766:
  1050     04AC  0849               	movf	??_map+7,w
  1051     04AD  00F3               	movwf	___lmul@multiplier+3
  1052     04AE  0848               	movf	??_map+6,w
  1053     04AF  00F2               	movwf	___lmul@multiplier+2
  1054     04B0  0847               	movf	??_map+5,w
  1055     04B1  00F1               	movwf	___lmul@multiplier+1
  1056     04B2  0846               	movf	??_map+4,w
  1057     04B3  00F0               	movwf	___lmul@multiplier
  1058     04B4  083E               	movf	map@out_max,w
  1059     04B5  00CA               	movwf	??_map+8
  1060     04B6  083F               	movf	map@out_max+1,w
  1061     04B7  00CB               	movwf	??_map+9
  1062     04B8  0840               	movf	map@out_max+2,w
  1063     04B9  00CC               	movwf	??_map+10
  1064     04BA  0841               	movf	map@out_max+3,w
  1065     04BB  00CD               	movwf	??_map+11
  1066     04BC  083A               	movf	map@out_min,w
  1067     04BD  02CA               	subwf	??_map+8,f
  1068     04BE  083B               	movf	map@out_min+1,w
  1069     04BF  1C03               	skipc
  1070     04C0  0F3B               	incfsz	map@out_min+1,w
  1071     04C1  2CC3               	goto	u771
  1072     04C2  2CC4               	goto	u772
  1073     04C3                     u771:
  1074     04C3  02CB               	subwf	??_map+9,f
  1075     04C4                     u772:
  1076     04C4  083C               	movf	map@out_min+2,w
  1077     04C5  1C03               	skipc
  1078     04C6  0F3C               	incfsz	map@out_min+2,w
  1079     04C7  2CC9               	goto	u773
  1080     04C8  2CCA               	goto	u774
  1081     04C9                     u773:
  1082     04C9  02CC               	subwf	??_map+10,f
  1083     04CA                     u774:
  1084     04CA  083D               	movf	map@out_min+3,w
  1085     04CB  1C03               	skipc
  1086     04CC  0F3D               	incfsz	map@out_min+3,w
  1087     04CD  2CCF               	goto	u775
  1088     04CE  2CD0               	goto	u776
  1089     04CF                     u775:
  1090     04CF  02CD               	subwf	??_map+11,f
  1091     04D0                     u776:
  1092     04D0  084D               	movf	??_map+11,w
  1093     04D1  00F7               	movwf	___lmul@multiplicand+3
  1094     04D2  084C               	movf	??_map+10,w
  1095     04D3  00F6               	movwf	___lmul@multiplicand+2
  1096     04D4  084B               	movf	??_map+9,w
  1097     04D5  00F5               	movwf	___lmul@multiplicand+1
  1098     04D6  084A               	movf	??_map+8,w
  1099     04D7  00F4               	movwf	___lmul@multiplicand
  1100     04D8  120A  118A  23C1  120A  118A  	fcall	___lmul
  1101     04DD  0873               	movf	?___lmul+3,w
  1102     04DE  1283               	bcf	3,5	;RP0=0, select bank0
  1103     04DF  1303               	bcf	3,6	;RP1=0, select bank0
  1104     04E0  00A7               	movwf	___aldiv@dividend+3
  1105     04E1  0872               	movf	?___lmul+2,w
  1106     04E2  00A6               	movwf	___aldiv@dividend+2
  1107     04E3  0871               	movf	?___lmul+1,w
  1108     04E4  00A5               	movwf	___aldiv@dividend+1
  1109     04E5  0870               	movf	?___lmul,w
  1110     04E6  00A4               	movwf	___aldiv@dividend
  1111     04E7  120A  118A  24F7  120A  118A  	fcall	___aldiv
  1112     04EC  1283               	bcf	3,5	;RP0=0, select bank0
  1113     04ED  1303               	bcf	3,6	;RP1=0, select bank0
  1114     04EE  083A               	movf	map@out_min,w
  1115     04EF  0720               	addwf	?___aldiv,w
  1116     04F0  00AE               	movwf	?_map
  1117     04F1  083B               	movf	map@out_min+1,w
  1118     04F2  1803               	skipnc
  1119     04F3  0A3B               	incf	map@out_min+1,w
  1120     04F4  0721               	addwf	?___aldiv+1,w
  1121     04F5  00AF               	movwf	?_map+1
  1122     04F6                     l84:
  1123     04F6  0008               	return
  1124     04F7                     __end_of_map:
  1125                           
  1126                           	psect	text2
  1127     03C1                     __ptext2:	
  1128 ;; *************** function ___lmul *****************
  1129 ;; Defined at:
  1130 ;;		line 15 in file "D:\Program Files\Microchip\xc8\v3.00\pic\sources\c99\common\Umul32.c"
  1131 ;; Parameters:    Size  Location     Type
  1132 ;;  multiplier      4    0[COMMON] unsigned long 
  1133 ;;  multiplicand    4    4[COMMON] unsigned long 
  1134 ;; Auto vars:     Size  Location     Type
  1135 ;;  product         4    9[COMMON] unsigned long 
  1136 ;; Return value:  Size  Location     Type
  1137 ;;                  4    0[COMMON] unsigned long 
  1138 ;; Registers used:
  1139 ;;		wreg, status,2, status,0
  1140 ;; Tracked objects:
  1141 ;;		On entry : 0/0
  1142 ;;		On exit  : 0/0
  1143 ;;		Unchanged: 0/0
  1144 ;; Data sizes:     COMMON   BANK0   BANK1   BANK3   BANK2
  1145 ;;      Params:         8       0       0       0       0
  1146 ;;      Locals:         4       0       0       0       0
  1147 ;;      Temps:          1       0       0       0       0
  1148 ;;      Totals:        13       0       0       0       0
  1149 ;;Total ram usage:       13 bytes
  1150 ;; Hardware stack levels used: 1
  1151 ;; This function calls:
  1152 ;;		Nothing
  1153 ;; This function is called by:
  1154 ;;		_map
  1155 ;; This function uses a non-reentrant model
  1156 ;;
  1157                           
  1158     03C1                     ___lmul:	
  1159                           ;psect for function ___lmul
  1160                           
  1161     03C1                     l918:	
  1162                           ;incstack = 0
  1163                           ; Regs used in ___lmul: [wreg+status,2+status,0]
  1164                           
  1165     03C1  3000               	movlw	0
  1166     03C2  00FC               	movwf	___lmul@product+3
  1167     03C3  3000               	movlw	0
  1168     03C4  00FB               	movwf	___lmul@product+2
  1169     03C5  3000               	movlw	0
  1170     03C6  00FA               	movwf	___lmul@product+1
  1171     03C7  3000               	movlw	0
  1172     03C8  00F9               	movwf	___lmul@product
  1173     03C9                     l920:
  1174     03C9  1C70               	btfss	___lmul@multiplier,0
  1175     03CA  2BCC               	goto	u431
  1176     03CB  2BCD               	goto	u430
  1177     03CC                     u431:
  1178     03CC  2BE4               	goto	l924
  1179     03CD                     u430:
  1180     03CD                     l922:
  1181     03CD  0874               	movf	___lmul@multiplicand,w
  1182     03CE  07F9               	addwf	___lmul@product,f
  1183     03CF  0875               	movf	___lmul@multiplicand+1,w
  1184     03D0  1103               	clrz
  1185     03D1  1803               	skipnc
  1186     03D2  3E01               	addlw	1
  1187     03D3  1903               	skipnz
  1188     03D4  2BD6               	goto	u441
  1189     03D5  07FA               	addwf	___lmul@product+1,f
  1190     03D6                     u441:
  1191     03D6  0876               	movf	___lmul@multiplicand+2,w
  1192     03D7  1103               	clrz
  1193     03D8  1803               	skipnc
  1194     03D9  3E01               	addlw	1
  1195     03DA  1903               	skipnz
  1196     03DB  2BDD               	goto	u442
  1197     03DC  07FB               	addwf	___lmul@product+2,f
  1198     03DD                     u442:
  1199     03DD  0877               	movf	___lmul@multiplicand+3,w
  1200     03DE  1103               	clrz
  1201     03DF  1803               	skipnc
  1202     03E0  3E01               	addlw	1
  1203     03E1  1903               	skipnz
  1204     03E2  2BE4               	goto	u443
  1205     03E3  07FC               	addwf	___lmul@product+3,f
  1206     03E4                     u443:
  1207     03E4                     l924:
  1208     03E4  3001               	movlw	1
  1209     03E5  00F8               	movwf	??___lmul
  1210     03E6                     u455:
  1211     03E6  1003               	clrc
  1212     03E7  0DF4               	rlf	___lmul@multiplicand,f
  1213     03E8  0DF5               	rlf	___lmul@multiplicand+1,f
  1214     03E9  0DF6               	rlf	___lmul@multiplicand+2,f
  1215     03EA  0DF7               	rlf	___lmul@multiplicand+3,f
  1216     03EB  0BF8               	decfsz	??___lmul,f
  1217     03EC  2BE6               	goto	u455
  1218     03ED                     l926:
  1219     03ED  3001               	movlw	1
  1220     03EE                     u465:
  1221     03EE  1003               	clrc
  1222     03EF  0CF3               	rrf	___lmul@multiplier+3,f
  1223     03F0  0CF2               	rrf	___lmul@multiplier+2,f
  1224     03F1  0CF1               	rrf	___lmul@multiplier+1,f
  1225     03F2  0CF0               	rrf	___lmul@multiplier,f
  1226     03F3  3EFF               	addlw	-1
  1227     03F4  1D03               	skipz
  1228     03F5  2BEE               	goto	u465
  1229     03F6  0873               	movf	___lmul@multiplier+3,w
  1230     03F7  0472               	iorwf	___lmul@multiplier+2,w
  1231     03F8  0471               	iorwf	___lmul@multiplier+1,w
  1232     03F9  0470               	iorwf	___lmul@multiplier,w
  1233     03FA  1D03               	skipz
  1234     03FB  2BFD               	goto	u471
  1235     03FC  2BFE               	goto	u470
  1236     03FD                     u471:
  1237     03FD  2BC9               	goto	l920
  1238     03FE                     u470:
  1239     03FE                     l928:
  1240     03FE  087C               	movf	___lmul@product+3,w
  1241     03FF  00F3               	movwf	?___lmul+3
  1242     0400  087B               	movf	___lmul@product+2,w
  1243     0401  00F2               	movwf	?___lmul+2
  1244     0402  087A               	movf	___lmul@product+1,w
  1245     0403  00F1               	movwf	?___lmul+1
  1246     0404  0879               	movf	___lmul@product,w
  1247     0405  00F0               	movwf	?___lmul
  1248     0406                     l200:
  1249     0406  0008               	return
  1250     0407                     __end_of___lmul:
  1251                           
  1252                           	psect	text3
  1253     04F7                     __ptext3:	
  1254 ;; *************** function ___aldiv *****************
  1255 ;; Defined at:
  1256 ;;		line 5 in file "D:\Program Files\Microchip\xc8\v3.00\pic\sources\c99\common\aldiv.c"
  1257 ;; Parameters:    Size  Location     Type
  1258 ;;  divisor         4    0[BANK0 ] long 
  1259 ;;  dividend        4    4[BANK0 ] long 
  1260 ;; Auto vars:     Size  Location     Type
  1261 ;;  quotient        4   10[BANK0 ] long 
  1262 ;;  sign            1    9[BANK0 ] unsigned char 
  1263 ;;  counter         1    8[BANK0 ] unsigned char 
  1264 ;; Return value:  Size  Location     Type
  1265 ;;                  4    0[BANK0 ] long 
  1266 ;; Registers used:
  1267 ;;		wreg, status,2, status,0
  1268 ;; Tracked objects:
  1269 ;;		On entry : 0/0
  1270 ;;		On exit  : 0/0
  1271 ;;		Unchanged: 0/0
  1272 ;; Data sizes:     COMMON   BANK0   BANK1   BANK3   BANK2
  1273 ;;      Params:         0       8       0       0       0
  1274 ;;      Locals:         0       6       0       0       0
  1275 ;;      Temps:          1       0       0       0       0
  1276 ;;      Totals:         1      14       0       0       0
  1277 ;;Total ram usage:       15 bytes
  1278 ;; Hardware stack levels used: 1
  1279 ;; This function calls:
  1280 ;;		Nothing
  1281 ;; This function is called by:
  1282 ;;		_map
  1283 ;; This function uses a non-reentrant model
  1284 ;;
  1285                           
  1286     04F7                     ___aldiv:	
  1287                           ;psect for function ___aldiv
  1288                           
  1289     04F7                     l932:	
  1290                           ;incstack = 0
  1291                           ; Regs used in ___aldiv: [wreg+status,2+status,0]
  1292                           
  1293     04F7  1283               	bcf	3,5	;RP0=0, select bank0
  1294     04F8  1303               	bcf	3,6	;RP1=0, select bank0
  1295     04F9  01A9               	clrf	___aldiv@sign
  1296     04FA                     l934:
  1297     04FA  1FA3               	btfss	___aldiv@divisor+3,7
  1298     04FB  2CFD               	goto	u481
  1299     04FC  2CFE               	goto	u480
  1300     04FD                     u481:
  1301     04FD  2D0B               	goto	l251
  1302     04FE                     u480:
  1303     04FE                     l936:
  1304     04FE  09A0               	comf	___aldiv@divisor,f
  1305     04FF  09A1               	comf	___aldiv@divisor+1,f
  1306     0500  09A2               	comf	___aldiv@divisor+2,f
  1307     0501  09A3               	comf	___aldiv@divisor+3,f
  1308     0502  0AA0               	incf	___aldiv@divisor,f
  1309     0503  1903               	skipnz
  1310     0504  0AA1               	incf	___aldiv@divisor+1,f
  1311     0505  1903               	skipnz
  1312     0506  0AA2               	incf	___aldiv@divisor+2,f
  1313     0507  1903               	skipnz
  1314     0508  0AA3               	incf	___aldiv@divisor+3,f
  1315     0509  3001               	movlw	1
  1316     050A  00A9               	movwf	___aldiv@sign
  1317     050B                     l251:
  1318     050B  1FA7               	btfss	___aldiv@dividend+3,7
  1319     050C  2D0E               	goto	u491
  1320     050D  2D0F               	goto	u490
  1321     050E                     u491:
  1322     050E  2D1C               	goto	l942
  1323     050F                     u490:
  1324     050F                     l938:
  1325     050F  09A4               	comf	___aldiv@dividend,f
  1326     0510  09A5               	comf	___aldiv@dividend+1,f
  1327     0511  09A6               	comf	___aldiv@dividend+2,f
  1328     0512  09A7               	comf	___aldiv@dividend+3,f
  1329     0513  0AA4               	incf	___aldiv@dividend,f
  1330     0514  1903               	skipnz
  1331     0515  0AA5               	incf	___aldiv@dividend+1,f
  1332     0516  1903               	skipnz
  1333     0517  0AA6               	incf	___aldiv@dividend+2,f
  1334     0518  1903               	skipnz
  1335     0519  0AA7               	incf	___aldiv@dividend+3,f
  1336     051A                     l940:
  1337     051A  3001               	movlw	1
  1338     051B  06A9               	xorwf	___aldiv@sign,f
  1339     051C                     l942:
  1340     051C  3000               	movlw	0
  1341     051D  00AD               	movwf	___aldiv@quotient+3
  1342     051E  3000               	movlw	0
  1343     051F  00AC               	movwf	___aldiv@quotient+2
  1344     0520  3000               	movlw	0
  1345     0521  00AB               	movwf	___aldiv@quotient+1
  1346     0522  3000               	movlw	0
  1347     0523  00AA               	movwf	___aldiv@quotient
  1348     0524                     l944:
  1349     0524  0823               	movf	___aldiv@divisor+3,w
  1350     0525  0422               	iorwf	___aldiv@divisor+2,w
  1351     0526  0421               	iorwf	___aldiv@divisor+1,w
  1352     0527  0420               	iorwf	___aldiv@divisor,w
  1353     0528  1903               	skipnz
  1354     0529  2D2B               	goto	u501
  1355     052A  2D2C               	goto	u500
  1356     052B                     u501:
  1357     052B  2D77               	goto	l964
  1358     052C                     u500:
  1359     052C                     l946:
  1360     052C  3001               	movlw	1
  1361     052D  00A8               	movwf	___aldiv@counter
  1362     052E  2D3A               	goto	l950
  1363     052F                     l948:
  1364     052F  3001               	movlw	1
  1365     0530  00FD               	movwf	??___aldiv
  1366     0531                     u515:
  1367     0531  1003               	clrc
  1368     0532  0DA0               	rlf	___aldiv@divisor,f
  1369     0533  0DA1               	rlf	___aldiv@divisor+1,f
  1370     0534  0DA2               	rlf	___aldiv@divisor+2,f
  1371     0535  0DA3               	rlf	___aldiv@divisor+3,f
  1372     0536  0BFD               	decfsz	??___aldiv,f
  1373     0537  2D31               	goto	u515
  1374     0538  3001               	movlw	1
  1375     0539  07A8               	addwf	___aldiv@counter,f
  1376     053A                     l950:
  1377     053A  1FA3               	btfss	___aldiv@divisor+3,7
  1378     053B  2D3D               	goto	u521
  1379     053C  2D3E               	goto	u520
  1380     053D                     u521:
  1381     053D  2D2F               	goto	l948
  1382     053E                     u520:
  1383     053E                     l952:
  1384     053E  3001               	movlw	1
  1385     053F  00FD               	movwf	??___aldiv
  1386     0540                     u535:
  1387     0540  1003               	clrc
  1388     0541  0DAA               	rlf	___aldiv@quotient,f
  1389     0542  0DAB               	rlf	___aldiv@quotient+1,f
  1390     0543  0DAC               	rlf	___aldiv@quotient+2,f
  1391     0544  0DAD               	rlf	___aldiv@quotient+3,f
  1392     0545  0BFD               	decfsz	??___aldiv,f
  1393     0546  2D40               	goto	u535
  1394     0547                     l954:
  1395     0547  0823               	movf	___aldiv@divisor+3,w
  1396     0548  0227               	subwf	___aldiv@dividend+3,w
  1397     0549  1D03               	skipz
  1398     054A  2D55               	goto	u545
  1399     054B  0822               	movf	___aldiv@divisor+2,w
  1400     054C  0226               	subwf	___aldiv@dividend+2,w
  1401     054D  1D03               	skipz
  1402     054E  2D55               	goto	u545
  1403     054F  0821               	movf	___aldiv@divisor+1,w
  1404     0550  0225               	subwf	___aldiv@dividend+1,w
  1405     0551  1D03               	skipz
  1406     0552  2D55               	goto	u545
  1407     0553  0820               	movf	___aldiv@divisor,w
  1408     0554  0224               	subwf	___aldiv@dividend,w
  1409     0555                     u545:
  1410     0555  1C03               	skipc
  1411     0556  2D58               	goto	u541
  1412     0557  2D59               	goto	u540
  1413     0558                     u541:
  1414     0558  2D68               	goto	l960
  1415     0559                     u540:
  1416     0559                     l956:
  1417     0559  0820               	movf	___aldiv@divisor,w
  1418     055A  02A4               	subwf	___aldiv@dividend,f
  1419     055B  0821               	movf	___aldiv@divisor+1,w
  1420     055C  1C03               	skipc
  1421     055D  0F21               	incfsz	___aldiv@divisor+1,w
  1422     055E  02A5               	subwf	___aldiv@dividend+1,f
  1423     055F  0822               	movf	___aldiv@divisor+2,w
  1424     0560  1C03               	skipc
  1425     0561  0F22               	incfsz	___aldiv@divisor+2,w
  1426     0562  02A6               	subwf	___aldiv@dividend+2,f
  1427     0563  0823               	movf	___aldiv@divisor+3,w
  1428     0564  1C03               	skipc
  1429     0565  0F23               	incfsz	___aldiv@divisor+3,w
  1430     0566  02A7               	subwf	___aldiv@dividend+3,f
  1431     0567                     l958:
  1432     0567  142A               	bsf	___aldiv@quotient,0
  1433     0568                     l960:
  1434     0568  3001               	movlw	1
  1435     0569                     u555:
  1436     0569  1003               	clrc
  1437     056A  0CA3               	rrf	___aldiv@divisor+3,f
  1438     056B  0CA2               	rrf	___aldiv@divisor+2,f
  1439     056C  0CA1               	rrf	___aldiv@divisor+1,f
  1440     056D  0CA0               	rrf	___aldiv@divisor,f
  1441     056E  3EFF               	addlw	-1
  1442     056F  1D03               	skipz
  1443     0570  2D69               	goto	u555
  1444     0571                     l962:
  1445     0571  3001               	movlw	1
  1446     0572  02A8               	subwf	___aldiv@counter,f
  1447     0573  1D03               	btfss	3,2
  1448     0574  2D76               	goto	u561
  1449     0575  2D77               	goto	u560
  1450     0576                     u561:
  1451     0576  2D3E               	goto	l952
  1452     0577                     u560:
  1453     0577                     l964:
  1454     0577  0829               	movf	___aldiv@sign,w
  1455     0578  1903               	btfsc	3,2
  1456     0579  2D7B               	goto	u571
  1457     057A  2D7C               	goto	u570
  1458     057B                     u571:
  1459     057B  2D87               	goto	l968
  1460     057C                     u570:
  1461     057C                     l966:
  1462     057C  09AA               	comf	___aldiv@quotient,f
  1463     057D  09AB               	comf	___aldiv@quotient+1,f
  1464     057E  09AC               	comf	___aldiv@quotient+2,f
  1465     057F  09AD               	comf	___aldiv@quotient+3,f
  1466     0580  0AAA               	incf	___aldiv@quotient,f
  1467     0581  1903               	skipnz
  1468     0582  0AAB               	incf	___aldiv@quotient+1,f
  1469     0583  1903               	skipnz
  1470     0584  0AAC               	incf	___aldiv@quotient+2,f
  1471     0585  1903               	skipnz
  1472     0586  0AAD               	incf	___aldiv@quotient+3,f
  1473     0587                     l968:
  1474     0587  082D               	movf	___aldiv@quotient+3,w
  1475     0588  00A3               	movwf	?___aldiv+3
  1476     0589  082C               	movf	___aldiv@quotient+2,w
  1477     058A  00A2               	movwf	?___aldiv+2
  1478     058B  082B               	movf	___aldiv@quotient+1,w
  1479     058C  00A1               	movwf	?___aldiv+1
  1480     058D  082A               	movf	___aldiv@quotient,w
  1481     058E  00A0               	movwf	?___aldiv
  1482     058F                     l261:
  1483     058F  0008               	return
  1484     0590                     __end_of___aldiv:
  1485                           
  1486                           	psect	text4
  1487     0330                     __ptext4:	
  1488 ;; *************** function _adcInit *****************
  1489 ;; Defined at:
  1490 ;;		line 110 in file "main.c"
  1491 ;; Parameters:    Size  Location     Type
  1492 ;;		None
  1493 ;; Auto vars:     Size  Location     Type
  1494 ;;		None
  1495 ;; Return value:  Size  Location     Type
  1496 ;;                  1    wreg      void 
  1497 ;; Registers used:
  1498 ;;		wreg, status,2
  1499 ;; Tracked objects:
  1500 ;;		On entry : 0/0
  1501 ;;		On exit  : 0/0
  1502 ;;		Unchanged: 0/0
  1503 ;; Data sizes:     COMMON   BANK0   BANK1   BANK3   BANK2
  1504 ;;      Params:         0       0       0       0       0
  1505 ;;      Locals:         0       0       0       0       0
  1506 ;;      Temps:          2       0       0       0       0
  1507 ;;      Totals:         2       0       0       0       0
  1508 ;;Total ram usage:        2 bytes
  1509 ;; Hardware stack levels used: 1
  1510 ;; This function calls:
  1511 ;;		Nothing
  1512 ;; This function is called by:
  1513 ;;		_main
  1514 ;; This function uses a non-reentrant model
  1515 ;;
  1516                           
  1517     0330                     _adcInit:	
  1518                           ;psect for function _adcInit
  1519                           
  1520     0330                     l1046:	
  1521                           ;incstack = 0
  1522                           ; Regs used in _adcInit: [wreg+status,2]
  1523                           
  1524                           
  1525                           ;main.c: 112: }
  1526     0330  30FF               	movlw	255
  1527     0331  1683               	bsf	3,5	;RP0=1, select bank1
  1528     0332  1303               	bcf	3,6	;RP1=0, select bank1
  1529     0333  0085               	movwf	5	;volatile
  1530     0334                     l1048:
  1531                           
  1532                           ;main.c: 113: 
  1533     0334  1283               	bcf	3,5	;RP0=0, select bank0
  1534     0335  1303               	bcf	3,6	;RP1=0, select bank0
  1535     0336  019F               	clrf	31	;volatile
  1536     0337                     l1050:
  1537                           
  1538                           ;main.c: 114: 
  1539     0337  3089               	movlw	137
  1540     0338  1683               	bsf	3,5	;RP0=1, select bank1
  1541     0339  1303               	bcf	3,6	;RP1=0, select bank1
  1542     033A  009F               	movwf	31	;volatile
  1543     033B                     l1052:
  1544                           
  1545                           ;main.c: 115: uint16_t map(long x, long in_min, long in_max, long out_min, long out_max)
      +                           {
  1546     033B  1283               	bcf	3,5	;RP0=0, select bank0
  1547     033C  1303               	bcf	3,6	;RP1=0, select bank0
  1548     033D  141F               	bsf	31,0	;volatile
  1549     033E                     l1054:
  1550                           
  1551                           ;main.c: 116:   return (x - in_min) * (out_max - out_min) / (in_max - in_min) + out_min;
  1552     033E  3007               	movlw	7
  1553     033F  00F1               	movwf	??_adcInit+1
  1554     0340  307D               	movlw	125
  1555     0341  00F0               	movwf	??_adcInit
  1556     0342                     u887:
  1557     0342  0BF0               	decfsz	??_adcInit,f
  1558     0343  2B42               	goto	u887
  1559     0344  0BF1               	decfsz	??_adcInit+1,f
  1560     0345  2B42               	goto	u887
  1561     0346                     l75:
  1562     0346  0008               	return
  1563     0347                     __end_of_adcInit:
  1564                           
  1565                           	psect	text5
  1566     0590                     __ptext5:	
  1567 ;; *************** function _LcdOutput *****************
  1568 ;; Defined at:
  1569 ;;		line 141 in file "main.c"
  1570 ;; Parameters:    Size  Location     Type
  1571 ;;  i               2   12[COMMON] unsigned short 
  1572 ;; Auto vars:     Size  Location     Type
  1573 ;;  d_0             1    3[BANK0 ] unsigned char 
  1574 ;;  d_1             1    2[BANK0 ] unsigned char 
  1575 ;;  d_2             1    1[BANK0 ] unsigned char 
  1576 ;;  d_3             1    0[BANK0 ] unsigned char 
  1577 ;; Return value:  Size  Location     Type
  1578 ;;                  1    wreg      void 
  1579 ;; Registers used:
  1580 ;;		wreg, status,2, status,0, pclath, cstack
  1581 ;; Tracked objects:
  1582 ;;		On entry : 0/0
  1583 ;;		On exit  : 0/0
  1584 ;;		Unchanged: 0/0
  1585 ;; Data sizes:     COMMON   BANK0   BANK1   BANK3   BANK2
  1586 ;;      Params:         2       0       0       0       0
  1587 ;;      Locals:         0       4       0       0       0
  1588 ;;      Temps:          0       0       0       0       0
  1589 ;;      Totals:         2       4       0       0       0
  1590 ;;Total ram usage:        6 bytes
  1591 ;; Hardware stack levels used: 1
  1592 ;; Hardware stack levels required when called: 1
  1593 ;; This function calls:
  1594 ;;		_LcdData
  1595 ;;		___lwdiv
  1596 ;;		___lwmod
  1597 ;; This function is called by:
  1598 ;;		_main
  1599 ;; This function uses a non-reentrant model
  1600 ;;
  1601                           
  1602     0590                     _LcdOutput:	
  1603                           ;psect for function _LcdOutput
  1604                           
  1605     0590                     l1062:	
  1606                           ;incstack = 0
  1607                           ; Regs used in _LcdOutput: [wreg+status,2+status,0+pclath+cstack]
  1608                           
  1609                           
  1610                           ;main.c: 141:     }else if(i < 1000){;main.c: 142:         LcdData(0x20);;main.c: 143:  
      +                                 LcdData(0x30 + d_2);;main.c: 145:         LcdData(0x30 + d_0);
  1611     0590  3004               	movlw	4
  1612     0591  027D               	subwf	LcdOutput@i+1,w
  1613     0592  3000               	movlw	0
  1614     0593  1903               	skipnz
  1615     0594  027C               	subwf	LcdOutput@i,w
  1616     0595  1C03               	skipc
  1617     0596  2D98               	goto	u711
  1618     0597  2D99               	goto	u710
  1619     0598                     u711:
  1620     0598  2D9D               	goto	l1066
  1621     0599                     u710:
  1622     0599                     l1064:
  1623     0599  30FF               	movlw	255
  1624     059A  00FC               	movwf	LcdOutput@i
  1625     059B  3003               	movlw	3
  1626     059C  00FD               	movwf	LcdOutput@i+1
  1627     059D                     l1066:
  1628                           
  1629                           ;main.c: 147:         LcdData(0x30 + d_3);
  1630     059D  300A               	movlw	10
  1631     059E  00F7               	movwf	___lwmod@divisor
  1632     059F  3000               	movlw	0
  1633     05A0  00F8               	movwf	___lwmod@divisor+1
  1634     05A1  087D               	movf	LcdOutput@i+1,w
  1635     05A2  00FA               	movwf	___lwmod@dividend+1
  1636     05A3  087C               	movf	LcdOutput@i,w
  1637     05A4  00F9               	movwf	___lwmod@dividend
  1638     05A5  120A  118A  2347  120A  118A  	fcall	___lwmod
  1639     05AA  0877               	movf	?___lwmod,w
  1640     05AB  1283               	bcf	3,5	;RP0=0, select bank0
  1641     05AC  1303               	bcf	3,6	;RP1=0, select bank0
  1642     05AD  00A3               	movwf	LcdOutput@d_0
  1643     05AE                     l1068:
  1644                           
  1645                           ;main.c: 148:         LcdData(0x30 + d_2);
  1646     05AE  300A               	movlw	10
  1647     05AF  00F7               	movwf	___lwmod@divisor
  1648     05B0  3000               	movlw	0
  1649     05B1  00F8               	movwf	___lwmod@divisor+1
  1650     05B2  300A               	movlw	10
  1651     05B3  00F0               	movwf	___lwdiv@divisor
  1652     05B4  3000               	movlw	0
  1653     05B5  00F1               	movwf	___lwdiv@divisor+1
  1654     05B6  087D               	movf	LcdOutput@i+1,w
  1655     05B7  00F3               	movwf	___lwdiv@dividend+1
  1656     05B8  087C               	movf	LcdOutput@i,w
  1657     05B9  00F2               	movwf	___lwdiv@dividend
  1658     05BA  120A  118A  237F  120A  118A  	fcall	___lwdiv
  1659     05BF  0871               	movf	?___lwdiv+1,w
  1660     05C0  00FA               	movwf	___lwmod@dividend+1
  1661     05C1  0870               	movf	?___lwdiv,w
  1662     05C2  00F9               	movwf	___lwmod@dividend
  1663     05C3  120A  118A  2347  120A  118A  	fcall	___lwmod
  1664     05C8  0877               	movf	?___lwmod,w
  1665     05C9  1283               	bcf	3,5	;RP0=0, select bank0
  1666     05CA  1303               	bcf	3,6	;RP1=0, select bank0
  1667     05CB  00A2               	movwf	LcdOutput@d_1
  1668     05CC                     l1070:
  1669                           
  1670                           ;main.c: 149:         LcdData(0x30 + d_1);
  1671     05CC  300A               	movlw	10
  1672     05CD  00F7               	movwf	___lwmod@divisor
  1673     05CE  3000               	movlw	0
  1674     05CF  00F8               	movwf	___lwmod@divisor+1
  1675     05D0  3064               	movlw	100
  1676     05D1  00F0               	movwf	___lwdiv@divisor
  1677     05D2  3000               	movlw	0
  1678     05D3  00F1               	movwf	___lwdiv@divisor+1
  1679     05D4  087D               	movf	LcdOutput@i+1,w
  1680     05D5  00F3               	movwf	___lwdiv@dividend+1
  1681     05D6  087C               	movf	LcdOutput@i,w
  1682     05D7  00F2               	movwf	___lwdiv@dividend
  1683     05D8  120A  118A  237F  120A  118A  	fcall	___lwdiv
  1684     05DD  0871               	movf	?___lwdiv+1,w
  1685     05DE  00FA               	movwf	___lwmod@dividend+1
  1686     05DF  0870               	movf	?___lwdiv,w
  1687     05E0  00F9               	movwf	___lwmod@dividend
  1688     05E1  120A  118A  2347  120A  118A  	fcall	___lwmod
  1689     05E6  0877               	movf	?___lwmod,w
  1690     05E7  1283               	bcf	3,5	;RP0=0, select bank0
  1691     05E8  1303               	bcf	3,6	;RP1=0, select bank0
  1692     05E9  00A1               	movwf	LcdOutput@d_2
  1693     05EA                     l1072:
  1694                           
  1695                           ;main.c: 150:         LcdData(0x30 + d_0);
  1696     05EA  300A               	movlw	10
  1697     05EB  00F7               	movwf	___lwmod@divisor
  1698     05EC  3000               	movlw	0
  1699     05ED  00F8               	movwf	___lwmod@divisor+1
  1700     05EE  30E8               	movlw	232
  1701     05EF  00F0               	movwf	___lwdiv@divisor
  1702     05F0  3003               	movlw	3
  1703     05F1  00F1               	movwf	___lwdiv@divisor+1
  1704     05F2  087D               	movf	LcdOutput@i+1,w
  1705     05F3  00F3               	movwf	___lwdiv@dividend+1
  1706     05F4  087C               	movf	LcdOutput@i,w
  1707     05F5  00F2               	movwf	___lwdiv@dividend
  1708     05F6  120A  118A  237F  120A  118A  	fcall	___lwdiv
  1709     05FB  0871               	movf	?___lwdiv+1,w
  1710     05FC  00FA               	movwf	___lwmod@dividend+1
  1711     05FD  0870               	movf	?___lwdiv,w
  1712     05FE  00F9               	movwf	___lwmod@dividend
  1713     05FF  120A  118A  2347  120A  118A  	fcall	___lwmod
  1714     0604  0877               	movf	?___lwmod,w
  1715     0605  1283               	bcf	3,5	;RP0=0, select bank0
  1716     0606  1303               	bcf	3,6	;RP1=0, select bank0
  1717     0607  00A0               	movwf	LcdOutput@d_3
  1718                           
  1719                           ;main.c: 152: }
  1720     0608  3000               	movlw	0
  1721     0609  027D               	subwf	LcdOutput@i+1,w
  1722     060A  300A               	movlw	10
  1723     060B  1903               	skipnz
  1724     060C  027C               	subwf	LcdOutput@i,w
  1725     060D  1803               	skipnc
  1726     060E  2E10               	goto	u721
  1727     060F  2E11               	goto	u720
  1728     0610                     u721:
  1729     0610  2E2D               	goto	l1076
  1730     0611                     u720:
  1731     0611                     l1074:
  1732                           
  1733                           ;main.c: 153: 
  1734     0611  3020               	movlw	32
  1735     0612  120A  118A  2305  120A  118A  	fcall	_LcdData
  1736                           
  1737                           ;main.c: 154: 
  1738     0617  3020               	movlw	32
  1739     0618  120A  118A  2305  120A  118A  	fcall	_LcdData
  1740                           
  1741                           ;main.c: 155: void LcdData(uint8_t i) {
  1742     061D  3020               	movlw	32
  1743     061E  120A  118A  2305  120A  118A  	fcall	_LcdData
  1744                           
  1745                           ;main.c: 156:     PORTC |= (0x1 << 3);
  1746     0623  1283               	bcf	3,5	;RP0=0, select bank0
  1747     0624  1303               	bcf	3,6	;RP1=0, select bank0
  1748     0625  0823               	movf	LcdOutput@d_0,w
  1749     0626  3E30               	addlw	48
  1750     0627  120A  118A  2305  120A  118A  	fcall	_LcdData
  1751                           
  1752                           ;main.c: 157:     PORTD = i;
  1753     062C  2EA2               	goto	l94
  1754     062D                     l1076:
  1755     062D  3000               	movlw	0
  1756     062E  027D               	subwf	LcdOutput@i+1,w
  1757     062F  3064               	movlw	100
  1758     0630  1903               	skipnz
  1759     0631  027C               	subwf	LcdOutput@i,w
  1760     0632  1803               	skipnc
  1761     0633  2E35               	goto	u731
  1762     0634  2E36               	goto	u730
  1763     0635                     u731:
  1764     0635  2E55               	goto	l1080
  1765     0636                     u730:
  1766     0636                     l1078:
  1767                           
  1768                           ;main.c: 158:     PORTC |= (0x1 << 0);
  1769     0636  3020               	movlw	32
  1770     0637  120A  118A  2305  120A  118A  	fcall	_LcdData
  1771                           
  1772                           ;main.c: 159:     _delay((unsigned long)((100)*(2000000/4000.0)));
  1773     063C  3020               	movlw	32
  1774     063D  120A  118A  2305  120A  118A  	fcall	_LcdData
  1775                           
  1776                           ;main.c: 160:     PORTC &= ~(0x1 << 0);
  1777     0642  1283               	bcf	3,5	;RP0=0, select bank0
  1778     0643  1303               	bcf	3,6	;RP1=0, select bank0
  1779     0644  0822               	movf	LcdOutput@d_1,w
  1780     0645  3E30               	addlw	48
  1781     0646  120A  118A  2305  120A  118A  	fcall	_LcdData
  1782                           
  1783                           ;main.c: 161: }
  1784     064B  1283               	bcf	3,5	;RP0=0, select bank0
  1785     064C  1303               	bcf	3,6	;RP1=0, select bank0
  1786     064D  0823               	movf	LcdOutput@d_0,w
  1787     064E  3E30               	addlw	48
  1788     064F  120A  118A  2305  120A  118A  	fcall	_LcdData
  1789                           
  1790                           ;main.c: 162: 
  1791     0654  2EA2               	goto	l94
  1792     0655                     l1080:
  1793     0655  3003               	movlw	3
  1794     0656  027D               	subwf	LcdOutput@i+1,w
  1795     0657  30E8               	movlw	232
  1796     0658  1903               	skipnz
  1797     0659  027C               	subwf	LcdOutput@i,w
  1798     065A  1803               	skipnc
  1799     065B  2E5D               	goto	u741
  1800     065C  2E5E               	goto	u740
  1801     065D                     u741:
  1802     065D  2E80               	goto	l1084
  1803     065E                     u740:
  1804     065E                     l1082:
  1805                           
  1806                           ;main.c: 163: 
  1807     065E  3020               	movlw	32
  1808     065F  120A  118A  2305  120A  118A  	fcall	_LcdData
  1809                           
  1810                           ;main.c: 164: void LcdCommand(uint8_t i) {
  1811     0664  1283               	bcf	3,5	;RP0=0, select bank0
  1812     0665  1303               	bcf	3,6	;RP1=0, select bank0
  1813     0666  0821               	movf	LcdOutput@d_2,w
  1814     0667  3E30               	addlw	48
  1815     0668  120A  118A  2305  120A  118A  	fcall	_LcdData
  1816                           
  1817                           ;main.c: 165:     PORTC &= ~(0x1 << 3);
  1818     066D  1283               	bcf	3,5	;RP0=0, select bank0
  1819     066E  1303               	bcf	3,6	;RP1=0, select bank0
  1820     066F  0822               	movf	LcdOutput@d_1,w
  1821     0670  3E30               	addlw	48
  1822     0671  120A  118A  2305  120A  118A  	fcall	_LcdData
  1823                           
  1824                           ;main.c: 166:     PORTD = i;
  1825     0676  1283               	bcf	3,5	;RP0=0, select bank0
  1826     0677  1303               	bcf	3,6	;RP1=0, select bank0
  1827     0678  0823               	movf	LcdOutput@d_0,w
  1828     0679  3E30               	addlw	48
  1829     067A  120A  118A  2305  120A  118A  	fcall	_LcdData
  1830                           
  1831                           ;main.c: 167:     PORTC |= (0x1 << 0);
  1832     067F  2EA2               	goto	l94
  1833     0680                     l1084:
  1834                           
  1835                           ;main.c: 168:     _delay((unsigned long)((100)*(2000000/4000.0)));
  1836     0680  0820               	movf	LcdOutput@d_3,w
  1837     0681  3E30               	addlw	48
  1838     0682  120A  118A  2305  120A  118A  	fcall	_LcdData
  1839                           
  1840                           ;main.c: 169:     PORTC &= ~(0x1 << 0);
  1841     0687  1283               	bcf	3,5	;RP0=0, select bank0
  1842     0688  1303               	bcf	3,6	;RP1=0, select bank0
  1843     0689  0821               	movf	LcdOutput@d_2,w
  1844     068A  3E30               	addlw	48
  1845     068B  120A  118A  2305  120A  118A  	fcall	_LcdData
  1846                           
  1847                           ;main.c: 170: }
  1848     0690  1283               	bcf	3,5	;RP0=0, select bank0
  1849     0691  1303               	bcf	3,6	;RP1=0, select bank0
  1850     0692  0822               	movf	LcdOutput@d_1,w
  1851     0693  3E30               	addlw	48
  1852     0694  120A  118A  2305  120A  118A  	fcall	_LcdData
  1853     0699  1283               	bcf	3,5	;RP0=0, select bank0
  1854     069A  1303               	bcf	3,6	;RP1=0, select bank0
  1855     069B  0823               	movf	LcdOutput@d_0,w
  1856     069C  3E30               	addlw	48
  1857     069D  120A  118A  2305  120A  118A  	fcall	_LcdData
  1858     06A2                     l94:
  1859     06A2  0008               	return
  1860     06A3                     __end_of_LcdOutput:
  1861                           
  1862                           	psect	text6
  1863     0347                     __ptext6:	
  1864 ;; *************** function ___lwmod *****************
  1865 ;; Defined at:
  1866 ;;		line 5 in file "D:\Program Files\Microchip\xc8\v3.00\pic\sources\c99\common\lwmod.c"
  1867 ;; Parameters:    Size  Location     Type
  1868 ;;  divisor         2    7[COMMON] unsigned int 
  1869 ;;  dividend        2    9[COMMON] unsigned int 
  1870 ;; Auto vars:     Size  Location     Type
  1871 ;;  counter         1   11[COMMON] unsigned char 
  1872 ;; Return value:  Size  Location     Type
  1873 ;;                  2    7[COMMON] unsigned int 
  1874 ;; Registers used:
  1875 ;;		wreg, status,2, status,0
  1876 ;; Tracked objects:
  1877 ;;		On entry : 0/0
  1878 ;;		On exit  : 0/0
  1879 ;;		Unchanged: 0/0
  1880 ;; Data sizes:     COMMON   BANK0   BANK1   BANK3   BANK2
  1881 ;;      Params:         4       0       0       0       0
  1882 ;;      Locals:         1       0       0       0       0
  1883 ;;      Temps:          0       0       0       0       0
  1884 ;;      Totals:         5       0       0       0       0
  1885 ;;Total ram usage:        5 bytes
  1886 ;; Hardware stack levels used: 1
  1887 ;; This function calls:
  1888 ;;		Nothing
  1889 ;; This function is called by:
  1890 ;;		_LcdOutput
  1891 ;; This function uses a non-reentrant model
  1892 ;;
  1893                           
  1894     0347                     ___lwmod:	
  1895                           ;psect for function ___lwmod
  1896                           
  1897     0347                     l998:	
  1898                           ;incstack = 0
  1899                           ; Regs used in ___lwmod: [wreg+status,2+status,0]
  1900                           
  1901     0347  0877               	movf	___lwmod@divisor,w
  1902     0348  0478               	iorwf	___lwmod@divisor+1,w
  1903     0349  1903               	btfsc	3,2
  1904     034A  2B4C               	goto	u651
  1905     034B  2B4D               	goto	u650
  1906     034C                     u651:
  1907     034C  2B7A               	goto	l1016
  1908     034D                     u650:
  1909     034D                     l1000:
  1910     034D  3001               	movlw	1
  1911     034E  00FB               	movwf	___lwmod@counter
  1912     034F  2B59               	goto	l1006
  1913     0350                     l1002:
  1914     0350  3001               	movlw	1
  1915     0351                     u665:
  1916     0351  1003               	clrc
  1917     0352  0DF7               	rlf	___lwmod@divisor,f
  1918     0353  0DF8               	rlf	___lwmod@divisor+1,f
  1919     0354  3EFF               	addlw	-1
  1920     0355  1D03               	skipz
  1921     0356  2B51               	goto	u665
  1922     0357                     l1004:
  1923     0357  3001               	movlw	1
  1924     0358  07FB               	addwf	___lwmod@counter,f
  1925     0359                     l1006:
  1926     0359  1FF8               	btfss	___lwmod@divisor+1,7
  1927     035A  2B5C               	goto	u671
  1928     035B  2B5D               	goto	u670
  1929     035C                     u671:
  1930     035C  2B50               	goto	l1002
  1931     035D                     u670:
  1932     035D                     l1008:
  1933     035D  0878               	movf	___lwmod@divisor+1,w
  1934     035E  027A               	subwf	___lwmod@dividend+1,w
  1935     035F  1D03               	skipz
  1936     0360  2B63               	goto	u685
  1937     0361  0877               	movf	___lwmod@divisor,w
  1938     0362  0279               	subwf	___lwmod@dividend,w
  1939     0363                     u685:
  1940     0363  1C03               	skipc
  1941     0364  2B66               	goto	u681
  1942     0365  2B67               	goto	u680
  1943     0366                     u681:
  1944     0366  2B6D               	goto	l1012
  1945     0367                     u680:
  1946     0367                     l1010:
  1947     0367  0877               	movf	___lwmod@divisor,w
  1948     0368  02F9               	subwf	___lwmod@dividend,f
  1949     0369  0878               	movf	___lwmod@divisor+1,w
  1950     036A  1C03               	skipc
  1951     036B  03FA               	decf	___lwmod@dividend+1,f
  1952     036C  02FA               	subwf	___lwmod@dividend+1,f
  1953     036D                     l1012:
  1954     036D  3001               	movlw	1
  1955     036E                     u695:
  1956     036E  1003               	clrc
  1957     036F  0CF8               	rrf	___lwmod@divisor+1,f
  1958     0370  0CF7               	rrf	___lwmod@divisor,f
  1959     0371  3EFF               	addlw	-1
  1960     0372  1D03               	skipz
  1961     0373  2B6E               	goto	u695
  1962     0374                     l1014:
  1963     0374  3001               	movlw	1
  1964     0375  02FB               	subwf	___lwmod@counter,f
  1965     0376  1D03               	btfss	3,2
  1966     0377  2B79               	goto	u701
  1967     0378  2B7A               	goto	u700
  1968     0379                     u701:
  1969     0379  2B5D               	goto	l1008
  1970     037A                     u700:
  1971     037A                     l1016:
  1972     037A  087A               	movf	___lwmod@dividend+1,w
  1973     037B  00F8               	movwf	?___lwmod+1
  1974     037C  0879               	movf	___lwmod@dividend,w
  1975     037D  00F7               	movwf	?___lwmod
  1976     037E                     l476:
  1977     037E  0008               	return
  1978     037F                     __end_of___lwmod:
  1979                           
  1980                           	psect	text7
  1981     037F                     __ptext7:	
  1982 ;; *************** function ___lwdiv *****************
  1983 ;; Defined at:
  1984 ;;		line 5 in file "D:\Program Files\Microchip\xc8\v3.00\pic\sources\c99\common\lwdiv.c"
  1985 ;; Parameters:    Size  Location     Type
  1986 ;;  divisor         2    0[COMMON] unsigned int 
  1987 ;;  dividend        2    2[COMMON] unsigned int 
  1988 ;; Auto vars:     Size  Location     Type
  1989 ;;  quotient        2    4[COMMON] unsigned int 
  1990 ;;  counter         1    6[COMMON] unsigned char 
  1991 ;; Return value:  Size  Location     Type
  1992 ;;                  2    0[COMMON] unsigned int 
  1993 ;; Registers used:
  1994 ;;		wreg, status,2, status,0
  1995 ;; Tracked objects:
  1996 ;;		On entry : 0/0
  1997 ;;		On exit  : 0/0
  1998 ;;		Unchanged: 0/0
  1999 ;; Data sizes:     COMMON   BANK0   BANK1   BANK3   BANK2
  2000 ;;      Params:         4       0       0       0       0
  2001 ;;      Locals:         3       0       0       0       0
  2002 ;;      Temps:          0       0       0       0       0
  2003 ;;      Totals:         7       0       0       0       0
  2004 ;;Total ram usage:        7 bytes
  2005 ;; Hardware stack levels used: 1
  2006 ;; This function calls:
  2007 ;;		Nothing
  2008 ;; This function is called by:
  2009 ;;		_LcdOutput
  2010 ;; This function uses a non-reentrant model
  2011 ;;
  2012                           
  2013     037F                     ___lwdiv:	
  2014                           ;psect for function ___lwdiv
  2015                           
  2016     037F                     l972:	
  2017                           ;incstack = 0
  2018                           ; Regs used in ___lwdiv: [wreg+status,2+status,0]
  2019                           
  2020     037F  01F4               	clrf	___lwdiv@quotient
  2021     0380  01F5               	clrf	___lwdiv@quotient+1
  2022     0381                     l974:
  2023     0381  0870               	movf	___lwdiv@divisor,w
  2024     0382  0471               	iorwf	___lwdiv@divisor+1,w
  2025     0383  1903               	btfsc	3,2
  2026     0384  2B86               	goto	u581
  2027     0385  2B87               	goto	u580
  2028     0386                     u581:
  2029     0386  2BBC               	goto	l994
  2030     0387                     u580:
  2031     0387                     l976:
  2032     0387  3001               	movlw	1
  2033     0388  00F6               	movwf	___lwdiv@counter
  2034     0389  2B93               	goto	l982
  2035     038A                     l978:
  2036     038A  3001               	movlw	1
  2037     038B                     u595:
  2038     038B  1003               	clrc
  2039     038C  0DF0               	rlf	___lwdiv@divisor,f
  2040     038D  0DF1               	rlf	___lwdiv@divisor+1,f
  2041     038E  3EFF               	addlw	-1
  2042     038F  1D03               	skipz
  2043     0390  2B8B               	goto	u595
  2044     0391                     l980:
  2045     0391  3001               	movlw	1
  2046     0392  07F6               	addwf	___lwdiv@counter,f
  2047     0393                     l982:
  2048     0393  1FF1               	btfss	___lwdiv@divisor+1,7
  2049     0394  2B96               	goto	u601
  2050     0395  2B97               	goto	u600
  2051     0396                     u601:
  2052     0396  2B8A               	goto	l978
  2053     0397                     u600:
  2054     0397                     l984:
  2055     0397  3001               	movlw	1
  2056     0398                     u615:
  2057     0398  1003               	clrc
  2058     0399  0DF4               	rlf	___lwdiv@quotient,f
  2059     039A  0DF5               	rlf	___lwdiv@quotient+1,f
  2060     039B  3EFF               	addlw	-1
  2061     039C  1D03               	skipz
  2062     039D  2B98               	goto	u615
  2063     039E  0871               	movf	___lwdiv@divisor+1,w
  2064     039F  0273               	subwf	___lwdiv@dividend+1,w
  2065     03A0  1D03               	skipz
  2066     03A1  2BA4               	goto	u625
  2067     03A2  0870               	movf	___lwdiv@divisor,w
  2068     03A3  0272               	subwf	___lwdiv@dividend,w
  2069     03A4                     u625:
  2070     03A4  1C03               	skipc
  2071     03A5  2BA7               	goto	u621
  2072     03A6  2BA8               	goto	u620
  2073     03A7                     u621:
  2074     03A7  2BAF               	goto	l990
  2075     03A8                     u620:
  2076     03A8                     l986:
  2077     03A8  0870               	movf	___lwdiv@divisor,w
  2078     03A9  02F2               	subwf	___lwdiv@dividend,f
  2079     03AA  0871               	movf	___lwdiv@divisor+1,w
  2080     03AB  1C03               	skipc
  2081     03AC  03F3               	decf	___lwdiv@dividend+1,f
  2082     03AD  02F3               	subwf	___lwdiv@dividend+1,f
  2083     03AE                     l988:
  2084     03AE  1474               	bsf	___lwdiv@quotient,0
  2085     03AF                     l990:
  2086     03AF  3001               	movlw	1
  2087     03B0                     u635:
  2088     03B0  1003               	clrc
  2089     03B1  0CF1               	rrf	___lwdiv@divisor+1,f
  2090     03B2  0CF0               	rrf	___lwdiv@divisor,f
  2091     03B3  3EFF               	addlw	-1
  2092     03B4  1D03               	skipz
  2093     03B5  2BB0               	goto	u635
  2094     03B6                     l992:
  2095     03B6  3001               	movlw	1
  2096     03B7  02F6               	subwf	___lwdiv@counter,f
  2097     03B8  1D03               	btfss	3,2
  2098     03B9  2BBB               	goto	u641
  2099     03BA  2BBC               	goto	u640
  2100     03BB                     u641:
  2101     03BB  2B97               	goto	l984
  2102     03BC                     u640:
  2103     03BC                     l994:
  2104     03BC  0875               	movf	___lwdiv@quotient+1,w
  2105     03BD  00F1               	movwf	?___lwdiv+1
  2106     03BE  0874               	movf	___lwdiv@quotient,w
  2107     03BF  00F0               	movwf	?___lwdiv
  2108     03C0                     l466:
  2109     03C0  0008               	return
  2110     03C1                     __end_of___lwdiv:
  2111                           
  2112                           	psect	text8
  2113     0305                     __ptext8:	
  2114 ;; *************** function _LcdData *****************
  2115 ;; Defined at:
  2116 ;;		line 176 in file "main.c"
  2117 ;; Parameters:    Size  Location     Type
  2118 ;;  i               1    wreg     unsigned char 
  2119 ;; Auto vars:     Size  Location     Type
  2120 ;;  i               1    2[COMMON] unsigned char 
  2121 ;; Return value:  Size  Location     Type
  2122 ;;                  1    wreg      void 
  2123 ;; Registers used:
  2124 ;;		wreg, status,2, status,0
  2125 ;; Tracked objects:
  2126 ;;		On entry : 0/0
  2127 ;;		On exit  : 0/0
  2128 ;;		Unchanged: 0/0
  2129 ;; Data sizes:     COMMON   BANK0   BANK1   BANK3   BANK2
  2130 ;;      Params:         0       0       0       0       0
  2131 ;;      Locals:         1       0       0       0       0
  2132 ;;      Temps:          2       0       0       0       0
  2133 ;;      Totals:         3       0       0       0       0
  2134 ;;Total ram usage:        3 bytes
  2135 ;; Hardware stack levels used: 1
  2136 ;; This function calls:
  2137 ;;		Nothing
  2138 ;; This function is called by:
  2139 ;;		_main
  2140 ;;		_LcdOutput
  2141 ;; This function uses a non-reentrant model
  2142 ;;
  2143                           
  2144     0305                     _LcdData:	
  2145                           ;psect for function _LcdData
  2146                           
  2147                           
  2148                           ;incstack = 0
  2149                           ; Regs used in _LcdData: [wreg+status,2+status,0]
  2150                           ;LcdData@i stored from wreg
  2151     0305  00F2               	movwf	LcdData@i
  2152     0306                     l910:
  2153     0306  1283               	bcf	3,5	;RP0=0, select bank0
  2154     0307  1303               	bcf	3,6	;RP1=0, select bank0
  2155     0308  1587               	bsf	7,3	;volatile
  2156     0309                     l912:
  2157     0309  0872               	movf	LcdData@i,w
  2158     030A  0088               	movwf	8	;volatile
  2159     030B                     l914:
  2160     030B  1407               	bsf	7,0	;volatile
  2161     030C  3041               	movlw	65
  2162     030D  00F1               	movwf	??_LcdData+1
  2163     030E  30EE               	movlw	238
  2164     030F  00F0               	movwf	??_LcdData
  2165     0310                     u897:
  2166     0310  0BF0               	decfsz	??_LcdData,f
  2167     0311  2B10               	goto	u897
  2168     0312  0BF1               	decfsz	??_LcdData+1,f
  2169     0313  2B10               	goto	u897
  2170     0314  0000               	nop
  2171     0315                     l916:
  2172     0315  30FE               	movlw	254
  2173     0316  1283               	bcf	3,5	;RP0=0, select bank0
  2174     0317  1303               	bcf	3,6	;RP1=0, select bank0
  2175     0318  0587               	andwf	7,f	;volatile
  2176     0319                     l97:
  2177     0319  0008               	return
  2178     031A                     __end_of_LcdData:
  2179                           
  2180                           	psect	text9
  2181     0407                     __ptext9:	
  2182 ;; *************** function _LcdInit *****************
  2183 ;; Defined at:
  2184 ;;		line 87 in file "main.c"
  2185 ;; Parameters:    Size  Location     Type
  2186 ;;		None
  2187 ;; Auto vars:     Size  Location     Type
  2188 ;;		None
  2189 ;; Return value:  Size  Location     Type
  2190 ;;                  1    wreg      void 
  2191 ;; Registers used:
  2192 ;;		wreg, status,2, status,0, pclath, cstack
  2193 ;; Tracked objects:
  2194 ;;		On entry : 0/0
  2195 ;;		On exit  : 0/0
  2196 ;;		Unchanged: 0/0
  2197 ;; Data sizes:     COMMON   BANK0   BANK1   BANK3   BANK2
  2198 ;;      Params:         0       0       0       0       0
  2199 ;;      Locals:         0       0       0       0       0
  2200 ;;      Temps:          2       0       0       0       0
  2201 ;;      Totals:         2       0       0       0       0
  2202 ;;Total ram usage:        2 bytes
  2203 ;; Hardware stack levels used: 1
  2204 ;; Hardware stack levels required when called: 1
  2205 ;; This function calls:
  2206 ;;		_LcdCommand
  2207 ;; This function is called by:
  2208 ;;		_main
  2209 ;; This function uses a non-reentrant model
  2210 ;;
  2211                           
  2212     0407                     _LcdInit:	
  2213                           ;psect for function _LcdInit
  2214                           
  2215     0407                     l1020:	
  2216                           ;incstack = 0
  2217                           ; Regs used in _LcdInit: [wreg+status,2+status,0+pclath+cstack]
  2218                           
  2219                           
  2220                           ;main.c: 89: void adcInit(void)
  2221     0407  1683               	bsf	3,5	;RP0=1, select bank1
  2222     0408  1303               	bcf	3,6	;RP1=0, select bank1
  2223     0409  0187               	clrf	7	;volatile
  2224                           
  2225                           ;main.c: 90: {
  2226     040A  0188               	clrf	8	;volatile
  2227                           
  2228                           ;main.c: 91:     TRISA = 0xFF;
  2229     040B  1283               	bcf	3,5	;RP0=0, select bank0
  2230     040C  1303               	bcf	3,6	;RP1=0, select bank0
  2231     040D  0187               	clrf	7	;volatile
  2232                           
  2233                           ;main.c: 92:     ADCON0 = 0x00;
  2234     040E  0188               	clrf	8	;volatile
  2235     040F                     l1022:
  2236                           
  2237                           ;main.c: 95:     _delay((unsigned long)((10)*(2000000/4000.0)));
  2238     040F  3030               	movlw	48
  2239     0410  120A  118A  231A  120A  118A  	fcall	_LcdCommand
  2240     0415                     l1024:
  2241                           
  2242                           ;main.c: 96: }
  2243     0415  3041               	movlw	65
  2244     0416  00F4               	movwf	??_LcdInit+1
  2245     0417  30EE               	movlw	238
  2246     0418  00F3               	movwf	??_LcdInit
  2247     0419                     u907:
  2248     0419  0BF3               	decfsz	??_LcdInit,f
  2249     041A  2C19               	goto	u907
  2250     041B  0BF4               	decfsz	??_LcdInit+1,f
  2251     041C  2C19               	goto	u907
  2252     041D  0000               	nop
  2253     041E                     l1026:
  2254                           
  2255                           ;main.c: 97: 
  2256     041E  3030               	movlw	48
  2257     041F  120A  118A  231A  120A  118A  	fcall	_LcdCommand
  2258     0424                     l1028:
  2259                           
  2260                           ;main.c: 98: 
  2261     0424  3041               	movlw	65
  2262     0425  00F4               	movwf	??_LcdInit+1
  2263     0426  30EE               	movlw	238
  2264     0427  00F3               	movwf	??_LcdInit
  2265     0428                     u917:
  2266     0428  0BF3               	decfsz	??_LcdInit,f
  2267     0429  2C28               	goto	u917
  2268     042A  0BF4               	decfsz	??_LcdInit+1,f
  2269     042B  2C28               	goto	u917
  2270     042C  0000               	nop
  2271     042D                     l1030:
  2272                           
  2273                           ;main.c: 99: void AN1_init(void)
  2274     042D  3030               	movlw	48
  2275     042E  120A  118A  231A  120A  118A  	fcall	_LcdCommand
  2276     0433                     l1032:
  2277                           
  2278                           ;main.c: 100: {
  2279     0433  3041               	movlw	65
  2280     0434  00F4               	movwf	??_LcdInit+1
  2281     0435  30EE               	movlw	238
  2282     0436  00F3               	movwf	??_LcdInit
  2283     0437                     u927:
  2284     0437  0BF3               	decfsz	??_LcdInit,f
  2285     0438  2C37               	goto	u927
  2286     0439  0BF4               	decfsz	??_LcdInit+1,f
  2287     043A  2C37               	goto	u927
  2288     043B  0000               	nop
  2289     043C                     l1034:
  2290                           
  2291                           ;main.c: 101:     ADCON0 &= 0b11000111;
  2292     043C  3038               	movlw	56
  2293     043D  120A  118A  231A  120A  118A  	fcall	_LcdCommand
  2294     0442                     l1036:
  2295                           
  2296                           ;main.c: 102:     ADCON0 |= (1 << 3);
  2297     0442  3041               	movlw	65
  2298     0443  00F4               	movwf	??_LcdInit+1
  2299     0444  30EE               	movlw	238
  2300     0445  00F3               	movwf	??_LcdInit
  2301     0446                     u937:
  2302     0446  0BF3               	decfsz	??_LcdInit,f
  2303     0447  2C46               	goto	u937
  2304     0448  0BF4               	decfsz	??_LcdInit+1,f
  2305     0449  2C46               	goto	u937
  2306     044A  0000               	nop
  2307     044B                     l1038:
  2308                           
  2309                           ;main.c: 103:     _delay((unsigned long)((20)*(2000000/4000000.0)));
  2310     044B  300C               	movlw	12
  2311     044C  120A  118A  231A  120A  118A  	fcall	_LcdCommand
  2312     0451                     l1040:
  2313                           
  2314                           ;main.c: 104: }
  2315     0451  3041               	movlw	65
  2316     0452  00F4               	movwf	??_LcdInit+1
  2317     0453  30EE               	movlw	238
  2318     0454  00F3               	movwf	??_LcdInit
  2319     0455                     u947:
  2320     0455  0BF3               	decfsz	??_LcdInit,f
  2321     0456  2C55               	goto	u947
  2322     0457  0BF4               	decfsz	??_LcdInit+1,f
  2323     0458  2C55               	goto	u947
  2324     0459  0000               	nop
  2325     045A                     l1042:
  2326                           
  2327                           ;main.c: 105: 
  2328     045A  3001               	movlw	1
  2329     045B  120A  118A  231A  120A  118A  	fcall	_LcdCommand
  2330     0460                     l1044:
  2331                           
  2332                           ;main.c: 106: 
  2333     0460  3041               	movlw	65
  2334     0461  00F4               	movwf	??_LcdInit+1
  2335     0462  30EE               	movlw	238
  2336     0463  00F3               	movwf	??_LcdInit
  2337     0464                     u957:
  2338     0464  0BF3               	decfsz	??_LcdInit,f
  2339     0465  2C64               	goto	u957
  2340     0466  0BF4               	decfsz	??_LcdInit+1,f
  2341     0467  2C64               	goto	u957
  2342     0468  0000               	nop
  2343     0469                     l72:
  2344     0469  0008               	return
  2345     046A                     __end_of_LcdInit:
  2346                           
  2347                           	psect	text10
  2348     031A                     __ptext10:	
  2349 ;; *************** function _LcdCommand *****************
  2350 ;; Defined at:
  2351 ;;		line 185 in file "main.c"
  2352 ;; Parameters:    Size  Location     Type
  2353 ;;  i               1    wreg     unsigned char 
  2354 ;; Auto vars:     Size  Location     Type
  2355 ;;  i               1    2[COMMON] unsigned char 
  2356 ;; Return value:  Size  Location     Type
  2357 ;;                  1    wreg      void 
  2358 ;; Registers used:
  2359 ;;		wreg, status,2, status,0
  2360 ;; Tracked objects:
  2361 ;;		On entry : 0/0
  2362 ;;		On exit  : 0/0
  2363 ;;		Unchanged: 0/0
  2364 ;; Data sizes:     COMMON   BANK0   BANK1   BANK3   BANK2
  2365 ;;      Params:         0       0       0       0       0
  2366 ;;      Locals:         1       0       0       0       0
  2367 ;;      Temps:          2       0       0       0       0
  2368 ;;      Totals:         3       0       0       0       0
  2369 ;;Total ram usage:        3 bytes
  2370 ;; Hardware stack levels used: 1
  2371 ;; This function calls:
  2372 ;;		Nothing
  2373 ;; This function is called by:
  2374 ;;		_main
  2375 ;;		_LcdInit
  2376 ;; This function uses a non-reentrant model
  2377 ;;
  2378                           
  2379     031A                     _LcdCommand:	
  2380                           ;psect for function _LcdCommand
  2381                           
  2382                           
  2383                           ;incstack = 0
  2384                           ; Regs used in _LcdCommand: [wreg+status,2+status,0]
  2385                           ;LcdCommand@i stored from wreg
  2386     031A  00F2               	movwf	LcdCommand@i
  2387     031B                     l902:
  2388     031B  30F7               	movlw	247
  2389     031C  1283               	bcf	3,5	;RP0=0, select bank0
  2390     031D  1303               	bcf	3,6	;RP1=0, select bank0
  2391     031E  0587               	andwf	7,f	;volatile
  2392     031F                     l904:
  2393     031F  0872               	movf	LcdCommand@i,w
  2394     0320  0088               	movwf	8	;volatile
  2395     0321                     l906:
  2396     0321  1407               	bsf	7,0	;volatile
  2397     0322                     l908:
  2398     0322  3041               	movlw	65
  2399     0323  00F1               	movwf	??_LcdCommand+1
  2400     0324  30EE               	movlw	238
  2401     0325  00F0               	movwf	??_LcdCommand
  2402     0326                     u967:
  2403     0326  0BF0               	decfsz	??_LcdCommand,f
  2404     0327  2B26               	goto	u967
  2405     0328  0BF1               	decfsz	??_LcdCommand+1,f
  2406     0329  2B26               	goto	u967
  2407     032A  0000               	nop
  2408     032B  30FE               	movlw	254
  2409     032C  1283               	bcf	3,5	;RP0=0, select bank0
  2410     032D  1303               	bcf	3,6	;RP1=0, select bank0
  2411     032E  0587               	andwf	7,f	;volatile
  2412     032F                     l100:
  2413     032F  0008               	return
  2414     0330                     __end_of_LcdCommand:
  2415                           
  2416                           	psect	text11
  2417     02E8                     __ptext11:	
  2418 ;; *************** function _AN4_init *****************
  2419 ;; Defined at:
  2420 ;;		line 128 in file "main.c"
  2421 ;; Parameters:    Size  Location     Type
  2422 ;;		None
  2423 ;; Auto vars:     Size  Location     Type
  2424 ;;		None
  2425 ;; Return value:  Size  Location     Type
  2426 ;;                  1    wreg      void 
  2427 ;; Registers used:
  2428 ;;		wreg, status,2, status,0
  2429 ;; Tracked objects:
  2430 ;;		On entry : 0/0
  2431 ;;		On exit  : 0/0
  2432 ;;		Unchanged: 0/0
  2433 ;; Data sizes:     COMMON   BANK0   BANK1   BANK3   BANK2
  2434 ;;      Params:         0       0       0       0       0
  2435 ;;      Locals:         0       0       0       0       0
  2436 ;;      Temps:          1       0       0       0       0
  2437 ;;      Totals:         1       0       0       0       0
  2438 ;;Total ram usage:        1 bytes
  2439 ;; Hardware stack levels used: 1
  2440 ;; This function calls:
  2441 ;;		Nothing
  2442 ;; This function is called by:
  2443 ;;		_main
  2444 ;; This function uses a non-reentrant model
  2445 ;;
  2446                           
  2447     02E8                     _AN4_init:	
  2448                           ;psect for function _AN4_init
  2449                           
  2450     02E8                     l1086:	
  2451                           ;incstack = 0
  2452                           ; Regs used in _AN4_init: [wreg+status,2+status,0]
  2453                           
  2454                           
  2455                           ;main.c: 130: 
  2456     02E8  30C7               	movlw	199
  2457     02E9  1283               	bcf	3,5	;RP0=0, select bank0
  2458     02EA  1303               	bcf	3,6	;RP1=0, select bank0
  2459     02EB  059F               	andwf	31,f	;volatile
  2460     02EC                     l1088:
  2461                           
  2462                           ;main.c: 131:     if(i < 10){
  2463     02EC  169F               	bsf	31,5	;volatile
  2464     02ED                     l1090:
  2465                           
  2466                           ;main.c: 132:         LcdData(0x20);
  2467     02ED  3003               	movlw	3
  2468     02EE  00F0               	movwf	??_AN4_init
  2469     02EF                     u977:
  2470     02EF  0BF0               	decfsz	??_AN4_init,f
  2471     02F0  2AEF               	goto	u977
  2472     02F1                     l81:
  2473     02F1  0008               	return
  2474     02F2                     __end_of_AN4_init:
  2475                           
  2476                           	psect	text12
  2477     02DE                     __ptext12:	
  2478 ;; *************** function _AN1_init *****************
  2479 ;; Defined at:
  2480 ;;		line 120 in file "main.c"
  2481 ;; Parameters:    Size  Location     Type
  2482 ;;		None
  2483 ;; Auto vars:     Size  Location     Type
  2484 ;;		None
  2485 ;; Return value:  Size  Location     Type
  2486 ;;                  1    wreg      void 
  2487 ;; Registers used:
  2488 ;;		wreg, status,2, status,0
  2489 ;; Tracked objects:
  2490 ;;		On entry : 0/0
  2491 ;;		On exit  : 0/0
  2492 ;;		Unchanged: 0/0
  2493 ;; Data sizes:     COMMON   BANK0   BANK1   BANK3   BANK2
  2494 ;;      Params:         0       0       0       0       0
  2495 ;;      Locals:         0       0       0       0       0
  2496 ;;      Temps:          1       0       0       0       0
  2497 ;;      Totals:         1       0       0       0       0
  2498 ;;Total ram usage:        1 bytes
  2499 ;; Hardware stack levels used: 1
  2500 ;; This function calls:
  2501 ;;		Nothing
  2502 ;; This function is called by:
  2503 ;;		_main
  2504 ;; This function uses a non-reentrant model
  2505 ;;
  2506                           
  2507     02DE                     _AN1_init:	
  2508                           ;psect for function _AN1_init
  2509                           
  2510     02DE                     l1056:	
  2511                           ;incstack = 0
  2512                           ; Regs used in _AN1_init: [wreg+status,2+status,0]
  2513                           
  2514                           
  2515                           ;main.c: 122:     uint8_t d_0, d_1, d_2, d_3;
  2516     02DE  30C7               	movlw	199
  2517     02DF  1283               	bcf	3,5	;RP0=0, select bank0
  2518     02E0  1303               	bcf	3,6	;RP1=0, select bank0
  2519     02E1  059F               	andwf	31,f	;volatile
  2520     02E2                     l1058:
  2521                           
  2522                           ;main.c: 123: 
  2523     02E2  159F               	bsf	31,3	;volatile
  2524     02E3                     l1060:
  2525                           
  2526                           ;main.c: 124:     if(i > 1023) i = 1023;
  2527     02E3  3003               	movlw	3
  2528     02E4  00F0               	movwf	??_AN1_init
  2529     02E5                     u987:
  2530     02E5  0BF0               	decfsz	??_AN1_init,f
  2531     02E6  2AE5               	goto	u987
  2532     02E7                     l78:
  2533     02E7  0008               	return
  2534     02E8                     __end_of_AN1_init:
  2535     0002                     ___latbits      equ	2
  2536     007E                     btemp           set	126	;btemp
  2537     007E                     wtemp0          set	126
  2538                           
  2539                           	psect	config
  2540                           
  2541                           ;Config register CONFIG @ 0x2007
  2542                           ;	Oscillator Selection bits
  2543                           ;	FOSC = HS, HS oscillator
  2544                           ;	Watchdog Timer Enable bit
  2545                           ;	WDTE = OFF, WDT disabled
  2546                           ;	Power-up Timer Enable bit
  2547                           ;	PWRTE = OFF, PWRT disabled
  2548                           ;	Brown-out Reset Enable bit
  2549                           ;	BOREN = OFF, BOR disabled
  2550                           ;	Low-Voltage (Single-Supply) In-Circuit Serial Programming Enable bit
  2551                           ;	LVP = ON, RB3/PGM pin has PGM function; low-voltage programming enabled
  2552                           ;	Data EEPROM Memory Code Protection bit
  2553                           ;	CPD = OFF, Data EEPROM code protection off
  2554                           ;	Flash Program Memory Write Enable bits
  2555                           ;	WRT = OFF, Write protection off; all program memory may be written to by EECON control
  2556                           ;	In-Circuit Debugger Mode bit
  2557                           ;	DEBUG = 0x1, unprogrammed default
  2558                           ;	Flash Program Memory Code Protection bit
  2559                           ;	CP = OFF, Code protection off
  2560     2007                     	org	8199
  2561     2007  3FBA               	dw	16314

Data Sizes:
    Strings     0
    Constant    0
    Data        8
    BSS         8
    Persistent  0
    Stack       0

Auto Spaces:
    Space          Size  Autos    Used
    COMMON           14     14      14
    BANK0            80     52      68
    BANK1            80      0       0
    BANK3            96      0       0
    BANK2            96      0       0

Pointer List with Targets:

    None.

Critical Paths under _main in COMMON

    _main->_LcdOutput
    _map->___aldiv
    ___aldiv->___lmul
    _LcdOutput->___lwmod
    ___lwmod->___lwdiv
    _LcdInit->_LcdCommand

Critical Paths under _main in BANK0

    _main->_map
    _map->___aldiv

Critical Paths under _main in BANK1

    None.

Critical Paths under _main in BANK3

    None.

Critical Paths under _main in BANK2

    None.

Call Graph Tables:

 ---------------------------------------------------------------------------------
 (Depth) Function   	        Calls       Base Space   Used Autos Params    Refs
 ---------------------------------------------------------------------------------
 (0) _main                                                 6     6      0    1545
                                             46 BANK0      6     6      0
                           _AN1_init
                           _AN4_init
                         _LcdCommand
                            _LcdData
                            _LcdInit
                          _LcdOutput
                            _adcInit
                                _map
 ---------------------------------------------------------------------------------
 (1) _map                                                 32    12     20     555
                                             14 BANK0     32    12     20
                            ___aldiv
                             ___lmul
 ---------------------------------------------------------------------------------
 (2) ___lmul                                              13     5      8      94
                                              0 COMMON    13     5      8
 ---------------------------------------------------------------------------------
 (2) ___aldiv                                             15     7      8     302
                                             13 COMMON     1     1      0
                                              0 BANK0     14     6      8
                             ___lmul (ARG)
 ---------------------------------------------------------------------------------
 (1) _adcInit                                              2     2      0       0
                                              0 COMMON     2     2      0
 ---------------------------------------------------------------------------------
 (1) _LcdOutput                                            6     4      2     767
                                             12 COMMON     2     0      2
                                              0 BANK0      4     4      0
                            _LcdData
                            ___lwdiv
                            ___lwmod
 ---------------------------------------------------------------------------------
 (2) ___lwmod                                              5     1      4     167
                                              7 COMMON     5     1      4
                            ___lwdiv (ARG)
 ---------------------------------------------------------------------------------
 (2) ___lwdiv                                              7     3      4     168
                                              0 COMMON     7     3      4
 ---------------------------------------------------------------------------------
 (2) _LcdData                                              3     3      0      29
                                              0 COMMON     3     3      0
 ---------------------------------------------------------------------------------
 (1) _LcdInit                                              2     2      0      29
                                              3 COMMON     2     2      0
                         _LcdCommand
 ---------------------------------------------------------------------------------
 (2) _LcdCommand                                           3     3      0      29
                                              0 COMMON     3     3      0
 ---------------------------------------------------------------------------------
 (1) _AN4_init                                             1     1      0       0
                                              0 COMMON     1     1      0
 ---------------------------------------------------------------------------------
 (1) _AN1_init                                             1     1      0       0
                                              0 COMMON     1     1      0
 ---------------------------------------------------------------------------------
 Estimated maximum stack depth 2
 ---------------------------------------------------------------------------------

 Call Graph Graphs:

 _main (ROOT)
   _AN1_init
   _AN4_init
   _LcdCommand
   _LcdData
   _LcdInit
     _LcdCommand
   _LcdOutput
     _LcdData
     ___lwdiv
     ___lwmod
       ___lwdiv (ARG)
   _adcInit
   _map
     ___aldiv
       ___lmul (ARG)
     ___lmul

Address spaces:
Name               Size   Autos  Total    Usage
BANK3               96      0       0      0.0%
BITBANK3            96      0       0      0.0%
BANK2               96      0       0      0.0%
BITBANK2            96      0       0      0.0%
BANK1               80      0       0      0.0%
BITBANK1            80      0       0      0.0%
BANK0               80     52      68     85.0%
BITBANK0            80      0       0      0.0%
COMMON              14     14      14    100.0%
BITCOMMON           14      0       0      0.0%
DATA                 0      0      82      0.0%
STACK                0      0       0      0.0%


Microchip Technology PIC Macro Assembler V3.00 build 20241204225717 
Symbol Table                                                                                   Sat May 03 22:55:30 2025

                      pc 0002                       l63 0774                       l72 0469  
                     l81 02F1                       l58 0712                       l75 0346  
                     l84 04F6                       l78 02E7                       l94 06A2  
                     l97 0319                       fsr 0004                      l100 032F  
                    l200 0406                      l251 050B                      l261 058F  
                    _CH1 0060                      _CH4 005C                      l466 03C0  
                    l476 037E                      l902 031B                      l910 0306  
                    l904 031F                      l912 0309                      l920 03C9  
                    l906 0321                      l914 030B                      l922 03CD  
                    l908 0322                      l916 0315                      l940 051A  
                    l932 04F7                      l924 03E4                      l950 053A  
                    l942 051C                      l934 04FA                      l926 03ED  
                    l918 03C1                      l960 0568                      l952 053E  
                    l944 0524                      l936 04FE                      l928 03FE  
                    l962 0571                      l954 0547                      l946 052C  
                    l938 050F                      l980 0391                      l972 037F  
                    l956 0559                      l948 052F                      l964 0577  
                    l990 03AF                      l982 0393                      l974 0381  
                    l966 057C                      l958 0567                      l992 03B6  
                    l984 0397                      l976 0387                      l968 0587  
                    l986 03A8                      l978 038A                      l994 03BC  
                    l988 03AE                      l998 0347                      u500 052C  
                    u501 052B                      u430 03CD                      u431 03CC  
                    u600 0397                      u520 053E                      u601 0396  
                    u521 053D                      u441 03D6                      u442 03DD  
                    u515 0531                      u443 03E4                      u620 03A8  
                    u700 037A                      u540 0559                      u621 03A7  
                    u701 0379                      u541 0558                      u710 0599  
                    u470 03FE                      u615 0398                      u711 0598  
                    u535 0540                      u471 03FD                      u455 03E6  
                    u640 03BC                      u720 0611                      u560 0577  
                    u480 04FE                      u800 0716                      u641 03BB  
                    u625 03A4                      u721 0610                      u561 0576  
                    u545 0555                      u481 04FD                      u465 03EE  
                    u801 0715                      u650 034D                      u730 0636  
                    u570 057C                      u490 050F                      u810 073A  
                    u635 03B0                      u651 034C                      u731 0635  
                    u571 057B                      u555 0569                      u491 050E  
                    u811 0739                      u580 0387                      u740 065E  
                    u820 0745                      u581 0386                      u741 065D  
                    u821 0744                      u670 035D                      u830 0778  
                    u671 035C                      u751 047B                      u831 0777  
                    u680 0367                      u752 047C                      u840 07CD  
                    u681 0366                      u665 0351                      u761 049F  
                    u753 0481                      u841 07CC                      u762 04A0  
                    u754 0482                      u907 0419                      u595 038B  
                    u771 04C3                      u763 04A5                      u755 0487  
                    u772 04C4                      u764 04A6                      u756 0488  
                    u780 06D8                      u917 0428                      u685 0363  
                    u773 04C9                      u765 04AB                      u781 06D7  
                    u774 04CA                      u766 04AC                      u790 0703  
                    u927 0437                      u695 036E                      u775 04CF  
                    u791 0702                      u776 04D0                      u937 0446  
                    u857 070C                      u785 06D4                      u947 0455  
                    u867 0760                      u795 06FF                      u957 0464  
                    u877 076E                      u967 0326                      u887 0342  
                    u977 02EF                      u897 0310                      u987 02E5  
                    _map 046A                      fsr0 0004                      indf 0000  
                   l1000 034D                     l1010 0367                     l1002 0350  
                   l1020 0407                     l1012 036D                     l1004 0357  
                   l1030 042D                     l1022 040F                     l1014 0374  
                   l1006 0359                     l1110 06D8                     l1040 0451  
                   l1032 0433                     l1024 0415                     l1008 035D  
                   l1016 037A                     l1120 06EE                     l1112 06DE  
                   l1104 06B7                     l1042 045A                     l1034 043C  
                   l1026 041E                     l1050 0337                     l1130 0716  
                   l1122 06F6                     l1106 06C3                     l1060 02E3  
                   l1044 0460                     l1036 0442                     l1028 0424  
                   l1052 033B                     l1140 074F                     l1132 073A  
                   l1124 0703                     l1108 06CB                     l1038 044B  
                   l1070 05CC                     l1062 0590                     l1054 033E  
                   l1046 0330                     l1150 0793                     l1142 0765  
                   l1134 073C                     l1126 0708                     l1118 06E2  
                   l1056 02DE                     l1080 0655                     l1072 05EA  
                   l1064 0599                     l1048 0334                     l1152 07C4  
                   l1144 076A                     l1136 0745                     l1128 070F  
                   l1058 02E2                     l1090 02ED                     l1082 065E  
                   l1074 0611                     l1066 059D                     l1154 07CD  
                   l1146 0771                     l1138 0749                     l1084 0680  
                   l1076 062D                     l1068 05AE                     l1092 046A  
                   l1156 07D1                     l1148 0778                     l1086 02E8  
                   l1078 0636                     l1158 07D7                     l1088 02EC  
                   l1096 06A3                     l1098 06B3                     ?_map 002E  
                   _main 06A3                     map@x 002E                     btemp 007E  
                   start 0000         __end_of_AN1_init 02E8          __end_of_LcdData 031A  
       __end_of_AN4_init 02F2          __end_of_LcdInit 046A               _LcdCommand 031A  
                  ??_map 0042          __end_of___aldiv 0590                    ?_main 0070  
        __end_of_adcInit 0347          __end_of___lwdiv 03C1          __end_of___lwmod 037F  
                  _PORTC 0007                    _PORTD 0008                    _TRISA 0085  
                  _TRISC 0087                    _TRISD 0088      ___lmul@multiplicand 0074  
                  main@i 0050                    pclath 000A                    status 0003  
                  wtemp0 007E          __initialization 07E6             __end_of_main 07E6  
                 ??_main 004E                   _ADCON0 001F                   _ADCON1 009F  
                 _ADRESH 001E                   _ADRESL 009E                ??_LcdData 0070  
              ??_LcdInit 0073              ?_LcdCommand 0070                   _adcLow 0058  
                 ___lmul 03C1                ??___aldiv 007D                ??_adcInit 0070  
              ??___lwdiv 0074                ??___lwmod 007B                ?_AN1_init 0070  
              ?_AN4_init 0070  __end_of__initialization 07FC        __end_of_LcdOutput 06A3  
         __pcstackCOMMON 0070             __pidataBANK0 02D6               ??_AN1_init 0070  
             ??_AN4_init 0070               __pbssBANK0 0054               __pmaintext 06A3  
                ?___lmul 0070           ___lmul@product 0079                  _LcdData 0305  
                _LcdInit 0407                  ___aldiv 04F7                  _adcHigh 005A  
                _adcInit 0330                  _adcVolt 0054                  ___lwdiv 037F  
                ___lwmod 0347                  __ptext1 046A                  __ptext2 03C1  
                __ptext3 04F7                  __ptext4 0330                  __ptext5 0590  
                __ptext6 0347                  __ptext7 037F                  __ptext8 0305  
                __ptext9 0407         ___aldiv@dividend 0024     end_of_initialization 07FC  
           ??_LcdCommand 0070         ___aldiv@quotient 002A       __end_of_LcdCommand 0330  
             map@out_max 003E               map@out_min 003A                _LcdOutput 0590  
         __end_of___lmul 0407      start_initialization 07E6              __end_of_map 04F7  
               ??___lmul 0078               init_fetch0 02F2               ?_LcdOutput 007C  
            __pdataBANK0 005C                ___latbits 0002            __pcstackBANK0 0020  
               ?_LcdData 0070                 ?_LcdInit 0070         ___lwdiv@dividend 0072  
               ?___aldiv 0020                 ?_adcInit 0070                 ?___lwdiv 0070  
               ?___lwmod 0077                 _AN1_init 02DE                 _AN4_init 02E8  
       ___lwdiv@quotient 0074          ___aldiv@divisor 0020          ___aldiv@counter 0028  
               LcdData@i 0072              ??_LcdOutput 007E                map@in_max 0036  
              map@in_min 0032          _calibratedValue 0056        ___lmul@multiplier 0070  
           LcdOutput@d_0 0023             LcdOutput@d_1 0022             LcdOutput@d_2 0021  
           LcdOutput@d_3 0020          ___lwdiv@divisor 0070          ___lwdiv@counter 0076  
               __ptext10 031A                 __ptext11 02E8                 __ptext12 02DE  
            LcdCommand@i 0072                 main@i_89 0052                 init_ram0 02F6  
       ___lwmod@dividend 0079               LcdOutput@i 007C          ___lwmod@divisor 0077  
        ___lwmod@counter 007B             ___aldiv@sign 0029  
